[{"model": "contenttypes.contenttype", "fields": {"app_label": "admin", "model": "logentry"}}, {"model": "contenttypes.contenttype", "fields": {"app_label": "auth", "model": "permission"}}, {"model": "contenttypes.contenttype", "fields": {"app_label": "auth", "model": "group"}}, {"model": "contenttypes.contenttype", "fields": {"app_label": "contenttypes", "model": "contenttype"}}, {"model": "contenttypes.contenttype", "fields": {"app_label": "sessions", "model": "session"}}, {"model": "contenttypes.contenttype", "fields": {"app_label": "account", "model": "customuser"}}, {"model": "contenttypes.contenttype", "fields": {"app_label": "account", "model": "beforeuniversity"}}, {"model": "contenttypes.contenttype", "fields": {"app_label": "account", "model": "chapter"}}, {"model": "contenttypes.contenttype", "fields": {"app_label": "account", "model": "course"}}, {"model": "contenttypes.contenttype", "fields": {"app_label": "account", "model": "dataknowledgegeneral"}}, {"model": "contenttypes.contenttype", "fields": {"app_label": "account", "model": "file"}}, {"model": "contenttypes.contenttype", "fields": {"app_label": "account", "model": "groupstudent"}}, {"model": "contenttypes.contenttype", "fields": {"app_label": "account", "model": "project"}}, {"model": "contenttypes.contenttype", "fields": {"app_label": "account", "model": "student"}}, {"model": "contenttypes.contenttype", "fields": {"app_label": "account", "model": "taskgroup"}}, {"model": "contenttypes.contenttype", "fields": {"app_label": "account", "model": "testtask"}}, {"model": "contenttypes.contenttype", "fields": {"app_label": "account", "model": "undersection"}}, {"model": "contenttypes.contenttype", "fields": {"app_label": "account", "model": "university"}}, {"model": "contenttypes.contenttype", "fields": {"app_label": "account", "model": "userinterestsfirst"}}, {"model": "contenttypes.contenttype", "fields": {"app_label": "account", "model": "userinterestssecond"}}, {"model": "contenttypes.contenttype", "fields": {"app_label": "account", "model": "userintereststhird"}}, {"model": "contenttypes.contenttype", "fields": {"app_label": "account", "model": "taskstudent"}}, {"model": "contenttypes.contenttype", "fields": {"app_label": "account", "model": "taskstatusstudent"}}, {"model": "contenttypes.contenttype", "fields": {"app_label": "account", "model": "taskstatusgroup"}}, {"model": "contenttypes.contenttype", "fields": {"app_label": "account", "model": "studentportfolio"}}, {"model": "contenttypes.contenttype", "fields": {"app_label": "account", "model": "studentcv"}}, {"model": "contenttypes.contenttype", "fields": {"app_label": "account", "model": "student_projects"}}, {"model": "contenttypes.contenttype", "fields": {"app_label": "account", "model": "projectdataknowledge"}}, {"model": "contenttypes.contenttype", "fields": {"app_label": "account", "model": "orders"}}, {"model": "contenttypes.contenttype", "fields": {"app_label": "account", "model": "mailing"}}, {"model": "contenttypes.contenttype", "fields": {"app_label": "account", "model": "dataknowledgefree"}}, {"model": "contenttypes.contenttype", "fields": {"app_label": "account", "model": "dataknowledge"}}, {"model": "contenttypes.contenttype", "fields": {"app_label": "account", "model": "comment"}}, {"model": "contenttypes.contenttype", "fields": {"app_label": "account", "model": "answertesttask"}}, {"model": "contenttypes.contenttype", "fields": {"app_label": "account", "model": "answersstudent"}}, {"model": "contenttypes.contenttype", "fields": {"app_label": "account", "model": "answergroup"}}, {"model": "contenttypes.contenttype", "fields": {"app_label": "account", "model": "testtaskevaluation"}}, {"model": "contenttypes.contenttype", "fields": {"app_label": "account", "model": "subscription"}}, {"model": "contenttypes.contenttype", "fields": {"app_label": "account", "model": "projectinvitation"}}, {"model": "contenttypes.contenttype", "fields": {"app_label": "account", "model": "taskstudentdataknowledge"}}, {"model": "contenttypes.contenttype", "fields": {"app_label": "account", "model": "studentinvitation"}}, {"model": "sessions.session", "pk": "0419d6u59l9fb16barz1qiga92fpw35q", "fields": {"session_data": ".eJxVjEEOgjAQRe_StWmY6RRGl-45QzNtp4IaSCisjHdXEha6_e-9_zJBtnUIW9UljNlcTGtOv1uU9NBpB_ku0222aZ7WZYx2V-xBq-3nrM_r4f4dDFKHb-1b9pAAxJ2VyLUNAqYGmJw4EvEMkImlQ2YssXhhzdqhFpKE1BXz_gCt6Dc5:1sJtI2:_fH8Ww32FnTyxwFMJGzLJU4yGN6jggrjzjLF79S0jWA", "expire_date": "2024-07-03T11:15:46.009Z"}}, {"model": "sessions.session", "pk": "0xltey4mwfz2m1tngyie5uj3vm37v46z", "fields": {"session_data": ".eJxVjM0KwjAQhN8lZwn5Md3Eo3efIewmW1OVFJr2JL67KfSgMDAw38y8RcRtLXFrvMQpi4sI4vSbEaYn1x3kB9b7LNNc12UiuVfkQZu8zZlf16P7d1Cwlb72HqxDHQBG64Cd5hGMVnrQNrkzK5MUDt1TAEtAXZ2TpZTRswEtPl--tDd0:1sRqTl:eZZFuc5TlVGhCKW61I2vHNB8M7ccDKOGOcxIMqvbSA4", "expire_date": "2024-07-25T09:52:45.417Z"}}, {"model": "sessions.session", "pk": "1v449s7sw7fwa9lcrt9redp94vyk0fvs", "fields": {"session_data": ".eJxVjEEOwiAQRe_C2hBmClRcuvcMzQyDUjWQlHZlvLuSdKHb_977LzXRtuZpa2mZZlEnBerwuzHFRyodyJ3KrepYy7rMrLuid9r0pUp6nnf37yBTy9_aApjRj3BFR0dr2DAKeBoQkTm6GAyhAYsYBmGLkSAlL1GCT65j9f4At_g3dg:1rwf9v:7ATbif3VA3m4W5m1Vc8uIBpt6OBeoKRrXh2MUqfbPWw", "expire_date": "2024-04-30T09:31:23.747Z"}}, {"model": "sessions.session", "pk": "2g8nrnk4w4ci22ni3joeuic0ukve5nta", "fields": {"session_data": ".eJxVjEsOAiEQBe_C2hAYEBqX7ucMhKYbGTWQzGdlvLtOMgvdvqp6LxHTtta4LTzHicRFgDj9bpjyg9sO6J7arcvc2zpPKHdFHnSRYyd-Xg_376CmpX5rhAQQXDZhIJ1LQDCsfUHliwOkYBzZNPAQmBwxKg02GAP67LyyBVi8P_B0N84:1sR713:bz_aDjXZvESSeIaOpIgorUhgCV8QQTUqoc76iIyt-Z4", "expire_date": "2024-07-23T09:20:05.643Z"}}, {"model": "sessions.session", "pk": "2yyha0kzfjbkh1g53vf99yqjmt0uzq06", "fields": {"session_data": ".eJxVjEsOAiEQBe_C2hAYEBqX7ucMhKYbGTWQzGdlvLtOMgvdvqp6LxHTtta4LTzHicRFgDj9bpjyg9sO6J7arcvc2zpPKHdFHnSRYyd-Xg_376CmpX5rhAQQXDZhIJ1LQDCsfUHliwOkYBzZNPAQmBwxKg02GAP67LyyBVi8P_B0N84:1sJvkU:c-enQWbPrs5574pE2e-Ppi_P7guh06p5TVf5Mf5fSqc", "expire_date": "2024-07-03T13:53:18.546Z"}}, {"model": "sessions.session", "pk": "4108p5mmyx3qpacxvmzwxsmjq0l6riwc", "fields": {"session_data": ".eJxVjEEOwiAQRe_C2hBmClRcuvcMzQyDUjWQlHZlvLuSdKHb_977LzXRtuZpa2mZZlEnBerwuzHFRyodyJ3KrepYy7rMrLuid9r0pUp6nnf37yBTy9_aApjRj3BFR0dr2DAKeBoQkTm6GAyhAYsYBmGLkSAlL1GCT65j9f4At_g3dg:1s1Qvy:t_GQNB_v-1JOeGtBhqTolChVNwpVUryj_4xP_4exJUQ", "expire_date": "2024-05-13T13:20:42.323Z"}}, {"model": "sessions.session", "pk": "4bwa5c7yu8bka7bmhy5iks43qhkaw7l6", "fields": {"session_data": ".eJxVjEEOgjAQRe_StWmY6RRGl-45QzNtp4IaSCisjHdXEha6_e-9_zJBtnUIW9UljNlcTGtOv1uU9NBpB_ku0222aZ7WZYx2V-xBq-3nrM_r4f4dDFKHb-1b9pAAxJ2VyLUNAqYGmJw4EvEMkImlQ2YssXhhzdqhFpKE1BXz_gCt6Dc5:1sHnLE:WBxd07voy7c2de72F4Y-Rk_5fZrfwgllfsKeuXuvMgg", "expire_date": "2024-06-27T16:30:24.682Z"}}, {"model": "sessions.session", "pk": "4e2jq3d77hez9et79oh813rqgt72mm2a", "fields": {"session_data": ".eJxVjM0KwjAQhN8lZwn5Md3Eo3efIewmW1OVFJr2JL67KfSgMDAw38y8RcRtLXFrvMQpi4sI4vSbEaYn1x3kB9b7LNNc12UiuVfkQZu8zZlf16P7d1Cwlb72HqxDHQBG64Cd5hGMVnrQNrkzK5MUDt1TAEtAXZ2TpZTRswEtPl--tDd0:1seFR9:7Mez2TpmfoDz6uCqUZIX3PtecKSnugsYhLP0L9EPH2c", "expire_date": "2024-08-28T14:57:19.487Z"}}, {"model": "sessions.session", "pk": "4vzj9jy6hei9gaqqhla2jscrmivnqq7q", "fields": {"session_data": ".eJxVjEEOwiAQRe_C2hBmClRcuvcMzQyDUjWQlHZlvLuSdKHb_977LzXRtuZpa2mZZlEnBerwuzHFRyodyJ3KrepYy7rMrLuid9r0pUp6nnf37yBTy9_aApjRj3BFR0dr2DAKeBoQkTm6GAyhAYsYBmGLkSAlL1GCT65j9f4At_g3dg:1rwLPX:gccHf222Qoy8o3xfgqsNafendDF2FBAKFUqd2g_JOdM", "expire_date": "2024-04-29T12:26:11.818Z"}}, {"model": "sessions.session", "pk": "5bavmafibm8jjuvylablxy1dx4d4upt3", "fields": {"session_data": ".eJxVjEEOwiAQRe_C2hBmClRcuvcMzQyDUjWQlHZlvLuSdKHb_977LzXRtuZpa2mZZlEnBerwuzHFRyodyJ3KrepYy7rMrLuid9r0pUp6nnf37yBTy9_aApjRj3BFR0dr2DAKeBoQkTm6GAyhAYsYBmGLkSAlL1GCT65j9f4At_g3dg:1rwgCX:bQJ7CF8N9E7MXuVdMpdO090AiOq9LQcdMZKMf8bh6bI", "expire_date": "2024-04-30T10:38:09.774Z"}}, {"model": "sessions.session", "pk": "5ozj78uypjwo3ioohhr26wll043iczw8", "fields": {"session_data": ".eJxVjEEOwiAQRe_C2hBmClRcuvcMzQyDUjWQlHZlvLuSdKHb_977LzXRtuZpa2mZZlEnBerwuzHFRyodyJ3KrepYy7rMrLuid9r0pUp6nnf37yBTy9_aApjRj3BFR0dr2DAKeBoQkTm6GAyhAYsYBmGLkSAlL1GCT65j9f4At_g3dg:1rwfqY:de7PQptojT0PBzjvCK4DT92dP87MRYi2u1pIdgHsvHM", "expire_date": "2024-04-30T10:15:26.447Z"}}, {"model": "sessions.session", "pk": "5qcjff447rfkecxmgyd1qlcs4q6rcqo4", "fields": {"session_data": ".eJxVjEEOwiAQRe_C2hBmClRcuvcMzQyDUjWQlHZlvLuSdKHb_977LzXRtuZpa2mZZlEnBerwuzHFRyodyJ3KrepYy7rMrLuid9r0pUp6nnf37yBTy9_aApjRj3BFR0dr2DAKeBoQkTm6GAyhAYsYBmGLkSAlL1GCT65j9f4At_g3dg:1sC39N:hxDVazL85bbPHZS7Bnts62pj4OqkI68plC9jbHyZmTA", "expire_date": "2024-06-11T20:10:25.107Z"}}, {"model": "sessions.session", "pk": "6j002b84lcjm8erv6eqzu6mqvxos5f9f", "fields": {"session_data": ".eJxVjEEOwiAQRe_C2hBmClRcuvcMzQyDUjWQlHZlvLuSdKHb_977LzXRtuZpa2mZZlEnBerwuzHFRyodyJ3KrepYy7rMrLuid9r0pUp6nnf37yBTy9_aApjRj3BFR0dr2DAKeBoQkTm6GAyhAYsYBmGLkSAlL1GCT65j9f4At_g3dg:1sCchr:h8CmPNv0FmCwpCGuepVcix2xenEKJ6J2vA5sno6yq-k", "expire_date": "2024-06-13T10:08:23.101Z"}}, {"model": "sessions.session", "pk": "6mp2jkw847wwl90f92wstib43i1vwias", "fields": {"session_data": ".eJxVjEEOwiAQRe_C2hBmClRcuvcMzQyDUjWQlHZlvLuSdKHb_977LzXRtuZpa2mZZlEnBerwuzHFRyodyJ3KrepYy7rMrLuid9r0pUp6nnf37yBTy9_aApjRj3BFR0dr2DAKeBoQkTm6GAyhAYsYBmGLkSAlL1GCT65j9f4At_g3dg:1s6xKS:tkzeCHxltNPuCAaCtkfHSjfkaVKiJqPUhpsatv2iim0", "expire_date": "2024-05-28T18:56:48.288Z"}}, {"model": "sessions.session", "pk": "77m2spfmjq230gszeyx8cyfgl85ayaxl", "fields": {"session_data": ".eJxVjEEOwiAURO_C2hD4gIBL956B8D8gVQNJaVfGu9smXegs572ZNwtxXWpYR57DlNiFWXb67TDSM7cdpEds986pt2WekO8KP-jgt57y63q4fwc1jrqtnU-2RDLZGompOBQEOhlhwfuoEYT3UAooJFEon7N0W3RR6FEZAsk-X_eJOBg:1sX101:FJ_DQzFFZ2wY9lbdPrc9DXftC6RF61uO2wVNVwzSxls", "expire_date": "2024-08-08T16:07:25.462Z"}}, {"model": "sessions.session", "pk": "8en37pgohvf3tinsm76ya5uhfpdyml21", "fields": {"session_data": ".eJxVjEEOwiAQRe_C2hBmClRcuvcMzQyDUjWQlHZlvLuSdKHb_977LzXRtuZpa2mZZlEnBerwuzHFRyodyJ3KrepYy7rMrLuid9r0pUp6nnf37yBTy9_aApjRj3BFR0dr2DAKeBoQkTm6GAyhAYsYBmGLkSAlL1GCT65j9f4At_g3dg:1rwPov:rIZtTqSAmmXF_ttHZJSuC2_V9fFjzfXCu7IPOsl-UO4", "expire_date": "2024-04-29T17:08:41.106Z"}}, {"model": "sessions.session", "pk": "994ifu1ropnvnifptsc964dqvtb72nwh", "fields": {"session_data": ".eJxVjEEOwiAQRe_C2hBmClRcuvcMzQyDUjWQlHZlvLuSdKHb_977LzXRtuZpa2mZZlEnBerwuzHFRyodyJ3KrepYy7rMrLuid9r0pUp6nnf37yBTy9_aApjRj3BFR0dr2DAKeBoQkTm6GAyhAYsYBmGLkSAlL1GCT65j9f4At_g3dg:1s1qsY:SFunPm9XKoAm8dX9QVB2UBv4jnN_mCLY0HyAVt2S2Lc", "expire_date": "2024-05-14T17:02:54.030Z"}}, {"model": "sessions.session", "pk": "9iwd9v1gmwgpargkb89qfd6dxwejgtvs", "fields": {"session_data": ".eJxVjEEOwiAQRe_C2hBmClRcuvcMzQyDUjWQlHZlvLuSdKHb_977LzXRtuZpa2mZZlEnBerwuzHFRyodyJ3KrepYy7rMrLuid9r0pUp6nnf37yBTy9_aApjRj3BFR0dr2DAKeBoQkTm6GAyhAYsYBmGLkSAlL1GCT65j9f4At_g3dg:1sTOOn:8oab4IuUkwwsQrF7o_wn7nsRx3wssG80sH2FH3ebv8U", "expire_date": "2024-07-29T16:18:01.251Z"}}, {"model": "sessions.session", "pk": "9uy3sfy040ceelhsgrx1u9ww73wvpn1q", "fields": {"session_data": ".eJxVjEEOwiAQRe_C2hBmClRcuvcMzQyDUjWQlHZlvLuSdKHb_977LzXRtuZpa2mZZlEnBerwuzHFRyodyJ3KrepYy7rMrLuid9r0pUp6nnf37yBTy9_aApjRj3BFR0dr2DAKeBoQkTm6GAyhAYsYBmGLkSAlL1GCT65j9f4At_g3dg:1sZ6xM:BO0dSKa90mxU6TPSgysSigJ3M9Eflc1CQxWW7O8HsOs", "expire_date": "2024-08-14T10:53:20.987Z"}}, {"model": "sessions.session", "pk": "a8rploasiqaq9bykxjjh9qs4my26q1en", "fields": {"session_data": ".eJxVjEEOwiAQRe_C2hBmClRcuvcMzQyDUjWQlHZlvLuSdKHb_977LzXRtuZpa2mZZlEnBerwuzHFRyodyJ3KrepYy7rMrLuid9r0pUp6nnf37yBTy9_aApjRj3BFR0dr2DAKeBoQkTm6GAyhAYsYBmGLkSAlL1GCT65j9f4At_g3dg:1sC6Hs:le0JSkVs1ctzsfM75ZHoJu_0-UHueg0jiB7906p-oqA", "expire_date": "2024-06-11T23:31:24.018Z"}}, {"model": "sessions.session", "pk": "b0fdvplqeiwk5koffyctwfo5et3dysuw", "fields": {"session_data": ".eJxVjEEOwiAQRe_C2hBmClRcuvcMzQyDUjWQlHZlvLuSdKHb_977LzXRtuZpa2mZZlEnBerwuzHFRyodyJ3KrepYy7rMrLuid9r0pUp6nnf37yBTy9_aApjRj3BFR0dr2DAKeBoQkTm6GAyhAYsYBmGLkSAlL1GCT65j9f4At_g3dg:1sE9Zz:aMJ5B9HJWb6Fue421h3SVm-n-GOeT3GEhHNgjJoqHcs", "expire_date": "2024-06-17T15:26:35.941Z"}}, {"model": "sessions.session", "pk": "b4w2peanhfjlgmwl0hno6u7ql7sp3vtx", "fields": {"session_data": ".eJxVjEEOwiAQRe_C2hBmClRcuvcMzQyDUjWQlHZlvLuSdKHb_977LzXRtuZpa2mZZlEnBerwuzHFRyodyJ3KrepYy7rMrLuid9r0pUp6nnf37yBTy9_aApjRj3BFR0dr2DAKeBoQkTm6GAyhAYsYBmGLkSAlL1GCT65j9f4At_g3dg:1sNxue:uIwhmY7AOy-s1042HOR3-U-f583u_PFc6lZG7PdtPV4", "expire_date": "2024-07-14T17:00:28.370Z"}}, {"model": "sessions.session", "pk": "bghnti89dg1zqw4p989bpd97er6gpazm", "fields": {"session_data": ".eJxVjEEOwiAQRe_C2hBmClRcuvcMzQyDUjWQlHZlvLuSdKHb_977LzXRtuZpa2mZZlEnBerwuzHFRyodyJ3KrepYy7rMrLuid9r0pUp6nnf37yBTy9_aApjRj3BFR0dr2DAKeBoQkTm6GAyhAYsYBmGLkSAlL1GCT65j9f4At_g3dg:1s2Xhs:AA-vn6ZQqpSxQV7KcH5-vQm07N1RCmnvjGkITmQDf2o", "expire_date": "2024-05-16T14:46:44.419Z"}}, {"model": "sessions.session", "pk": "cmoq7ymzb1e36qt23v895ovire9xm2xe", "fields": {"session_data": ".eJxVjEEOwiAQRe_C2hBmClRcuvcMzQyDUjWQlHZlvLuSdKHb_977LzXRtuZpa2mZZlEnBerwuzHFRyodyJ3KrepYy7rMrLuid9r0pUp6nnf37yBTy9_aApjRj3BFR0dr2DAKeBoQkTm6GAyhAYsYBmGLkSAlL1GCT65j9f4At_g3dg:1s2RSo:y7isnW0RHEfdqdtk4ZiK75Tm8FYT4ZQE53oAtu6reqw", "expire_date": "2024-05-16T08:06:46.961Z"}}, {"model": "sessions.session", "pk": "dlfrxmejxq63k3sgn94h52exksiivlg3", "fields": {"session_data": ".eJxVjEEOwiAQRe_C2hBmClRcuvcMzQyDUjWQlHZlvLuSdKHb_977LzXRtuZpa2mZZlEnBerwuzHFRyodyJ3KrepYy7rMrLuid9r0pUp6nnf37yBTy9_aApjRj3BFR0dr2DAKeBoQkTm6GAyhAYsYBmGLkSAlL1GCT65j9f4At_g3dg:1rwPvf:2wSk-WV0TBM4RB_DVBfDl429mXhRYBlU614qDFNxtrA", "expire_date": "2024-04-29T17:15:39.638Z"}}, {"model": "sessions.session", "pk": "e0fjqs4o0389brupye1ora1bymrj736a", "fields": {"session_data": ".eJxVjEEOwiAQRe_C2hBmClRcuvcMzQyDUjWQlHZlvLuSdKHb_977LzXRtuZpa2mZZlEnBerwuzHFRyodyJ3KrepYy7rMrLuid9r0pUp6nnf37yBTy9_aApjRj3BFR0dr2DAKeBoQkTm6GAyhAYsYBmGLkSAlL1GCT65j9f4At_g3dg:1sdEBK:CczM6Pg1aT7mPPlJogWExtTKKMBgym_Tu1QJzFvg1r4", "expire_date": "2024-08-25T19:24:46.866Z"}}, {"model": "sessions.session", "pk": "e3ykrsbb0kf3329r2lbkod0gmzbcpvcm", "fields": {"session_data": ".eJxVjEEOwiAURO_C2hD4gIBL956B8D8gVQNJaVfGu9smXegs572ZNwtxXWpYR57DlNiFWXb67TDSM7cdpEds986pt2WekO8KP-jgt57y63q4fwc1jrqtnU-2RDLZGompOBQEOhlhwfuoEYT3UAooJFEon7N0W3RR6FEZAsk-X_eJOBg:1sHOAg:RCnI8g9FswX6cHpiAKl9HNaLIhTcp4JGFH8ypmRBzzM", "expire_date": "2024-06-26T13:37:50.872Z"}}, {"model": "sessions.session", "pk": "es4bt2ppzayyb5ycppq6hrvqjmyeszid", "fields": {"session_data": ".eJxVjEEOwiAURO_C2hD4gIBL956B8D8gVQNJaVfGu9smXegs572ZNwtxXWpYR57DlNiFWXb67TDSM7cdpEds986pt2WekO8KP-jgt57y63q4fwc1jrqtnU-2RDLZGompOBQEOhlhwfuoEYT3UAooJFEon7N0W3RR6FEZAsk-X_eJOBg:1sc5gX:u6u-9VO8W5LRQsTlsTWJMYCHatogPLnx12ebE0wc8ZI", "expire_date": "2024-08-22T16:08:17.077Z"}}, {"model": "sessions.session", "pk": "f8t66biauum51twl5dyz4fu0im9rzdzp", "fields": {"session_data": ".eJxVjEEOgjAQRe_StWmY6RRGl-45QzNtp4IaSCisjHdXEha6_e-9_zJBtnUIW9UljNlcTGtOv1uU9NBpB_ku0222aZ7WZYx2V-xBq-3nrM_r4f4dDFKHb-1b9pAAxJ2VyLUNAqYGmJw4EvEMkImlQ2YssXhhzdqhFpKE1BXz_gCt6Dc5:1sDNPA:E02lq78uDT9izWA4WW4tFnMKQGJp0Vue08H7CszY-LY", "expire_date": "2024-06-15T12:00:12.146Z"}}, {"model": "sessions.session", "pk": "gygwkirgt4j8jz1mcn1lchcx1hgvyy76", "fields": {"session_data": ".eJxVjEEOwiAQRe_C2hBmClRcuvcMzQyDUjWQlHZlvLuSdKHb_977LzXRtuZpa2mZZlEnBerwuzHFRyodyJ3KrepYy7rMrLuid9r0pUp6nnf37yBTy9_aApjRj3BFR0dr2DAKeBoQkTm6GAyhAYsYBmGLkSAlL1GCT65j9f4At_g3dg:1sSBwr:MTHIm23oR4RL1WQQxiimfBHVpxhCmpTynYbUZmMK9Xs", "expire_date": "2024-07-26T08:48:13.723Z"}}, {"model": "sessions.session", "pk": "h9rvm9ps2oktgwrm1dh3m3kpcw83voem", "fields": {"session_data": ".eJxVjEEOwiAQRe_C2hBmClRcuvcMzQyDUjWQlHZlvLuSdKHb_977LzXRtuZpa2mZZlEnBerwuzHFRyodyJ3KrepYy7rMrLuid9r0pUp6nnf37yBTy9_aApjRj3BFR0dr2DAKeBoQkTm6GAyhAYsYBmGLkSAlL1GCT65j9f4At_g3dg:1s9V66:KHV4fLl7vp987UfRwtxMCDx064Ponopl7URNi53f3Yg", "expire_date": "2024-06-04T19:24:30.061Z"}}, {"model": "sessions.session", "pk": "hnb91hwwx9tg8ubz4sovzc7t2enpxgp7", "fields": {"session_data": ".eJxVjEEOwiAQRe_C2hBmClRcuvcMzQyDUjWQlHZlvLuSdKHb_977LzXRtuZpa2mZZlEnBerwuzHFRyodyJ3KrepYy7rMrLuid9r0pUp6nnf37yBTy9_aApjRj3BFR0dr2DAKeBoQkTm6GAyhAYsYBmGLkSAlL1GCT65j9f4At_g3dg:1sMrce:Du1LDgtj6bZpHg0sOaxBFrkm53G3Vi93H_2zIatSCLA", "expire_date": "2024-07-11T16:05:20.322Z"}}, {"model": "sessions.session", "pk": "j1vebywze3hhzqmqtjwy66k7l1z5cuzq", "fields": {"session_data": ".eJxVjEEOwiAQRe_C2hBmClRcuvcMzQyDUjWQlHZlvLuSdKHb_977LzXRtuZpa2mZZlEnBerwuzHFRyodyJ3KrepYy7rMrLuid9r0pUp6nnf37yBTy9_aApjRj3BFR0dr2DAKeBoQkTm6GAyhAYsYBmGLkSAlL1GCT65j9f4At_g3dg:1s2BAy:QC4FB3eGCFCnb2dTRz6ajHuVpO8-ceuNwKLnybNFAL8", "expire_date": "2024-05-15T14:43:16.584Z"}}, {"model": "sessions.session", "pk": "kn0lztxv1d3o2azbd9j5zzioaiz3cc7t", "fields": {"session_data": ".eJxVjEEOwiAQRe_C2hBmClRcuvcMzQyDUjWQlHZlvLuSdKHb_977LzXRtuZpa2mZZlEnBerwuzHFRyodyJ3KrepYy7rMrLuid9r0pUp6nnf37yBTy9_aApjRj3BFR0dr2DAKeBoQkTm6GAyhAYsYBmGLkSAlL1GCT65j9f4At_g3dg:1sN8Tk:aMeVK0L2EKjzQlmMuTdK65gDyVNAP66iSclJRQvVvJQ", "expire_date": "2024-07-12T10:05:16.731Z"}}, {"model": "sessions.session", "pk": "lo81i8i04icwxw483byjs2gt2j2a05wg", "fields": {"session_data": ".eJxVjEEOwiAQRe_C2hBmClRcuvcMzQyDUjWQlHZlvLuSdKHb_977LzXRtuZpa2mZZlEnBerwuzHFRyodyJ3KrepYy7rMrLuid9r0pUp6nnf37yBTy9_aApjRj3BFR0dr2DAKeBoQkTm6GAyhAYsYBmGLkSAlL1GCT65j9f4At_g3dg:1sBYkD:KJsO9M7lmcDOLTXRZOfYkAt9Bg5PHcm5nsCzpJ0SRlc", "expire_date": "2024-06-10T11:42:25.122Z"}}, {"model": "sessions.session", "pk": "nisbf0d46x1rx7gh3kzzu5l7xi9w84i9", "fields": {"session_data": ".eJxVjEEOwiAQRe_C2hBmClRcuvcMzQyDUjWQlHZlvLuSdKHb_977LzXRtuZpa2mZZlEnBerwuzHFRyodyJ3KrepYy7rMrLuid9r0pUp6nnf37yBTy9_aApjRj3BFR0dr2DAKeBoQkTm6GAyhAYsYBmGLkSAlL1GCT65j9f4At_g3dg:1sJbFd:co99tEllbLO4Q4LIeQmZ6PTJxd4UhAVyGrhGKN6bl2M", "expire_date": "2024-07-02T16:00:05.151Z"}}, {"model": "sessions.session", "pk": "ntfdtnuuknci08k0g6inctqz602f78d7", "fields": {"session_data": ".eJxVjEEOwiAQRe_C2hBmClRcuvcMzQyDUjWQlHZlvLuSdKHb_977LzXRtuZpa2mZZlEnBerwuzHFRyodyJ3KrepYy7rMrLuid9r0pUp6nnf37yBTy9_aApjRj3BFR0dr2DAKeBoQkTm6GAyhAYsYBmGLkSAlL1GCT65j9f4At_g3dg:1sISv1:J7cJ8RrCphlJRgjEkTbDcLtEC9eVM3VRm6yyKCTYqB4", "expire_date": "2024-06-29T12:54:07.316Z"}}, {"model": "sessions.session", "pk": "ohmjgvpt2u7rxiaj8ubpadcqr23iipeo", "fields": {"session_data": ".eJxVjEEOwiAURO_C2hD4gIBL956B8D8gVQNJaVfGu9smXegs572ZNwtxXWpYR57DlNiFWXb67TDSM7cdpEds986pt2WekO8KP-jgt57y63q4fwc1jrqtnU-2RDLZGompOBQEOhlhwfuoEYT3UAooJFEon7N0W3RR6FEZAsk-X_eJOBg:1sKDqO:UyBuBQ_trdxqjrX02SCNXIe4e-fLRaIR3490ePWpgls", "expire_date": "2024-07-04T09:12:36.927Z"}}, {"model": "sessions.session", "pk": "otcwmkfzg8vscdiefsy57ro7bbpf2wq0", "fields": {"session_data": ".eJxVjEEOwiAQRe_C2hBmClRcuvcMzQyDUjWQlHZlvLuSdKHb_977LzXRtuZpa2mZZlEnBerwuzHFRyodyJ3KrepYy7rMrLuid9r0pUp6nnf37yBTy9_aApjRj3BFR0dr2DAKeBoQkTm6GAyhAYsYBmGLkSAlL1GCT65j9f4At_g3dg:1rzEar:TBuKMHrLNPGbIQF1oy2kXrwJ_0Q8T1kqTq9WGH03CaA", "expire_date": "2024-05-07T11:45:49.806Z"}}, {"model": "sessions.session", "pk": "ow515sr78ttzrsn6tk9hsptc1ouurw9x", "fields": {"session_data": ".eJxVjEEOwiAQRe_C2hBmClRcuvcMzQyDUjWQlHZlvLuSdKHb_977LzXRtuZpa2mZZlEnBerwuzHFRyodyJ3KrepYy7rMrLuid9r0pUp6nnf37yBTy9_aApjRj3BFR0dr2DAKeBoQkTm6GAyhAYsYBmGLkSAlL1GCT65j9f4At_g3dg:1rsNNP:8mzOTk5AHafUIpCXng7xW0H9ZUce-VqoyQLTyWZ__aQ", "expire_date": "2024-04-18T13:43:35.703Z"}}, {"model": "sessions.session", "pk": "pt83qlzg01n5723qxj7cbrgu3v3826cn", "fields": {"session_data": ".eJxVjEEOwiAQRe_C2hBmClRcuvcMzQyDUjWQlHZlvLuSdKHb_977LzXRtuZpa2mZZlEnBerwuzHFRyodyJ3KrepYy7rMrLuid9r0pUp6nnf37yBTy9_aApjRj3BFR0dr2DAKeBoQkTm6GAyhAYsYBmGLkSAlL1GCT65j9f4At_g3dg:1s3MHJ:zy9NjpzbfgykPa9YUWbqj7jp1zTgQp7Zl78XM08II-Y", "expire_date": "2024-05-18T20:46:41.516Z"}}, {"model": "sessions.session", "pk": "qsmpx96fkpu6vvxf9bn002rnw1i1wsku", "fields": {"session_data": ".eJxVjEEOwiAQRe_C2hBmClRcuvcMzQyDUjWQlHZlvLuSdKHb_977LzXRtuZpa2mZZlEnBerwuzHFRyodyJ3KrepYy7rMrLuid9r0pUp6nnf37yBTy9_aApjRj3BFR0dr2DAKeBoQkTm6GAyhAYsYBmGLkSAlL1GCT65j9f4At_g3dg:1rt1YP:zXsdhRYtMXY_-xo8PN4SvJv-ysZTWkUVqXL2lYHT8hY", "expire_date": "2024-04-20T08:37:37.716Z"}}, {"model": "sessions.session", "pk": "qss3n13fudr2yvyw0fpu0u7q5d2srzkr", "fields": {"session_data": ".eJxVjEEOwiAQRe_C2hBmClRcuvcMzQyDUjWQlHZlvLuSdKHb_977LzXRtuZpa2mZZlEnBerwuzHFRyodyJ3KrepYy7rMrLuid9r0pUp6nnf37yBTy9_aApjRj3BFR0dr2DAKeBoQkTm6GAyhAYsYBmGLkSAlL1GCT65j9f4At_g3dg:1rwOTc:Ze8C-pj2qW2FT9kl2zsSVyLjEMDAiWXaQ7cM--hdtdc", "expire_date": "2024-04-29T15:42:36.472Z"}}, {"model": "sessions.session", "pk": "rgwkm4zb8x7dndxqn4mqd7mpfta1bxaq", "fields": {"session_data": ".eJxVjEEOwiAQRe_C2hBmClRcuvcMzQyDUjWQlHZlvLuSdKHb_977LzXRtuZpa2mZZlEnBerwuzHFRyodyJ3KrepYy7rMrLuid9r0pUp6nnf37yBTy9_aApjRj3BFR0dr2DAKeBoQkTm6GAyhAYsYBmGLkSAlL1GCT65j9f4At_g3dg:1sMsos:V-XvHybga5YP4jCKW9fuA4qKPhu-Hd9Bqju_mjeDX4s", "expire_date": "2024-07-11T17:22:02.107Z"}}, {"model": "sessions.session", "pk": "rp60mg0hkz9p3yg9ohtn05p8y1hopnvq", "fields": {"session_data": ".eJxVjEEOwiAQRe_C2hBmClRcuvcMzQyDUjWQlHZlvLuSdKHb_977LzXRtuZpa2mZZlEnBerwuzHFRyodyJ3KrepYy7rMrLuid9r0pUp6nnf37yBTy9_aApjRj3BFR0dr2DAKeBoQkTm6GAyhAYsYBmGLkSAlL1GCT65j9f4At_g3dg:1s8FWX:cAldj5-B1HgMPPB5pyLsfalIWz16WR0pT1WJTgLmg8U", "expire_date": "2024-06-01T08:34:37.800Z"}}, {"model": "sessions.session", "pk": "ttcf0c1nb4p6zzrh72fugemnq6t6p2oj", "fields": {"session_data": ".eJxVjEEOwiAQRe_C2hBmClRcuvcMzQyDUjWQlHZlvLuSdKHb_977LzXRtuZpa2mZZlEnBerwuzHFRyodyJ3KrepYy7rMrLuid9r0pUp6nnf37yBTy9_aApjRj3BFR0dr2DAKeBoQkTm6GAyhAYsYBmGLkSAlL1GCT65j9f4At_g3dg:1s1juP:-2mTat9oEMTxn387TTHf3gINTmXO3Urk6seLF566U9w", "expire_date": "2024-05-14T09:36:21.620Z"}}, {"model": "sessions.session", "pk": "v28h0v01oeksa4iq75b6gi3i1km7z18g", "fields": {"session_data": ".eJxVjEEOwiAQRe_C2hBmClRcuvcMzQyDUjWQlHZlvLuSdKHb_977LzXRtuZpa2mZZlEnBerwuzHFRyodyJ3KrepYy7rMrLuid9r0pUp6nnf37yBTy9_aApjRj3BFR0dr2DAKeBoQkTm6GAyhAYsYBmGLkSAlL1GCT65j9f4At_g3dg:1rwgCO:zm-u_0Av59eumZx1tQhYxOZ6x6b2UnSZUKqGeDMdSNE", "expire_date": "2024-04-30T10:38:00.695Z"}}, {"model": "sessions.session", "pk": "vx04bp1a6rd3id2cguwdzkq4xcke8eu8", "fields": {"session_data": ".eJxVjEEOwiAQRe_C2hBmClRcuvcMzQyDUjWQlHZlvLuSdKHb_977LzXRtuZpa2mZZlEnBerwuzHFRyodyJ3KrepYy7rMrLuid9r0pUp6nnf37yBTy9_aApjRj3BFR0dr2DAKeBoQkTm6GAyhAYsYBmGLkSAlL1GCT65j9f4At_g3dg:1sCeT6:RlDivxkGvLyPsMrRQJ81946b6aa-odIdAeAfhTo6eaE", "expire_date": "2024-06-13T12:01:16.929Z"}}, {"model": "sessions.session", "pk": "vziojvtvwydvc3y53nkt1fgcy465g607", "fields": {"session_data": ".eJxVjEEOwiAQRe_C2hBmClRcuvcMzQyDUjWQlHZlvLuSdKHb_977LzXRtuZpa2mZZlEnBerwuzHFRyodyJ3KrepYy7rMrLuid9r0pUp6nnf37yBTy9_aApjRj3BFR0dr2DAKeBoQkTm6GAyhAYsYBmGLkSAlL1GCT65j9f4At_g3dg:1sXwib:mGGg9QnGWhHZefbOMjIXdJtL96RQhjrVLu1I89AwhhA", "expire_date": "2024-08-11T05:45:17.289Z"}}, {"model": "sessions.session", "pk": "y12th749i96xai0p8xtgxopk4h4mcx93", "fields": {"session_data": ".eJxVjEEOwiAURO_C2hD4gIBL956B8D8gVQNJaVfGu9smXegs572ZNwtxXWpYR57DlNiFWXb67TDSM7cdpEds986pt2WekO8KP-jgt57y63q4fwc1jrqtnU-2RDLZGompOBQEOhlhwfuoEYT3UAooJFEon7N0W3RR6FEZAsk-X_eJOBg:1sPfma:oq6zKMTbS1mS5gMUls1RnimlknaXMTAq8dPYdHYAG4Y", "expire_date": "2024-07-19T10:03:12.906Z"}}, {"model": "sessions.session", "pk": "yvjeh15pzn37hlf08fjlrdc0fde0tb4c", "fields": {"session_data": ".eJxVjEEOwiAQRe_C2hBmClRcuvcMzQyDUjWQlHZlvLuSdKHb_977LzXRtuZpa2mZZlEnBerwuzHFRyodyJ3KrepYy7rMrLuid9r0pUp6nnf37yBTy9_aApjRj3BFR0dr2DAKeBoQkTm6GAyhAYsYBmGLkSAlL1GCT65j9f4At_g3dg:1rwgCP:OOMFQIzggb8TUNtIk_vqdZpXEFVUUuyv5KfnXfT9cWE", "expire_date": "2024-04-30T10:38:01.470Z"}}, {"model": "sessions.session", "pk": "yzbk4h43x071flb1f0ro2euoc5kkoci0", "fields": {"session_data": ".eJxVjEEOwiAQRe_C2hBmClRcuvcMzQyDUjWQlHZlvLuSdKHb_977LzXRtuZpa2mZZlEnBerwuzHFRyodyJ3KrepYy7rMrLuid9r0pUp6nnf37yBTy9_aApjRj3BFR0dr2DAKeBoQkTm6GAyhAYsYBmGLkSAlL1GCT65j9f4At_g3dg:1rwlmt:6esssguKxskPbpVoqAiDxtcj3rWmzIW5Q_I2HtcspYo", "expire_date": "2024-04-30T16:36:03.383Z"}}, {"model": "sessions.session", "pk": "z25n00rgz9wz0w3q9zn2r79mufm8vli8", "fields": {"session_data": ".eJxVjEEOwiAQRe_C2hBmClRcuvcMzQyDUjWQlHZlvLuSdKHb_977LzXRtuZpa2mZZlEnBerwuzHFRyodyJ3KrepYy7rMrLuid9r0pUp6nnf37yBTy9_aApjRj3BFR0dr2DAKeBoQkTm6GAyhAYsYBmGLkSAlL1GCT65j9f4At_g3dg:1rwgXf:FQ4nq7ep_3fZkDgOyDrtgX-uf68OaQ32SDybmkHp1xk", "expire_date": "2024-04-30T10:59:59.892Z"}}, {"model": "account.userinterestsfirst", "pk": 1, "fields": {"interest": "Предпринимательство"}}, {"model": "account.userinterestsfirst", "pk": 2, "fields": {"interest": "Инновационное Предпринимательство"}}, {"model": "account.userinterestsfirst", "pk": 3, "fields": {"interest": "Венчурные Инвестиции"}}, {"model": "account.userinterestsfirst", "pk": 4, "fields": {"interest": "Инвестиции на Бирже"}}, {"model": "account.userinterestsfirst", "pk": 5, "fields": {"interest": "Стратегический Консалтинг"}}, {"model": "account.userinterestsfirst", "pk": 6, "fields": {"interest": "Инвест. банкинг"}}, {"model": "account.userinterestsfirst", "pk": 7, "fields": {"interest": "M&A (Слияние и поглощение)"}}, {"model": "account.userinterestsfirst", "pk": 8, "fields": {"interest": "Private Equity"}}, {"model": "account.userinterestsfirst", "pk": 9, "fields": {"interest": "Финансы"}}, {"model": "account.userinterestssecond", "pk": 1, "fields": {"interest": "Строительный Девелопмент"}}, {"model": "account.userinterestssecond", "pk": 2, "fields": {"interest": "Банкинг"}}, {"model": "account.userinterestssecond", "pk": 3, "fields": {"interest": "Промышленность"}}, {"model": "account.userinterestssecond", "pk": 4, "fields": {"interest": "Телеком"}}, {"model": "account.userinterestssecond", "pk": 5, "fields": {"interest": "Маркетинг"}}, {"model": "account.userinterestssecond", "pk": 10, "fields": {"interest": "Медицина, MedTech, BioTech"}}, {"model": "account.userinterestssecond", "pk": 14, "fields": {"interest": "SaaS"}}, {"model": "account.userinterestssecond", "pk": 15, "fields": {"interest": "Retail"}}, {"model": "account.userinterestssecond", "pk": 16, "fields": {"interest": "E-commerce"}}, {"model": "account.userintereststhird", "pk": 1, "fields": {"interest": "Прокачать hard skills"}}, {"model": "account.userintereststhird", "pk": 2, "fields": {"interest": "Прокачать soft skills"}}, {"model": "account.userintereststhird", "pk": 3, "fields": {"interest": "Расширить круг полезных знакомств"}}, {"model": "account.userintereststhird", "pk": 4, "fields": {"interest": "Научиться пользоваться AI для задач бизнес-консультантов"}}, {"model": "account.userintereststhird", "pk": 5, "fields": {"interest": "Получить крутые кейсы в портфолио"}}, {"model": "account.userintereststhird", "pk": 6, "fields": {"interest": "Получить оффер в крупную компанию"}}, {"model": "account.userintereststhird", "pk": 7, "fields": {"interest": "Получить оффер в технологический Start Up"}}, {"model": "account.userintereststhird", "pk": 8, "fields": {"interest": "Научиться выполнять широкий спектр заказов по бизнес-консультированию на Freelance"}}, {"model": "account.userintereststhird", "pk": 9, "fields": {"interest": "Получить релевантный опыт для запуска собственного проекта"}}, {"model": "account.beforeuniversity", "pk": 2, "fields": {"name": "Среднее профессиональное"}}, {"model": "account.beforeuniversity", "pk": 3, "fields": {"name": "Бакалавриат"}}, {"model": "account.beforeuniversity", "pk": 4, "fields": {"name": "Специалитет"}}, {"model": "account.beforeuniversity", "pk": 5, "fields": {"name": "Магистратура"}}, {"model": "account.university", "pk": 1, "fields": {"name": "Высшая Школа Экономики"}}, {"model": "account.university", "pk": 2, "fields": {"name": "МГУ имени М.В. Ломоносова"}}, {"model": "account.university", "pk": 3, "fields": {"name": "МГТУ им. Н.Э. Баумана"}}, {"model": "account.university", "pk": 7, "fields": {"name": "МФТИ"}}, {"model": "account.university", "pk": 8, "fields": {"name": "РЭУ имени Г. В. Плеханова"}}, {"model": "account.university", "pk": 9, "fields": {"name": "РАНХиГС"}}, {"model": "account.university", "pk": 10, "fields": {"name": "МИРЭА"}}, {"model": "account.university", "pk": 11, "fields": {"name": "Другое"}}, {"model": "account.university", "pk": 12, "fields": {"name": "РТА"}}, {"model": "account.course", "pk": 1, "fields": {"name": "1"}}, {"model": "account.course", "pk": 2, "fields": {"name": "2"}}, {"model": "account.course", "pk": 3, "fields": {"name": "3"}}, {"model": "account.course", "pk": 4, "fields": {"name": "4"}}, {"model": "account.course", "pk": 5, "fields": {"name": "5"}}, {"model": "account.course", "pk": 6, "fields": {"name": "6"}}, {"model": "account.course", "pk": 7, "fields": {"name": "Закончил/-а"}}, {"model": "account.student", "pk": 1, "fields": {"full_name": "Sergei Vas", "mobile_phone": "+99999999999999", "email": "1234554321@mail.com", "tg_nickname": "@asdtyuio", "age": 35, "gender": "male", "before_university": 2, "university": 1, "faculty": "информатики", "course": 1, "other_interest_first": null, "other_interest_second": null, "other_interest_third": null, "manager_status": "Paid", "education_status": "Optimal", "hours_per_week": 35, "telegram_user_id": null, "subscription_end_date": null, "date_joined": "2024-04-04T13:47:15.622Z", "is_busy": "Free", "position": 1, "interest_first": [], "interest_second": [], "interest_third": []}}, {"model": "account.student", "pk": 2, "fields": {"full_name": "Вера Зах", "mobile_phone": "+99999999999", "email": "uniform.marla@gmail.com", "tg_nickname": "@ghjfkppp", "age": 44, "gender": "female", "before_university": 2, "university": 2, "faculty": "политологии", "course": 1, "other_interest_first": null, "other_interest_second": null, "other_interest_third": null, "manager_status": "Awaiting Payment", "education_status": "Optimal", "hours_per_week": 32, "telegram_user_id": null, "subscription_end_date": null, "date_joined": "2024-04-04T15:42:07.127Z", "is_busy": "Free", "position": 1, "interest_first": [], "interest_second": [], "interest_third": []}}, {"model": "account.student", "pk": 4, "fields": {"full_name": "Хетаг", "mobile_phone": "+79055567456", "email": "khaldatov@mail.ru", "tg_nickname": "@acreatureofaday", "age": 26, "gender": "м", "before_university": 3, "university": 2, "faculty": "Экономика", "course": 2, "other_interest_first": null, "other_interest_second": null, "other_interest_third": null, "manager_status": "Rejected", "education_status": "Advanced", "hours_per_week": 40, "telegram_user_id": null, "subscription_end_date": null, "date_joined": "2024-04-16T10:43:22.858Z", "is_busy": "Free", "position": 1, "interest_first": [], "interest_second": [], "interest_third": []}}, {"model": "account.student", "pk": 8, "fields": {"full_name": "Daria Sigida", "mobile_phone": "89131097057", "email": "darasigida921@gmail.com", "tg_nickname": "Dariasssa", "age": 24, "gender": "Female", "before_university": 2, "university": 2, "faculty": "FTD", "course": 2, "other_interest_first": "", "other_interest_second": "", "other_interest_third": "", "manager_status": "Manager Lead", "education_status": "Base", "hours_per_week": 40, "telegram_user_id": 626556702, "subscription_end_date": null, "date_joined": "2024-04-16T18:52:02.007Z", "is_busy": "Free", "position": 1, "interest_first": [], "interest_second": [], "interest_third": []}}, {"model": "account.student", "pk": 10, "fields": {"full_name": "Stepanova Alexandra Alexeevna", "mobile_phone": "+79995964481", "email": "alstep333@gmail.com", "tg_nickname": "fhroo", "age": 18, "gender": "Female", "before_university": 2, "university": 1, "faculty": "Advertising and PR", "course": 1, "other_interest_first": "", "other_interest_second": "Registration", "other_interest_third": "", "manager_status": "Manager Lead", "education_status": "Base", "hours_per_week": 20, "telegram_user_id": 810627429, "subscription_end_date": null, "date_joined": "2024-04-19T13:50:20.996Z", "is_busy": "Free", "position": 1, "interest_first": [1], "interest_second": [], "interest_third": [1]}}, {"model": "account.student", "pk": 11, "fields": {"full_name": "Stepanova Maria Alekseevna", "mobile_phone": "+79995941083", "email": "mariast4454@gmail.com", "tg_nickname": "wdrxrx", "age": 18, "gender": "Female", "before_university": 2, "university": 2, "faculty": "Advertising and PR", "course": 1, "other_interest_first": "", "other_interest_second": "", "other_interest_third": "", "manager_status": "Manager Lead", "education_status": "Base", "hours_per_week": 20, "telegram_user_id": 783242908, "subscription_end_date": null, "date_joined": "2024-04-19T14:25:34.242Z", "is_busy": "Free", "position": 1, "interest_first": [], "interest_second": [], "interest_third": []}}, {"model": "account.student", "pk": 12, "fields": {"full_name": "Leo Kriukov", "mobile_phone": "+79809039266", "email": "leomarket11ng@gmail.com", "tg_nickname": "leokry", "age": 25, "gender": "Male", "before_university": 2, "university": 1, "faculty": "Management", "course": 2, "other_interest_first": "", "other_interest_second": "", "other_interest_third": "", "manager_status": "Manager Lead", "education_status": "Base", "hours_per_week": 20, "telegram_user_id": 1059696992, "subscription_end_date": null, "date_joined": "2024-04-22T08:54:51.338Z", "is_busy": "Free", "position": 1, "interest_first": [], "interest_second": [2], "interest_third": [2]}}, {"model": "account.student", "pk": 14, "fields": {"full_name": "Andrei Asachuk", "mobile_phone": "+79604717307", "email": "andrew.asachuk@gmail.com", "tg_nickname": "AndrewBruce", "age": 31, "gender": "Male", "before_university": 2, "university": 2, "faculty": "Marketing", "course": 7, "other_interest_first": "", "other_interest_second": "", "other_interest_third": "", "manager_status": "Manager Lead", "education_status": "Base", "hours_per_week": 15, "telegram_user_id": 221869771, "subscription_end_date": null, "date_joined": "2024-04-23T12:38:01.529Z", "is_busy": "Free", "position": 0, "interest_first": [2, 3, 7], "interest_second": [2, 5, 14], "interest_third": [1, 4, 5]}}, {"model": "account.student", "pk": 15, "fields": {"full_name": "Misha Nostradamvs", "mobile_phone": "+79189681874", "email": "digitalpuzzler@ya.ru", "tg_nickname": "k21wiz", "age": 49, "gender": "Male", "before_university": 2, "university": 2, "faculty": "Physics", "course": 7, "other_interest_first": "", "other_interest_second": "", "other_interest_third": "", "manager_status": "Manager Lead", "education_status": "Base", "hours_per_week": 20, "telegram_user_id": 136721784, "subscription_end_date": null, "date_joined": "2024-04-23T12:46:16.221Z", "is_busy": "Free", "position": 0, "interest_first": [2, 3, 9], "interest_second": [1, 2, 5], "interest_third": [1, 2, 3]}}, {"model": "account.student", "pk": 16, "fields": {"full_name": "Nver Avagimyan Araik", "mobile_phone": "+79773424459", "email": "tplink4fbe@gmail.com", "tg_nickname": "emptyyt", "age": 21, "gender": "Male", "before_university": 2, "university": 2, "faculty": "Computer technology", "course": 4, "other_interest_first": "", "other_interest_second": "", "other_interest_third": "", "manager_status": "Manager Lead", "education_status": "Base", "hours_per_week": 40, "telegram_user_id": 976214790, "subscription_end_date": null, "date_joined": "2024-04-23T13:05:55.455Z", "is_busy": "Free", "position": 0, "interest_first": [1, 3, 6], "interest_second": [2, 4], "interest_third": [1, 2, 3]}}, {"model": "account.student", "pk": 17, "fields": {"full_name": "Motrychenko Arsenii", "mobile_phone": "+79605622753", "email": "senyasky1111@gmail.com", "tg_nickname": "SenyaSky", "age": 21, "gender": "Male", "before_university": 2, "university": 2, "faculty": "Applied mathematics and physics", "course": 4, "other_interest_first": "", "other_interest_second": "", "other_interest_third": "", "manager_status": "Manager Lead", "education_status": "Base", "hours_per_week": 40, "telegram_user_id": 686386342, "subscription_end_date": null, "date_joined": "2024-04-23T13:20:05.833Z", "is_busy": "Free", "position": 0, "interest_first": [1, 2, 3], "interest_second": [3, 10, 16], "interest_third": [2, 3, 9]}}, {"model": "account.student", "pk": 19, "fields": {"full_name": "Semen Burmanov Aleksandrovich", "mobile_phone": "+79398238984", "email": "burmanov99@bk.ru", "tg_nickname": "semenbur99", "age": 24, "gender": "Male", "before_university": 3, "university": 1, "faculty": "Economy", "course": 1, "other_interest_first": "", "other_interest_second": "", "other_interest_third": "", "manager_status": "Manager Lead", "education_status": "Base", "hours_per_week": 40, "telegram_user_id": 1186354749, "subscription_end_date": null, "date_joined": "2024-04-23T14:01:21.663Z", "is_busy": "Free", "position": 0, "interest_first": [1, 2, 3], "interest_second": [3, 5, 10], "interest_third": [6, 7, 8]}}, {"model": "account.student", "pk": 20, "fields": {"full_name": "Seitesh Aray", "mobile_phone": "+79876543210", "email": "seitesh@gmail.com", "tg_nickname": "aray_s_s", "age": 24, "gender": "Female", "before_university": 2, "university": 1, "faculty": "Cybersecurity", "course": 7, "other_interest_first": "", "other_interest_second": "", "other_interest_third": "", "manager_status": "Manager Lead", "education_status": "Base", "hours_per_week": 40, "telegram_user_id": 468160791, "subscription_end_date": null, "date_joined": "2024-04-23T14:05:54.781Z", "is_busy": "Free", "position": 0, "interest_first": [1, 2, 3], "interest_second": [2, 14, 16], "interest_third": [4, 5, 7]}}, {"model": "account.student", "pk": 21, "fields": {"full_name": "Anastasia Olegovna Volkova", "mobile_phone": "+79851778362", "email": "anastasiya.volkova@phystech.edu", "tg_nickname": "AnastasiiaW", "age": 29, "gender": "Female", "before_university": 3, "university": 2, "faculty": "Department of Aerodynamics and Flight Engineering", "course": 7, "other_interest_first": "", "other_interest_second": "", "other_interest_third": "", "manager_status": "Manager Lead", "education_status": "Base", "hours_per_week": 40, "telegram_user_id": 390121949, "subscription_end_date": null, "date_joined": "2024-04-23T14:10:18.088Z", "is_busy": "Free", "position": 0, "interest_first": [3, 4, 5], "interest_second": [2, 3, 10], "interest_third": [1, 2, 3]}}, {"model": "account.student", "pk": 22, "fields": {"full_name": "Ilya Nikolaev", "mobile_phone": "+79671519090", "email": "buhofic2012@gmail.com", "tg_nickname": "buhclearru", "age": 38, "gender": "Male", "before_university": 2, "university": 3, "faculty": "Economy", "course": 7, "other_interest_first": "", "other_interest_second": "", "other_interest_third": "", "manager_status": "Manager Lead", "education_status": "Base", "hours_per_week": 20, "telegram_user_id": 438921459, "subscription_end_date": null, "date_joined": "2024-04-23T14:11:01.046Z", "is_busy": "Free", "position": 0, "interest_first": [1, 3, 9], "interest_second": [3, 5, 14], "interest_third": [3, 4, 5]}}, {"model": "account.student", "pk": 23, "fields": {"full_name": "Kiunnei Mestnikova", "mobile_phone": "+79876543210", "email": "Kyunney.mestnikova@gmail.com", "tg_nickname": "Kyunney_games", "age": 34, "gender": "Female", "before_university": 2, "university": 2, "faculty": "Corporate finance", "course": 7, "other_interest_first": "", "other_interest_second": "", "other_interest_third": "", "manager_status": "Manager Lead", "education_status": "Base", "hours_per_week": 20, "telegram_user_id": 547881245, "subscription_end_date": null, "date_joined": "2024-04-23T14:24:53.398Z", "is_busy": "Free", "position": 0, "interest_first": [], "interest_second": [], "interest_third": []}}, {"model": "account.student", "pk": 24, "fields": {"full_name": "Renata Blazhko", "mobile_phone": "+79186971953", "email": "Renalb1911@gmail.com", "tg_nickname": "RBlazhko", "age": 24, "gender": "Female", "before_university": 2, "university": 1, "faculty": "Computer science", "course": 7, "other_interest_first": "", "other_interest_second": "", "other_interest_third": "", "manager_status": "Manager Lead", "education_status": "Base", "hours_per_week": 40, "telegram_user_id": 205490466, "subscription_end_date": null, "date_joined": "2024-04-23T14:32:20.004Z", "is_busy": "Free", "position": 0, "interest_first": [2, 3, 5], "interest_second": [3, 10, 14], "interest_third": [1, 6, 7]}}, {"model": "account.student", "pk": 25, "fields": {"full_name": "Киреев Никита Дмитриевич", "mobile_phone": "+79313824443", "email": "nikikir138@gmail.com", "tg_nickname": "Nikikir30", "age": 20, "gender": "Male", "before_university": 2, "university": 1, "faculty": "Математики и Компьютерных Наук", "course": 2, "other_interest_first": "", "other_interest_second": "", "other_interest_third": "", "manager_status": "Manager Lead", "education_status": "Base", "hours_per_week": 30, "telegram_user_id": 1052845103, "subscription_end_date": null, "date_joined": "2024-04-23T16:59:58.301Z", "is_busy": "Free", "position": 0, "interest_first": [1, 2, 4], "interest_second": [1, 2, 3], "interest_third": [1, 2, 3]}}, {"model": "account.student", "pk": 26, "fields": {"full_name": "Khalfina Valeria Ruslanovna", "mobile_phone": "+79003275068", "email": "halfina.valeria@yandex.ru", "tg_nickname": "khalfinavlr", "age": 25, "gender": "Female", "before_university": 2, "university": 2, "faculty": "Law", "course": 7, "other_interest_first": "", "other_interest_second": "", "other_interest_third": "", "manager_status": "Manager Lead", "education_status": "Base", "hours_per_week": 20, "telegram_user_id": 453047326, "subscription_end_date": null, "date_joined": "2024-04-23T19:15:46.219Z", "is_busy": "Free", "position": 0, "interest_first": [1, 2, 3], "interest_second": [3, 10, 14], "interest_third": [1, 6, 8]}}, {"model": "account.student", "pk": 27, "fields": {"full_name": "Saida Anvarova Akbarovna", "mobile_phone": "+79876543210", "email": "saidasbox@gmail.com", "tg_nickname": "corathekero", "age": 21, "gender": "Female", "before_university": 2, "university": 2, "faculty": "Finance", "course": 7, "other_interest_first": "", "other_interest_second": "Deep Tech, Quantum Computing", "other_interest_third": "", "manager_status": "Manager Lead", "education_status": "Base", "hours_per_week": 20, "telegram_user_id": 5815789497, "subscription_end_date": null, "date_joined": "2024-04-24T07:09:33.235Z", "is_busy": "Free", "position": 0, "interest_first": [2, 6, 9], "interest_second": [2, 14], "interest_third": [5, 8, 9]}}, {"model": "account.student", "pk": 28, "fields": {"full_name": "Iunona Pospelova", "mobile_phone": "+79099322711", "email": "yunonapospelova@gmail.com", "tg_nickname": "junom", "age": 26, "gender": "Female", "before_university": 2, "university": 2, "faculty": "Biology", "course": 7, "other_interest_first": "", "other_interest_second": "", "other_interest_third": "", "manager_status": "Manager Lead", "education_status": "Base", "hours_per_week": 40, "telegram_user_id": 99045708, "subscription_end_date": null, "date_joined": "2024-04-24T11:23:11.229Z", "is_busy": "Free", "position": 0, "interest_first": [1, 3, 5], "interest_second": [2, 3, 10], "interest_third": [5, 6, 8]}}, {"model": "account.student", "pk": 29, "fields": {"full_name": "Черников Леонид Алексеевич", "mobile_phone": "+79262040624", "email": "chernickov.leonid@yandex.ru", "tg_nickname": "MultiLayerConcept", "age": 23, "gender": "Male", "before_university": 2, "university": 2, "faculty": "системный анализ и управление", "course": 3, "other_interest_first": "", "other_interest_second": "", "other_interest_third": "", "manager_status": "Manager Lead", "education_status": "Base", "hours_per_week": 25, "telegram_user_id": 1631320689, "subscription_end_date": null, "date_joined": "2024-04-24T12:11:54.986Z", "is_busy": "Free", "position": 0, "interest_first": [5], "interest_second": [2, 3, 5], "interest_third": [4, 5, 6]}}, {"model": "account.student", "pk": 30, "fields": {"full_name": "Alisa Shvarts", "mobile_phone": "+79253348208", "email": "Aliceschwarz@yandex.ru", "tg_nickname": "alisaschwarz1981", "age": 42, "gender": "Female", "before_university": 2, "university": 2, "faculty": "Foreign languages", "course": 7, "other_interest_first": "Children’s education", "other_interest_second": "Development of online education", "other_interest_third": "", "manager_status": "Manager Lead", "education_status": "Base", "hours_per_week": 10, "telegram_user_id": 946092184, "subscription_end_date": null, "date_joined": "2024-04-24T19:38:50.605Z", "is_busy": "Free", "position": 0, "interest_first": [], "interest_second": [], "interest_third": [1, 2, 6]}}, {"model": "account.student", "pk": 31, "fields": {"full_name": "Maqsudjon Solijonov Sodirjonovich", "mobile_phone": "+79876543210", "email": "maxcybercom@gmail.com", "tg_nickname": "maxcybercom", "age": 34, "gender": "Male", "before_university": 2, "university": 2, "faculty": "Geology", "course": 5, "other_interest_first": "", "other_interest_second": "", "other_interest_third": "", "manager_status": "Manager Lead", "education_status": "Base", "hours_per_week": 20, "telegram_user_id": 320183710, "subscription_end_date": null, "date_joined": "2024-04-25T01:51:37.929Z", "is_busy": "Free", "position": 0, "interest_first": [1, 2, 3], "interest_second": [10, 14, 15], "interest_third": [1, 2, 3]}}, {"model": "account.student", "pk": 41, "fields": {"full_name": "Сандомирская Валерия Павловна", "mobile_phone": "+79859062048", "email": "v.sandomirskaya@bk.ru", "tg_nickname": "fbbgghj", "age": 18, "gender": "Female", "before_university": 2, "university": 2, "faculty": "Management", "course": 1, "other_interest_first": "", "other_interest_second": "", "other_interest_third": "", "manager_status": "Manager Lead", "education_status": "Base", "hours_per_week": 25, "telegram_user_id": 1133696840, "subscription_end_date": null, "date_joined": "2024-05-22T08:06:21.254Z", "is_busy": "Free", "position": 0, "interest_first": [1, 2, 3], "interest_second": [5, 15, 16], "interest_third": [5, 6, 9]}}, {"model": "account.student", "pk": 45, "fields": {"full_name": "Сер Вас", "mobile_phone": "+79858045274", "email": "8045274@gmail.com", "tg_nickname": "sergeivasilchenko", "age": 35, "gender": "Male", "before_university": 2, "university": 3, "faculty": "Computer science", "course": 4, "other_interest_first": "", "other_interest_second": "", "other_interest_third": "", "manager_status": "Manager Lead", "education_status": "Base", "hours_per_week": 35, "telegram_user_id": 543903900, "subscription_end_date": null, "date_joined": "2024-05-29T12:24:37.469Z", "is_busy": "Free", "position": 0, "interest_first": [], "interest_second": [], "interest_third": []}}, {"model": "account.student", "pk": 65, "fields": {"full_name": "Valentina Yurievna Sheviakhova", "mobile_phone": "+79030029373", "email": "vsheviakhova@gmail.com", "tg_nickname": "ValentinaSheviakhova", "age": 42, "gender": "Female", "before_university": 2, "university": 1, "faculty": "Banking Institute", "course": 7, "other_interest_first": "", "other_interest_second": "", "other_interest_third": "", "manager_status": "Manager Lead", "education_status": "Base", "hours_per_week": 20, "telegram_user_id": 819526459, "subscription_end_date": null, "date_joined": "2024-05-30T11:22:28.854Z", "is_busy": "Free", "position": 0, "interest_first": [2, 3], "interest_second": [1, 10, 14], "interest_third": [1, 3, 8]}}, {"model": "account.student", "pk": 66, "fields": {"full_name": "Sergei Sergeevich Glukhov", "mobile_phone": "+79040457617", "email": "sglukhovs@gmail.com", "tg_nickname": "glukhovs", "age": 24, "gender": "Male", "before_university": 2, "university": 1, "faculty": "Management", "course": 7, "other_interest_first": "", "other_interest_second": "", "other_interest_third": "", "manager_status": "Manager Lead", "education_status": "Base", "hours_per_week": 40, "telegram_user_id": 898443505, "subscription_end_date": null, "date_joined": "2024-05-30T11:35:08.015Z", "is_busy": "Free", "position": 0, "interest_first": [2, 3, 5], "interest_second": [5, 14, 16], "interest_third": [1, 5, 8]}}, {"model": "account.student", "pk": 72, "fields": {"full_name": "Svyatoslav Repin", "mobile_phone": "+79152346668", "email": "ssrepin.innova@gmail.com", "tg_nickname": "ssrepin", "age": 31, "gender": "Male", "before_university": 2, "university": 1, "faculty": "Innovation management", "course": 7, "other_interest_first": "", "other_interest_second": "", "other_interest_third": "", "manager_status": "Manager Lead", "education_status": "Base", "hours_per_week": 20, "telegram_user_id": 999340524, "subscription_end_date": null, "date_joined": "2024-05-30T14:11:05.448Z", "is_busy": "Free", "position": 0, "interest_first": [2, 3], "interest_second": [3, 10, 14], "interest_third": [3, 5, 9]}}, {"model": "account.student", "pk": 74, "fields": {"full_name": "Николаев Егор Михайлович", "mobile_phone": "+79154924579", "email": "betweentwoforks@gmail.com", "tg_nickname": "forkandart", "age": 21, "gender": "Male", "before_university": 3, "university": 2, "faculty": "Physics", "course": 3, "other_interest_first": "", "other_interest_second": "", "other_interest_third": "", "manager_status": "Manager Lead", "education_status": "Base", "hours_per_week": 20, "telegram_user_id": 422256990, "subscription_end_date": null, "date_joined": "2024-05-30T14:38:50.612Z", "is_busy": "Free", "position": 0, "interest_first": [1, 2, 3], "interest_second": [2, 14, 16], "interest_third": [1, 2, 3]}}, {"model": "account.student", "pk": 75, "fields": {"full_name": "Дмитрий Олегович Федулов", "mobile_phone": "+79159459093", "email": "fedulovdo@yandex.ru", "tg_nickname": "fedulovdm", "age": 27, "gender": "Male", "before_university": 2, "university": 11, "faculty": "Компьютерные системы и комплексы", "course": 7, "other_interest_first": "", "other_interest_second": "", "other_interest_third": "", "manager_status": "Manager Lead", "education_status": "Base", "hours_per_week": 40, "telegram_user_id": 265292327, "subscription_end_date": null, "date_joined": "2024-05-30T14:59:08.510Z", "is_busy": "Free", "position": 0, "interest_first": [1, 2, 3], "interest_second": [10, 14, 15], "interest_third": [1, 2, 3]}}, {"model": "account.student", "pk": 76, "fields": {"full_name": "Kenzhebaev Talap Talgatovich", "mobile_phone": "+79869999999", "email": "tktk04620@gmail.com", "tg_nickname": "mrtalap", "age": 23, "gender": "Male", "before_university": 3, "university": 11, "faculty": "Information System", "course": 7, "other_interest_first": "", "other_interest_second": "", "other_interest_third": "", "manager_status": "Manager Lead", "education_status": "Base", "hours_per_week": 20, "telegram_user_id": 972426199, "subscription_end_date": null, "date_joined": "2024-05-30T22:55:22.978Z", "is_busy": "Free", "position": 0, "interest_first": [1, 2, 3], "interest_second": [14], "interest_third": [1, 2]}}, {"model": "account.student", "pk": 77, "fields": {"full_name": "Dmitrii Alekseevich Kim", "mobile_phone": "+79312924540", "email": "dkim.spb@gmail.com", "tg_nickname": "kda_16", "age": 21, "gender": "Male", "before_university": 3, "university": 1, "faculty": "Computer Science", "course": 3, "other_interest_first": "", "other_interest_second": "", "other_interest_third": "", "manager_status": "Manager Lead", "education_status": "Base", "hours_per_week": 30, "telegram_user_id": 411864669, "subscription_end_date": null, "date_joined": "2024-05-31T06:50:03.762Z", "is_busy": "Free", "position": 0, "interest_first": [1, 3, 5], "interest_second": [14, 15, 16], "interest_third": [1, 2, 5]}}, {"model": "account.student", "pk": 78, "fields": {"full_name": "Анастасия Доброгаева", "mobile_phone": "+79031040358", "email": "nastya.dobrogaeva@mail.ru", "tg_nickname": "nastyakid", "age": 40, "gender": "Female", "before_university": 4, "university": 11, "faculty": "Психология", "course": 7, "other_interest_first": "", "other_interest_second": "", "other_interest_third": "", "manager_status": "Manager Lead", "education_status": "Base", "hours_per_week": 40, "telegram_user_id": 203504405, "subscription_end_date": null, "date_joined": "2024-05-31T17:14:39.104Z", "is_busy": "Free", "position": 0, "interest_first": [], "interest_second": [], "interest_third": []}}, {"model": "account.student", "pk": 80, "fields": {"full_name": "Алла Гузова", "mobile_phone": "+79213690701", "email": "alla.guz@gmail.com", "tg_nickname": "AllaGuzova", "age": 39, "gender": "Female", "before_university": 5, "university": 11, "faculty": "University of Nottingham Business School, MBA", "course": 7, "other_interest_first": "", "other_interest_second": "Registration", "other_interest_third": "Registration", "manager_status": "Manager Lead", "education_status": "Base", "hours_per_week": 20, "telegram_user_id": 373401916, "subscription_end_date": null, "date_joined": "2024-05-31T17:48:47.016Z", "is_busy": "Free", "position": 0, "interest_first": [1, 2, 5], "interest_second": [5, 14], "interest_third": [5, 8]}}, {"model": "account.student", "pk": 81, "fields": {"full_name": "Aleksei Mikhailovitch Yakovlev", "mobile_phone": "+79785929661", "email": "vtoroemilo@list.ru", "tg_nickname": "LY_SVSTPL", "age": 36, "gender": "Male", "before_university": 4, "university": 11, "faculty": "History", "course": 7, "other_interest_first": "Marketing researches", "other_interest_second": "MArketing", "other_interest_third": "Find a community of explorers", "manager_status": "Manager Lead", "education_status": "Base", "hours_per_week": 35, "telegram_user_id": 5329888029, "subscription_end_date": null, "date_joined": "2024-05-31T20:36:55.476Z", "is_busy": "Free", "position": 0, "interest_first": [], "interest_second": [5], "interest_third": [3, 9]}}, {"model": "account.student", "pk": 82, "fields": {"full_name": "Чекина Анна Александровна", "mobile_phone": "+79161958417", "email": "chekinaa@yandex.ru", "tg_nickname": "darker_than_you", "age": 19, "gender": "Female", "before_university": 3, "university": 11, "faculty": "Бизнес-информатика", "course": 1, "other_interest_first": "Менеджмент", "other_interest_second": "", "other_interest_third": "", "manager_status": "Manager Lead", "education_status": "Base", "hours_per_week": 25, "telegram_user_id": 1644596679, "subscription_end_date": null, "date_joined": "2024-05-31T20:51:57.844Z", "is_busy": "Free", "position": 0, "interest_first": [], "interest_second": [2, 5, 15], "interest_third": [1, 2, 5]}}, {"model": "account.student", "pk": 83, "fields": {"full_name": "Данияр Кайдар Берикулы", "mobile_phone": "+78078643713", "email": "daniyar@akhter.studio", "tg_nickname": "DaniyarKaidar", "age": 25, "gender": "Male", "before_university": 3, "university": 11, "faculty": "Business administration", "course": 7, "other_interest_first": "", "other_interest_second": "IT Outsourcing, Custom Software Development, Digitalization", "other_interest_third": "", "manager_status": "Manager Lead", "education_status": "Base", "hours_per_week": 20, "telegram_user_id": 518604987, "subscription_end_date": null, "date_joined": "2024-06-01T09:31:22.128Z", "is_busy": "Free", "position": 0, "interest_first": [1, 2, 3], "interest_second": [], "interest_third": [1, 2, 3]}}, {"model": "account.student", "pk": 84, "fields": {"full_name": "Chekanova Ekaterina Andreevna", "mobile_phone": "+79600564428", "email": "chekanova-03@inbox.ru", "tg_nickname": "annn1retake", "age": 20, "gender": "Female", "before_university": 3, "university": 10, "faculty": "Information Technology", "course": 3, "other_interest_first": "", "other_interest_second": "", "other_interest_third": "", "manager_status": "Manager Lead", "education_status": "Base", "hours_per_week": 30, "telegram_user_id": 555805417, "subscription_end_date": null, "date_joined": "2024-06-02T12:34:41.136Z", "is_busy": "Free", "position": 0, "interest_first": [1, 4, 9], "interest_second": [2, 3, 5], "interest_third": [1, 5, 7]}}, {"model": "account.student", "pk": 85, "fields": {"full_name": "Kirill Kiosa Kirillovich", "mobile_phone": "+79262854417", "email": "kirillkiosa37@gmail.com", "tg_nickname": "Kirill_Kiosa", "age": 20, "gender": "Male", "before_university": 3, "university": 1, "faculty": "Computer Science", "course": 3, "other_interest_first": "", "other_interest_second": "", "other_interest_third": "", "manager_status": "Manager Lead", "education_status": "Base", "hours_per_week": 20, "telegram_user_id": 1234720878, "subscription_end_date": null, "date_joined": "2024-06-02T15:35:35.375Z", "is_busy": "Free", "position": 0, "interest_first": [2, 5, 6], "interest_second": [2, 3, 4], "interest_third": [1, 3, 6]}}, {"model": "account.student", "pk": 86, "fields": {"full_name": "Aliaksandr Liaukovich", "mobile_phone": "+79876543210", "email": "alex_levcovich@mail.ru", "tg_nickname": "ALiaukovich", "age": 44, "gender": "Male", "before_university": 5, "university": 11, "faculty": "Management", "course": 7, "other_interest_first": "", "other_interest_second": "Logistics", "other_interest_third": "", "manager_status": "Manager Lead", "education_status": "Base", "hours_per_week": 20, "telegram_user_id": 203281627, "subscription_end_date": null, "date_joined": "2024-06-02T20:07:16.050Z", "is_busy": "Free", "position": 0, "interest_first": [3, 5, 7], "interest_second": [3, 14], "interest_third": [3, 4, 5]}}, {"model": "account.student", "pk": 87, "fields": {"full_name": "Анастасия Магасумова", "mobile_phone": "+79275706007", "email": "blackswan201894@yandex.ru", "tg_nickname": "Crypto_Witch777", "age": 29, "gender": "Female", "before_university": 3, "university": 11, "faculty": "Clinical Psychology and Theatre Institute", "course": 7, "other_interest_first": "", "other_interest_second": "Crypro/AI", "other_interest_third": "", "manager_status": "Manager Lead", "education_status": "Base", "hours_per_week": 40, "telegram_user_id": 534782657, "subscription_end_date": null, "date_joined": "2024-06-03T09:15:09.360Z", "is_busy": "Free", "position": 0, "interest_first": [2, 3, 4], "interest_second": [2, 5], "interest_third": [1, 2, 3]}}, {"model": "account.student", "pk": 88, "fields": {"full_name": "Anastasiia Afanaseva", "mobile_phone": "+79936030043", "email": "Zmpapillon@gmail.com", "tg_nickname": "Af_Asja", "age": 39, "gender": "Female", "before_university": 3, "university": 11, "faculty": "Physical and mathematical", "course": 7, "other_interest_first": "Business analysis, Recruitment", "other_interest_second": "Hr", "other_interest_third": "", "manager_status": "Manager Lead", "education_status": "Base", "hours_per_week": 40, "telegram_user_id": 6209215288, "subscription_end_date": null, "date_joined": "2024-06-03T09:41:32.951Z", "is_busy": "Free", "position": 0, "interest_first": [], "interest_second": [4, 14], "interest_third": [5, 6, 7]}}, {"model": "account.student", "pk": 89, "fields": {"full_name": "Angelina", "mobile_phone": "+79876543210", "email": "uartchange@gmail.com", "tg_nickname": "angelina_bereza", "age": 33, "gender": "Female", "before_university": 5, "university": 11, "faculty": "Economy", "course": 6, "other_interest_first": "", "other_interest_second": "", "other_interest_third": "", "manager_status": "Manager Lead", "education_status": "Base", "hours_per_week": 24, "telegram_user_id": 1065971158, "subscription_end_date": null, "date_joined": "2024-06-03T16:39:07.284Z", "is_busy": "Free", "position": 0, "interest_first": [], "interest_second": [], "interest_third": []}}, {"model": "account.student", "pk": 90, "fields": {"full_name": "Журавлева Дарья Алексеевна", "mobile_phone": "+79600818082", "email": "Zhur.a.vleva@ya.ru", "tg_nickname": "zhur_a_vleva", "age": 21, "gender": "Female", "before_university": 3, "university": 11, "faculty": "Информатика и вычислительная техника", "course": 4, "other_interest_first": "", "other_interest_second": "", "other_interest_third": "", "manager_status": "Manager Lead", "education_status": "Base", "hours_per_week": 40, "telegram_user_id": 227731489, "subscription_end_date": null, "date_joined": "2024-06-04T10:44:36.561Z", "is_busy": "Free", "position": 0, "interest_first": [2, 3, 5], "interest_second": [5, 10, 16], "interest_third": [3, 8, 9]}}, {"model": "account.student", "pk": 91, "fields": {"full_name": "Дуплищев Максим Алексеевич", "mobile_phone": "+79031163250", "email": "maksim.duplishchev@mail.ru", "tg_nickname": "maksimusd", "age": 27, "gender": "Male", "before_university": 5, "university": 11, "faculty": "Государственные и муниципальные финансы", "course": 7, "other_interest_first": "", "other_interest_second": "", "other_interest_third": "", "manager_status": "Manager Lead", "education_status": "Base", "hours_per_week": 25, "telegram_user_id": 180207874, "subscription_end_date": null, "date_joined": "2024-06-05T09:31:22.835Z", "is_busy": "Free", "position": 0, "interest_first": [2, 4, 9], "interest_second": [4, 10, 16], "interest_third": [1, 3, 4]}}, {"model": "account.student", "pk": 92, "fields": {"full_name": "Anton Pechenkin", "mobile_phone": "+79803504142", "email": "Pechenkin1997@inbox.ru", "tg_nickname": "Anton_Pechenkin", "age": 26, "gender": "Male", "before_university": 5, "university": 11, "faculty": "Economy", "course": 7, "other_interest_first": "", "other_interest_second": "", "other_interest_third": "", "manager_status": "Manager Lead", "education_status": "Base", "hours_per_week": 20, "telegram_user_id": 373162575, "subscription_end_date": null, "date_joined": "2024-06-05T09:38:16.344Z", "is_busy": "Free", "position": 0, "interest_first": [], "interest_second": [], "interest_third": []}}, {"model": "account.student", "pk": 93, "fields": {"full_name": "Экстрин Максим Владимирович", "mobile_phone": "+79259859662", "email": "Maxim.extrin@yandex.ru", "tg_nickname": "extrimaxzippo", "age": 37, "gender": "Male", "before_university": 4, "university": 11, "faculty": "Социологии и социальной антропологии", "course": 7, "other_interest_first": "", "other_interest_second": "", "other_interest_third": "", "manager_status": "Manager Lead", "education_status": "Base", "hours_per_week": 40, "telegram_user_id": 826177415, "subscription_end_date": null, "date_joined": "2024-06-05T10:23:04.135Z", "is_busy": "Free", "position": 0, "interest_first": [4, 5], "interest_second": [2, 16], "interest_third": [8]}}, {"model": "account.student", "pk": 94, "fields": {"full_name": "Eshbekov Alisher", "mobile_phone": "+79876543210", "email": "eshbekovalisher01@gmail.com", "tg_nickname": "eshbekovalisher1", "age": 21, "gender": "Male", "before_university": 3, "university": 11, "faculty": "Economics", "course": 7, "other_interest_first": "", "other_interest_second": "", "other_interest_third": "", "manager_status": "Manager Lead", "education_status": "Base", "hours_per_week": 20, "telegram_user_id": 945007563, "subscription_end_date": null, "date_joined": "2024-06-05T14:00:00.606Z", "is_busy": "Free", "position": 0, "interest_first": [1, 2, 3], "interest_second": [5, 14, 15], "interest_third": [1, 2, 3]}}, {"model": "account.student", "pk": 95, "fields": {"full_name": "Almasbekkyzy Aidana", "mobile_phone": "+79876543228", "email": "aidana.almasbekkyzy@gmail.com", "tg_nickname": "montanaq_a", "age": 28, "gender": "Female", "before_university": 5, "university": 11, "faculty": "Engineering", "course": 7, "other_interest_first": "IT", "other_interest_second": "", "other_interest_third": "", "manager_status": "Manager Lead", "education_status": "Base", "hours_per_week": 40, "telegram_user_id": 396196596, "subscription_end_date": null, "date_joined": "2024-06-05T14:05:27.399Z", "is_busy": "Free", "position": 0, "interest_first": [5], "interest_second": [1, 10, 14], "interest_third": [2, 3, 6]}}, {"model": "account.student", "pk": 96, "fields": {"full_name": "Михаил Кузнецов", "mobile_phone": "+79779146242", "email": "km6809386@gmail.com", "tg_nickname": "mkzn_mkzn", "age": 34, "gender": "Male", "before_university": 4, "university": 8, "faculty": "Коммерции и маркетинга", "course": 5, "other_interest_first": "", "other_interest_second": "", "other_interest_third": "", "manager_status": "Manager Lead", "education_status": "Base", "hours_per_week": 20, "telegram_user_id": 137523462, "subscription_end_date": null, "date_joined": "2024-06-05T14:19:09.767Z", "is_busy": "Free", "position": 0, "interest_first": [1, 2, 5], "interest_second": [3, 5, 15], "interest_third": [1, 2, 3]}}, {"model": "account.student", "pk": 99, "fields": {"full_name": "Алина Александровна Горачева", "mobile_phone": "+79185075032", "email": "9094474249alina@mail.ru", "tg_nickname": "alinatovk", "age": 34, "gender": "Female", "before_university": 4, "university": 11, "faculty": "Economy & Management", "course": 7, "other_interest_first": "Продажи, транзитная торговля, логистика, торговля на Маркетплейсах.", "other_interest_second": "", "other_interest_third": "", "manager_status": "Manager Lead", "education_status": "Base", "hours_per_week": 40, "telegram_user_id": 1592107204, "subscription_end_date": null, "date_joined": "2024-06-06T13:04:17.926Z", "is_busy": "Free", "position": 0, "interest_first": [5, 9], "interest_second": [], "interest_third": [1, 4, 5]}}, {"model": "account.student", "pk": 100, "fields": {"full_name": "Dmitriy Filippov", "mobile_phone": "+79959199264", "email": "filippov.dmitr@gmail.com", "tg_nickname": "ru_brooming", "age": 35, "gender": "Male", "before_university": 3, "university": 11, "faculty": "International economic relations (MGIMO)", "course": 7, "other_interest_first": "", "other_interest_second": "", "other_interest_third": "", "manager_status": "Manager Lead", "education_status": "Base", "hours_per_week": 40, "telegram_user_id": 460254839, "subscription_end_date": null, "date_joined": "2024-06-06T17:25:24.648Z", "is_busy": "Free", "position": 0, "interest_first": [1, 2, 3], "interest_second": [3, 14, 16], "interest_third": [4, 5, 8]}}, {"model": "account.student", "pk": 101, "fields": {"full_name": "test", "mobile_phone": "+79999999999", "email": "test@mail.com", "tg_nickname": "moscow_greek", "age": 22, "gender": "male", "before_university": 2, "university": 1, "faculty": "test", "course": 1, "other_interest_first": "", "other_interest_second": "", "other_interest_third": "", "manager_status": "Manager Lead", "education_status": "Base", "hours_per_week": 22, "telegram_user_id": 208128144, "subscription_end_date": null, "date_joined": "2024-06-07T11:50:00.791Z", "is_busy": "Free", "position": 0, "interest_first": [], "interest_second": [], "interest_third": []}}, {"model": "account.student", "pk": 102, "fields": {"full_name": "test1", "mobile_phone": "+79999999999", "email": "test@mail.com", "tg_nickname": "otva1l", "age": 22, "gender": "male", "before_university": 2, "university": 1, "faculty": "test", "course": 1, "other_interest_first": null, "other_interest_second": null, "other_interest_third": null, "manager_status": "Manager Lead", "education_status": "Base", "hours_per_week": 22, "telegram_user_id": 686386017, "subscription_end_date": null, "date_joined": "2024-06-11T15:19:49.608Z", "is_busy": "Free", "position": 0, "interest_first": [], "interest_second": [], "interest_third": []}}, {"model": "account.student", "pk": 103, "fields": {"full_name": "Angelina Vitalievna Kozlova", "mobile_phone": "+79267368790", "email": "gely0326@gmail.com", "tg_nickname": "ko_gely", "age": 21, "gender": "Female", "before_university": 3, "university": 11, "faculty": "Bachelor of Applied Economics and Commerce, MGIMO", "course": 4, "other_interest_first": "", "other_interest_second": "", "other_interest_third": "", "manager_status": "Manager Lead", "education_status": "Base", "hours_per_week": 40, "telegram_user_id": 759492527, "subscription_end_date": null, "date_joined": "2024-06-14T06:08:31.406Z", "is_busy": "Free", "position": 0, "interest_first": [5, 7, 8], "interest_second": [2, 5, 10], "interest_third": [1, 5, 9]}}, {"model": "account.student", "pk": 104, "fields": {"full_name": "Ekaterina Alexandrovna Lazareva", "mobile_phone": "+79163664899", "email": "ekaterina.lazareva00@list.ru", "tg_nickname": "laz_katerina", "age": 23, "gender": "Female", "before_university": 5, "university": 2, "faculty": "Economy", "course": 7, "other_interest_first": "", "other_interest_second": "", "other_interest_third": "", "manager_status": "Manager Lead", "education_status": "Base", "hours_per_week": 20, "telegram_user_id": 615506828, "subscription_end_date": null, "date_joined": "2024-06-14T11:24:10.085Z", "is_busy": "Free", "position": 0, "interest_first": [6, 7, 8], "interest_second": [3, 4, 16], "interest_third": [1, 3, 5]}}, {"model": "account.student", "pk": 105, "fields": {"full_name": "Julious Krasner", "mobile_phone": "89876153926", "email": "yuly.krasner@yandex.ru", "tg_nickname": "juliouskr", "age": 24, "gender": "Male", "before_university": 5, "university": 1, "faculty": "Economy", "course": 2, "other_interest_first": "", "other_interest_second": "", "other_interest_third": "", "manager_status": "Manager Lead", "education_status": "Base", "hours_per_week": 40, "telegram_user_id": 344205784, "subscription_end_date": null, "date_joined": "2024-06-15T11:07:29.106Z", "is_busy": "Free", "position": 0, "interest_first": [3, 5, 6], "interest_second": [4, 10, 14], "interest_third": [3, 5, 6]}}, {"model": "account.student", "pk": 106, "fields": {"full_name": "Юрий Николаевич Воробьев", "mobile_phone": "+79034032397", "email": "izobretarium@mail.ru", "tg_nickname": "YoustasM", "age": 48, "gender": "Male", "before_university": 4, "university": 11, "faculty": "Коммерция и маркетинг", "course": 7, "other_interest_first": "", "other_interest_second": "", "other_interest_third": "", "manager_status": "Manager Lead", "education_status": "Base", "hours_per_week": 25, "telegram_user_id": 363882280, "subscription_end_date": null, "date_joined": "2024-06-24T14:33:16.782Z", "is_busy": "Free", "position": 0, "interest_first": [2], "interest_second": [1, 5, 14], "interest_third": [1, 2, 3]}}, {"model": "account.student", "pk": 107, "fields": {"full_name": "Тригубенкова Валерия Николаевна", "mobile_phone": "+79372062054", "email": "valeriatrigubenkova@gmail.com", "tg_nickname": "trigginame", "age": 23, "gender": "Female", "before_university": 3, "university": 11, "faculty": "Economy", "course": 7, "other_interest_first": "", "other_interest_second": "", "other_interest_third": "", "manager_status": "Manager Lead", "education_status": "Base", "hours_per_week": 15, "telegram_user_id": 1331068029, "subscription_end_date": null, "date_joined": "2024-06-25T13:36:09.431Z", "is_busy": "Free", "position": 0, "interest_first": [5, 6, 7], "interest_second": [5, 10, 14], "interest_third": [1, 2, 8]}}, {"model": "account.student", "pk": 108, "fields": {"full_name": "Каращук Максим Романович", "mobile_phone": "+79161785411", "email": "karas5411@yandex.ru", "tg_nickname": "karas5411", "age": 24, "gender": "Male", "before_university": 5, "university": 9, "faculty": "ИГСУ", "course": 7, "other_interest_first": "", "other_interest_second": "", "other_interest_third": "", "manager_status": "Manager Lead", "education_status": "Base", "hours_per_week": 40, "telegram_user_id": 285533530, "subscription_end_date": null, "date_joined": "2024-06-28T11:43:16.776Z", "is_busy": "Free", "position": 0, "interest_first": [1, 2, 5], "interest_second": [1, 2, 3], "interest_third": [3, 5, 9]}}, {"model": "account.student", "pk": 109, "fields": {"full_name": "Vladimir Shergin", "mobile_phone": "+79842720313", "email": "Vneputin@mail.ru", "tg_nickname": "momoXIII", "age": 30, "gender": "Male", "before_university": 5, "university": 11, "faculty": "Physics and Technology University", "course": 7, "other_interest_first": "analyst", "other_interest_second": "", "other_interest_third": "", "manager_status": "Manager Lead", "education_status": "Base", "hours_per_week": 40, "telegram_user_id": 1770029174, "subscription_end_date": null, "date_joined": "2024-06-30T16:09:11.255Z", "is_busy": "Free", "position": 0, "interest_first": [2, 9], "interest_second": [3, 4, 5], "interest_third": [5, 6]}}, {"model": "account.student", "pk": 110, "fields": {"full_name": "Leonid Dyachkov", "mobile_phone": "+79276177824", "email": "l.dyachkov@gmail.com", "tg_nickname": "LDyachkov", "age": 17, "gender": "Male", "before_university": 5, "university": 11, "faculty": "IT", "course": 7, "other_interest_first": "", "other_interest_second": "", "other_interest_third": "", "manager_status": "Manager Lead", "education_status": "Base", "hours_per_week": 25, "telegram_user_id": 367974568, "subscription_end_date": null, "date_joined": "2024-07-03T16:45:34.051Z", "is_busy": "Free", "position": 0, "interest_first": [1, 2, 3], "interest_second": [3, 14, 15], "interest_third": [1, 2, 3]}}, {"model": "account.student", "pk": 111, "fields": {"full_name": "Шихаматов Джабраил Эльдарович", "mobile_phone": "+79887969255", "email": "shahamadov53@gmail.com", "tg_nickname": "Djabral", "age": 19, "gender": "Male", "before_university": 3, "university": 3, "faculty": "Инженерный бизнес и менеджмент", "course": 3, "other_interest_first": "", "other_interest_second": "", "other_interest_third": "", "manager_status": "Manager Lead", "education_status": "Base", "hours_per_week": 30, "telegram_user_id": 906317774, "subscription_end_date": null, "date_joined": "2024-07-03T16:56:51.081Z", "is_busy": "Free", "position": 0, "interest_first": [], "interest_second": [], "interest_third": []}}, {"model": "account.student", "pk": 112, "fields": {"full_name": "Мильто тест", "mobile_phone": "+79999999999", "email": "test@mail.com", "tg_nickname": "None", "age": 22, "gender": "male", "before_university": 2, "university": 1, "faculty": "test", "course": 1, "other_interest_first": "", "other_interest_second": "", "other_interest_third": "", "manager_status": "Manager Lead", "education_status": "Base", "hours_per_week": 22, "telegram_user_id": 6852469416, "subscription_end_date": null, "date_joined": "2024-07-03T21:59:47.522Z", "is_busy": "Free", "position": 0, "interest_first": [], "interest_second": [], "interest_third": []}}, {"model": "account.student", "pk": 113, "fields": {"full_name": "Khetag Aldatov", "mobile_phone": "+79055567456", "email": "khaldatov@mail.ru", "tg_nickname": "acreatureofaday", "age": 26, "gender": "Male", "before_university": 5, "university": 2, "faculty": "Economy", "course": 7, "other_interest_first": "", "other_interest_second": "", "other_interest_third": "", "manager_status": "Manager Lead", "education_status": "Base", "hours_per_week": 40, "telegram_user_id": 568056441, "subscription_end_date": null, "date_joined": "2024-07-04T07:07:14.215Z", "is_busy": "Free", "position": 0, "interest_first": [], "interest_second": [], "interest_third": []}}, {"model": "account.student", "pk": 114, "fields": {"full_name": "Victoria Paranina", "mobile_phone": "+79271423563", "email": "paranina.victoria@gmail.com", "tg_nickname": "vparanina", "age": 23, "gender": "Female", "before_university": 5, "university": 9, "faculty": "Management", "course": 7, "other_interest_first": "", "other_interest_second": "", "other_interest_third": "", "manager_status": "Manager Lead", "education_status": "Base", "hours_per_week": 30, "telegram_user_id": 192542553, "subscription_end_date": null, "date_joined": "2024-07-04T09:23:36.531Z", "is_busy": "Free", "position": 0, "interest_first": [1, 2, 5], "interest_second": [2, 4, 5], "interest_third": [1, 5, 6]}}, {"model": "account.student", "pk": 115, "fields": {"full_name": "Kononov Gleb Evgenievich", "mobile_phone": "+79889460321", "email": "glkononov0@gmail.com", "tg_nickname": "glkononov", "age": 20, "gender": "Male", "before_university": 3, "university": 11, "faculty": "Management in innovative entrepreneurship", "course": 4, "other_interest_first": "", "other_interest_second": "Любые другие ниши в зависимости от формата участия в них", "other_interest_third": "", "manager_status": "Manager Lead", "education_status": "Base", "hours_per_week": 25, "telegram_user_id": 699236783, "subscription_end_date": null, "date_joined": "2024-07-05T19:54:53.889Z", "is_busy": "Free", "position": 0, "interest_first": [1, 2], "interest_second": [5], "interest_third": [1, 3, 9]}}, {"model": "account.student", "pk": 116, "fields": {"full_name": "Ilya Golubenko", "mobile_phone": "79110825354", "email": "golubenkoir@gmail.com", "tg_nickname": "unhsiwop", "age": 24, "gender": "Male", "before_university": 5, "university": 11, "faculty": "Management", "course": 7, "other_interest_first": "", "other_interest_second": "", "other_interest_third": "", "manager_status": "Manager Lead", "education_status": "Base", "hours_per_week": 20, "telegram_user_id": 682277828, "subscription_end_date": null, "date_joined": "2024-07-09T10:48:18.759Z", "is_busy": "Free", "position": 0, "interest_first": [2, 5, 7], "interest_second": [2, 4, 10], "interest_third": [1, 3, 4]}}, {"model": "account.student", "pk": 117, "fields": {"full_name": "Грек Константин Андреевич", "mobile_phone": "+79167647027", "email": "grekkonstantin22@gmail.com", "tg_nickname": "ConstantaPM", "age": 20, "gender": "Male", "before_university": 3, "university": 3, "faculty": "Космический", "course": 3, "other_interest_first": "", "other_interest_second": "", "other_interest_third": "", "manager_status": "Manager Lead", "education_status": "Base", "hours_per_week": 30, "telegram_user_id": 754436882, "subscription_end_date": null, "date_joined": "2024-07-31T11:02:18.809Z", "is_busy": "Free", "position": 0, "interest_first": [1, 2, 3], "interest_second": [2, 3, 5], "interest_third": [1, 2, 3]}}, {"model": "account.student", "pk": 118, "fields": {"full_name": "Ilya Pavlov", "mobile_phone": "+79778931711", "email": "sickstick37@gmail.com", "tg_nickname": "bigrillz", "age": 26, "gender": "Male", "before_university": 5, "university": 11, "faculty": "Data Science", "course": 7, "other_interest_first": "", "other_interest_second": "", "other_interest_third": "", "manager_status": "Manager Lead", "education_status": "Base", "hours_per_week": 30, "telegram_user_id": 2046485465, "subscription_end_date": null, "date_joined": "2024-08-16T17:08:54.142Z", "is_busy": "Free", "position": 0, "interest_first": [2, 3, 5], "interest_second": [2, 5, 16], "interest_third": [3, 8, 9]}}, {"model": "account.studentcv", "pk": 3, "fields": {"student": 27, "file": "student_cv/CV_Saida_Anvarova_2.pdf", "create_date": "2024-05-27T20:26:48.952Z"}}, {"model": "account.groupstudent", "pk": 1, "fields": {"name": "Команда YouStars", "captain": 4, "create_date": "2024-06-28T10:08:12.704Z", "students": [8, 74, 80]}}, {"model": "account.student_projects", "pk": 8, "fields": {"student": null, "project": 6}}, {"model": "account.student_projects", "pk": 9, "fields": {"student": null, "project": 6}}, {"model": "account.student_projects", "pk": 10, "fields": {"student": 8, "project": 6}}, {"model": "account.student_projects", "pk": 11, "fields": {"student": 10, "project": 7}}, {"model": "account.student_projects", "pk": 12, "fields": {"student": 8, "project": 8}}, {"model": "account.student_projects", "pk": 13, "fields": {"student": null, "project": 8}}, {"model": "account.student_projects", "pk": 14, "fields": {"student": 12, "project": 8}}, {"model": "account.student_projects", "pk": 15, "fields": {"student": null, "project": 8}}, {"model": "account.student_projects", "pk": 16, "fields": {"student": 8, "project": 9}}, {"model": "account.student_projects", "pk": 19, "fields": {"student": 102, "project": 10}}, {"model": "account.student_projects", "pk": 20, "fields": {"student": 101, "project": 10}}, {"model": "account.student_projects", "pk": 21, "fields": {"student": 45, "project": 10}}, {"model": "account.student_projects", "pk": 22, "fields": {"student": 45, "project": 11}}, {"model": "account.student_projects", "pk": 23, "fields": {"student": 102, "project": 11}}, {"model": "account.student_projects", "pk": 24, "fields": {"student": 45, "project": 12}}, {"model": "account.student_projects", "pk": 25, "fields": {"student": 102, "project": 12}}, {"model": "account.student_projects", "pk": 27, "fields": {"student": 66, "project": 14}}, {"model": "account.student_projects", "pk": 28, "fields": {"student": 21, "project": 14}}, {"model": "account.student_projects", "pk": 29, "fields": {"student": 101, "project": 14}}, {"model": "account.student_projects", "pk": 30, "fields": {"student": 8, "project": 14}}, {"model": "account.student_projects", "pk": 31, "fields": {"student": 12, "project": 14}}, {"model": "account.student_projects", "pk": 32, "fields": {"student": 74, "project": 14}}, {"model": "account.student_projects", "pk": 33, "fields": {"student": 8, "project": 17}}, {"model": "account.student_projects", "pk": 34, "fields": {"student": 4, "project": 17}}, {"model": "account.student_projects", "pk": 35, "fields": {"student": 112, "project": 12}}, {"model": "account.student_projects", "pk": 36, "fields": {"student": 41, "project": 17}}, {"model": "account.student_projects", "pk": 37, "fields": {"student": 111, "project": 17}}, {"model": "account.student_projects", "pk": 38, "fields": {"student": 8, "project": 18}}, {"model": "account.student_projects", "pk": 39, "fields": {"student": 80, "project": 18}}, {"model": "account.student_projects", "pk": 40, "fields": {"student": 4, "project": 18}}, {"model": "account.student_projects", "pk": 41, "fields": {"student": 8, "project": 19}}, {"model": "account.student_projects", "pk": 42, "fields": {"student": 80, "project": 19}}, {"model": "account.student_projects", "pk": 43, "fields": {"student": 4, "project": 19}}, {"model": "account.student_projects", "pk": 44, "fields": {"student": 8, "project": 20}}, {"model": "account.student_projects", "pk": 45, "fields": {"student": 4, "project": 20}}, {"model": "account.student_projects", "pk": 46, "fields": {"student": 8, "project": 21}}, {"model": "account.student_projects", "pk": 48, "fields": {"student": 45, "project": 22}}, {"model": "account.student_projects", "pk": 49, "fields": {"student": 116, "project": 23}}, {"model": "account.student_projects", "pk": 50, "fields": {"student": 20, "project": 23}}, {"model": "account.student_projects", "pk": 51, "fields": {"student": 107, "project": 19}}, {"model": "account.student_projects", "pk": 52, "fields": {"student": 78, "project": 19}}, {"model": "account.student_projects", "pk": 53, "fields": {"student": 8, "project": 24}}, {"model": "account.student_projects", "pk": 54, "fields": {"student": 8, "project": 25}}, {"model": "account.student_projects", "pk": 55, "fields": {"student": 4, "project": 25}}, {"model": "account.student_projects", "pk": 56, "fields": {"student": 112, "project": 22}}, {"model": "account.testtask", "pk": 11, "fields": {"title": "Рынок аутстаффинга в регионе MENA", "description": "Проанализировать рынок аутстаффинга (кроме IT-аутстаффинга), выявить основные решения, тренды и найти контакты сотрудников из каждой компании на LinkedIn.", "url": "https://docs.google.com/document/d/1kSA1zS5ukfgvPRF3R9bo2jlCzbbf4tR-F5MXhoi5Tq0/edit#heading=h.m6qjh8ugzivm", "task_duration": 5}}, {"model": "account.testtask", "pk": 12, "fields": {"title": "Рынок аутстаффинга в США", "description": "Проанализировать рынок аутстаффинга (кроме IT-аутстаффинга), выявить основные решения, тренды и найти контакты сотрудников из каждой компании на LinkedIn.", "url": "https://docs.google.com/document/d/1kFcCjQRcjGQdCW-FvITZ9QbMXHUxUzClakB7vQz-Ds8/edit", "task_duration": 5}}, {"model": "account.testtask", "pk": 13, "fields": {"title": "Рынок аутстаффинга в регионе ЛатАм", "description": "Проанализировать рынок аутстаффинга (кроме IT-аутстаффинга), выявить основные решения, тренды и найти контакты сотрудников из каждой компании на LinkedIn.", "url": "https://docs.google.com/document/d/1uM-aZOhG-QEiTvOwQHmL5wima3Tfg0PJAtxKrGn5BWg/edit", "task_duration": 5}}, {"model": "account.testtask", "pk": 14, "fields": {"title": "Рынок аутстаффинга в Индии", "description": "Проанализировать рынок аутстаффинга (кроме IT-аутстаффинга), выявить основные решения, тренды и найти контакты сотрудников из каждой компании на LinkedIn.", "url": "https://docs.google.com/document/d/1oQrwapb7_uUJr2TgiviXWyVhkyoYHP5JUJd5lqQZKLs/edit", "task_duration": 5}}, {"model": "account.testtask", "pk": 15, "fields": {"title": "Рынок аутстаффинга в Европе", "description": "Проанализировать рынок аутстаффинга (кроме IT-аутстаффинга), выявить основные решения, тренды и найти контакты сотрудников из каждой компании на LinkedIn.", "url": "https://docs.google.com/document/d/1t_ZzmCY2KotMREimdc5Fjh5k4pfZCiZWr_-2JoMnvz8/edit", "task_duration": 5}}, {"model": "account.testtask", "pk": 16, "fields": {"title": "Рынок аутстаффинга в странах Африки", "description": "Проанализировать рынок аутстаффинга (кроме IT-аутстаффинга), выявить основные решения, тренды и найти контакты сотрудников из каждой компании на LinkedIn.", "url": "https://docs.google.com/document/d/1QNthbK7hAPyfOjYG9pSCNiIox2B-j4gs4jCHPOj33tg/edit", "task_duration": 5}}, {"model": "account.testtask", "pk": 17, "fields": {"title": "Анализ компаний, предоставляющих стажировки студентам", "description": "Ребята, приветствуем! Вам предстоит провести анализ компаний, предоставляющих стажировки студентам, в одном из выбранных регионов: Европа, Америка или Латинская Америка. Выберите регион по вашему усмотрению.", "url": "https://docs.google.com/document/d/1cG8b0jVyvX5iMw8t-9237fuO4I0eCOgg5b-pwb0q0m0/edit?usp=sharing", "task_duration": 3}}, {"model": "account.testtaskevaluation", "pk": 65, "fields": {"student": 103, "telegram_user_id": null, "is_completed": "Нет", "url": null, "score": 0, "comment": null, "assigned_testtask": 16, "date_accepted": "2024-08-25T14:30:05.180Z"}}, {"model": "account.testtaskevaluation", "pk": 66, "fields": {"student": 104, "telegram_user_id": null, "is_completed": "Нет", "url": null, "score": 0, "comment": null, "assigned_testtask": 16, "date_accepted": "2024-08-25T14:30:05.180Z"}}, {"model": "account.testtaskevaluation", "pk": 67, "fields": {"student": 105, "telegram_user_id": null, "is_completed": "Нет", "url": null, "score": 0, "comment": null, "assigned_testtask": 15, "date_accepted": "2024-08-25T14:30:05.180Z"}}, {"model": "account.testtaskevaluation", "pk": 68, "fields": {"student": 106, "telegram_user_id": null, "is_completed": "Нет", "url": "https://rndbiz.notion.site/e47938b106a94c04b206fafee83ef407", "score": 0, "comment": null, "assigned_testtask": 15, "date_accepted": "2024-08-25T14:30:05.180Z"}}, {"model": "account.testtaskevaluation", "pk": 69, "fields": {"student": 107, "telegram_user_id": null, "is_completed": "Да", "url": "https://docs.google.com/document/d/1AmVpvMLxPb1pUOaqfaykUn3DmnFR-cBXBnCUG5RFYOc/edit?usp=sharing", "score": 3, "comment": "", "assigned_testtask": 12, "date_accepted": "2024-08-25T14:30:05.180Z"}}, {"model": "account.testtaskevaluation", "pk": 70, "fields": {"student": 108, "telegram_user_id": null, "is_completed": "Нет", "url": null, "score": 0, "comment": null, "assigned_testtask": 13, "date_accepted": "2024-08-25T14:30:05.180Z"}}, {"model": "account.testtaskevaluation", "pk": 71, "fields": {"student": 109, "telegram_user_id": null, "is_completed": "Нет", "url": null, "score": 0, "comment": null, "assigned_testtask": 15, "date_accepted": "2024-08-25T14:30:05.180Z"}}, {"model": "account.testtaskevaluation", "pk": 72, "fields": {"student": 110, "telegram_user_id": null, "is_completed": "Нет", "url": null, "score": 0, "comment": null, "assigned_testtask": 15, "date_accepted": "2024-08-25T14:30:05.180Z"}}, {"model": "account.testtaskevaluation", "pk": 73, "fields": {"student": 111, "telegram_user_id": null, "is_completed": "Да", "url": "https://ru.wikipedia.org/wiki/Заглавная_страница", "score": 3, "comment": "Добро пожаловать в команду", "assigned_testtask": 11, "date_accepted": "2024-08-25T14:30:05.180Z"}}, {"model": "account.testtaskevaluation", "pk": 74, "fields": {"student": 112, "telegram_user_id": null, "is_completed": "Да", "url": "https://docs.google.com/document/d/1kFcCjQRcjGQdCW-FvITZ9QbMXHUxUzClakB7vQz-Ds8/edit", "score": 3, "comment": "привет", "assigned_testtask": 12, "date_accepted": "2024-08-25T14:30:05.180Z"}}, {"model": "account.testtaskevaluation", "pk": 75, "fields": {"student": 113, "telegram_user_id": null, "is_completed": "Нет", "url": "https://docs.google.com/spreadsheets/d/1uU6xeot3PYiA9lIt08Gt5nsOUrSB89ok-kUay-j4qJU/edit?gid=0#gid=0", "score": 0, "comment": null, "assigned_testtask": 13, "date_accepted": "2024-08-25T14:30:05.180Z"}}, {"model": "account.testtaskevaluation", "pk": 76, "fields": {"student": 114, "telegram_user_id": null, "is_completed": "Нет", "url": "https://drive.google.com/file/d/1OZVFyncP5E7PYOq37n2Ns27s_BmkYl1d/view?usp=sharing", "score": 0, "comment": null, "assigned_testtask": 12, "date_accepted": "2024-08-25T14:30:05.180Z"}}, {"model": "account.testtaskevaluation", "pk": 77, "fields": {"student": 115, "telegram_user_id": null, "is_completed": "Да", "url": "https://docs.google.com/document/d/1Uo6EW6EfBCUx1pqstoSEcNOnaJCslUYALAOTfeAA5UU/edit?usp=sharing", "score": 3, "comment": "", "assigned_testtask": 15, "date_accepted": "2024-08-25T14:30:05.180Z"}}, {"model": "account.testtaskevaluation", "pk": 78, "fields": {"student": 116, "telegram_user_id": null, "is_completed": "Да", "url": null, "score": 3, "comment": "", "assigned_testtask": 13, "date_accepted": "2024-08-25T14:30:05.180Z"}}, {"model": "account.testtaskevaluation", "pk": 79, "fields": {"student": 117, "telegram_user_id": null, "is_completed": "Нет", "url": "https://docs.google.com/document/d/1vgtq5aJqBh5J9HBC4XYh-1PO6wgxsaw3ZxGBboDOoUI/edit?usp=sharing", "score": 0, "comment": null, "assigned_testtask": 15, "date_accepted": "2024-08-25T14:30:05.180Z"}}, {"model": "account.testtaskevaluation", "pk": 80, "fields": {"student": 118, "telegram_user_id": null, "is_completed": "Нет", "url": null, "score": 0, "comment": null, "assigned_testtask": 12, "date_accepted": "2024-08-25T14:30:05.180Z"}}, {"model": "account.taskgroup", "pk": 2, "fields": {"project": 6, "description": "Егор:\r\n1) пишет первый текст: мы юстарс, тебя ждет крутой год\r\n2) запишет видео про свой путь в юстарс\r\n3) написать текст для запроса портфолио/cv\r\n4) составить материалы для тестовых заданий", "project_cost": null, "start_date": null, "end_date": null, "grade": null}}, {"model": "account.taskgroup", "pk": 3, "fields": {"project": 6, "description": "Даша:\r\n 1)пишет приветственное видео: я прошла обучение, сейчас работаю блабла\r\n2)текст перед регистрацией, написать текст про то, что нужно отвечать честно и максимально подробно, чтобы мы могли подбирать релевантные крутые проекты.\r\n3) Заполнить в CRM варианты интересов студентов (9 вариантов)", "project_cost": null, "start_date": null, "end_date": null, "grade": null}}, {"model": "account.taskgroup", "pk": 4, "fields": {"project": 6, "description": "Денис: \r\n1)записать видео про свой путь в юстарсе", "project_cost": null, "start_date": null, "end_date": null, "grade": null}}, {"model": "account.taskgroup", "pk": 5, "fields": {"project": 6, "description": "Мильто: \r\n1)Поменять поля в регистрации, оставить:\r\nПервый этап (до тестового):\r\n-Ник в телеграме, \r\n-Имя,\r\n-Кол-во часов в неделю которое готовы уделять,\r\n-Возраст.\r\n-Есть ли практический опыт? Варианты: Да/Нет\r\nЕсли да, то добавить возможность прикрепить  портфолио (примеры работ)\r\nЕсли нет, то прикрепить CV\r\n\r\nВторой этап (после тестового):\r\n-Всё про образование оставить\r\n-Добавить графу про специализированные курс/доп. образование:\r\nНазвание длительность\r\n//везде в этом этапе добавить вариант ответа \"Нет\"", "project_cost": null, "start_date": null, "end_date": null, "grade": null}}, {"model": "account.taskgroup", "pk": 6, "fields": {"project": 10, "description": "Описание задачи группы по проекту. В тг не отображается эта информация", "project_cost": null, "start_date": "2024-06-15", "end_date": "2024-06-30", "grade": null}}, {"model": "account.taskgroup", "pk": 7, "fields": {"project": 10, "description": "Реализовать выдачу нового тестового с сохранением информации по предыдущему (невыполненному) тестовому", "project_cost": null, "start_date": "2024-06-15", "end_date": null, "grade": null}}, {"model": "account.taskgroup", "pk": 8, "fields": {"project": 10, "description": "Сохранять дату и время выдачи тестового. Если дата выполненного тестового совпадает с датой регистрации, то оставить одну. Если было получено несколько тестовых, информация: в какую дату по каждой попытке должна сохраняться", "project_cost": null, "start_date": "2024-06-15", "end_date": null, "grade": null}}, {"model": "account.taskstudent", "pk": 17, "fields": {"project": 7, "title": null, "assigned_student": 10, "description": "Составить roadmap для стартапа, используя чат GPT и примеры других питчдеков", "notice": null, "material": null, "project_cost": null, "start_date": "2024-04-19", "end_date": "2024-04-23", "personal_grade": null, "deadline_compliance": null, "manager_recommendation": null, "intricacy_coefficient": 0, "task_credits": 0, "created_at": "2024-04-19T14:04:28Z", "status": "finished"}}, {"model": "account.taskstudent", "pk": 18, "fields": {"project": 8, "title": null, "assigned_student": 12, "description": "Сделать ТЗ на сайт и презентацию", "notice": null, "material": null, "project_cost": null, "start_date": null, "end_date": null, "personal_grade": null, "deadline_compliance": null, "manager_recommendation": null, "intricacy_coefficient": 0, "task_credits": 0, "created_at": "2024-04-22T08:59:24Z", "status": "in_progress"}}, {"model": "account.taskstudent", "pk": 21, "fields": {"project": 9, "title": null, "assigned_student": 8, "description": "Провести кастдэв по собакам в Испании. зайти в группу и поспрашивать у собачников че да как", "notice": null, "material": null, "project_cost": null, "start_date": null, "end_date": null, "personal_grade": null, "deadline_compliance": null, "manager_recommendation": null, "intricacy_coefficient": 0, "task_credits": 0, "created_at": "2024-04-25T10:00:46Z", "status": "finished"}}, {"model": "account.taskstudent", "pk": 22, "fields": {"project": 10, "title": null, "assigned_student": 45, "description": "DONE Исправить сообщение о выдаче тестового:\r\nВыводить только одно сообщение с полным набором информации.", "notice": null, "material": null, "project_cost": null, "start_date": "2024-06-12", "end_date": "2024-06-13", "personal_grade": null, "deadline_compliance": null, "manager_recommendation": null, "intricacy_coefficient": 0, "task_credits": 0, "created_at": "2024-06-12T13:56:19Z", "status": "being_performed"}}, {"model": "account.taskstudent", "pk": 23, "fields": {"project": 10, "title": null, "assigned_student": 102, "description": "Добавить сообщение в случае отправки чего-либо после отгрузки тестового до его проверки с текстом «Дождитесь результатов проверки тестового. По остальным вопросам обращайтесь к @Dariasssa » NB  добавить проверку что поле url имеет запись", "notice": null, "material": null, "project_cost": null, "start_date": "2024-06-15", "end_date": "2024-06-30", "personal_grade": null, "deadline_compliance": null, "manager_recommendation": null, "intricacy_coefficient": 0, "task_credits": 0, "created_at": "2024-06-12T13:59:20Z", "status": "in_progress"}}, {"model": "account.taskstudent", "pk": 24, "fields": {"project": 10, "title": null, "assigned_student": 102, "description": "DONE Добавить  сообщение с напоминанием о сдаче тестовой задачи за 24ч !!! Проконсультироваться с Кириллом", "notice": null, "material": null, "project_cost": null, "start_date": "2024-06-12", "end_date": "2024-06-28", "personal_grade": null, "deadline_compliance": null, "manager_recommendation": null, "intricacy_coefficient": 0, "task_credits": 0, "created_at": "2024-06-12T14:23:58Z", "status": "in_progress"}}, {"model": "account.taskstudent", "pk": 26, "fields": {"project": 10, "title": null, "assigned_student": 45, "description": "DONE Пофиксить назначение сотрудника на ту или иную должность после выполнения тестового.", "notice": null, "material": null, "project_cost": null, "start_date": "2024-06-13", "end_date": "2024-06-16", "personal_grade": null, "deadline_compliance": null, "manager_recommendation": null, "intricacy_coefficient": 0, "task_credits": 0, "created_at": "2024-06-13T12:21:21Z", "status": "being_performed"}}, {"model": "account.taskstudent", "pk": 27, "fields": {"project": 10, "title": null, "assigned_student": 45, "description": "DONE После установленного срока (3 дня) отменить возможность выслать тестовое. Помимо прочего проинформировать внутри бота с сообщением «К сожалению твое время для сдачи тестовой задачи закончились. По остальным вопросам обращайтесь к @Dariasssa» !!! Проконсультироваться с Кириллом", "notice": null, "material": null, "project_cost": null, "start_date": "2024-06-15", "end_date": "2024-06-30", "personal_grade": null, "deadline_compliance": null, "manager_recommendation": null, "intricacy_coefficient": 0, "task_credits": 0, "created_at": "2024-06-13T12:27:02Z", "status": "in_progress"}}, {"model": "account.taskstudent", "pk": 28, "fields": {"project": 12, "title": null, "assigned_student": 45, "description": "Добавить «Дата начала проекта»", "notice": null, "material": null, "project_cost": null, "start_date": null, "end_date": null, "personal_grade": null, "deadline_compliance": null, "manager_recommendation": null, "intricacy_coefficient": 0, "task_credits": 0, "created_at": "2024-06-13T12:56:42Z", "status": "in_progress"}}, {"model": "account.taskstudent", "pk": 29, "fields": {"project": 12, "title": null, "assigned_student": 45, "description": "Настроить уведомления при:\r\n•( DONE) предложение участия в проекте (class ProjectInvitation связь Проект и Приглашение со списком Студент; class StudentInvitation связь ProjectInvitation и Студент с определенным reaction_status)  (NB - сценарий по кнопкам \"принять\"/\"отклонить\" напишет Кирилл) \r\n• (DONE) изменения по проекту (все кроме специалиста, по основной информации) -\r\n•  напоминания по срокам (для задачек)", "notice": null, "material": null, "project_cost": null, "start_date": "2024-06-15", "end_date": "2024-06-22", "personal_grade": null, "deadline_compliance": null, "manager_recommendation": null, "intricacy_coefficient": 0, "task_credits": 0, "created_at": "2024-06-13T12:57:21Z", "status": "in_progress"}}, {"model": "account.taskstudent", "pk": 30, "fields": {"project": 11, "title": null, "assigned_student": 45, "description": "Переход с SQLite на postgreSQL", "notice": null, "material": null, "project_cost": null, "start_date": "2024-06-25", "end_date": "2024-07-01", "personal_grade": null, "deadline_compliance": null, "manager_recommendation": null, "intricacy_coefficient": 0, "task_credits": 0, "created_at": "2024-06-14T13:56:26Z", "status": "in_progress"}}, {"model": "account.taskstudent", "pk": 31, "fields": {"project": 11, "title": null, "assigned_student": 45, "description": "Контейнеризация", "notice": null, "material": null, "project_cost": null, "start_date": "2024-07-03", "end_date": "2024-07-17", "personal_grade": null, "deadline_compliance": null, "manager_recommendation": null, "intricacy_coefficient": 0, "task_credits": 0, "created_at": "2024-06-14T13:59:47Z", "status": "in_progress"}}, {"model": "account.taskstudent", "pk": 32, "fields": {"project": 12, "title": null, "assigned_student": 45, "description": "Пофиксить плюсик слева (в инлайне задач по проекту)", "notice": null, "material": null, "project_cost": null, "start_date": "2024-06-18", "end_date": "2024-06-25", "personal_grade": null, "deadline_compliance": null, "manager_recommendation": null, "intricacy_coefficient": 0, "task_credits": 0, "created_at": "2024-06-15T13:29:45Z", "status": "in_progress"}}, {"model": "account.taskstudent", "pk": 33, "fields": {"project": 12, "title": null, "assigned_student": 45, "description": "Добавить фильтр верхний для поиска по конкретному Специалисту и по Названию проекта (в Задачи специалистов по проекту)", "notice": null, "material": null, "project_cost": null, "start_date": "2024-06-18", "end_date": "2024-06-25", "personal_grade": null, "deadline_compliance": null, "manager_recommendation": null, "intricacy_coefficient": 0, "task_credits": 0, "created_at": "2024-06-18T15:38:15Z", "status": "in_progress"}}, {"model": "account.taskstudent", "pk": 35, "fields": {"project": 14, "title": null, "assigned_student": 21, "description": "Создать linkedln menu.ai:\r\n1. Сгенерировать посты(чем занимается компания). \r\n2. Загрузить материалы по проекту. \r\n3. Подписаться на другие бизнес странички.", "notice": null, "material": null, "project_cost": "0", "start_date": "2024-06-27", "end_date": "2024-06-27", "personal_grade": null, "deadline_compliance": null, "manager_recommendation": null, "intricacy_coefficient": 0, "task_credits": 0, "created_at": "2024-06-27T11:44:53Z", "status": "in_progress"}}, {"model": "account.taskstudent", "pk": 36, "fields": {"project": 14, "title": null, "assigned_student": 21, "description": "Подготовить linkedln фаундеров\r\n1.Залить в linkedln Светланы релевантный опыт.\r\n2. Залить в linkedln Светланы несколько постов про её мотивацию делать проект.\r\n3. Добавить в место работы компанию menu.ai\r\n\r\nПримечание: \r\n1. Проверить, чтоб компании не были под санкциями. Если они под санкциями, то изменить компанию. \r\n2. Вам необходимо создать учётную запись в Google, а затем войти в LinkedIn, используя учётную запись Google.\r\n3. svetlanamenuai@gmail.com\r\n4. Menuai.24\r\n\r\nСветлана:\r\n\r\nMenu.AI (2024 - Present)\r\nChief Financial Officer (CFO)\r\n\r\nOverseeing all financial operations, including budgeting, forecasting, and financial planning.\r\nImplementing financial strategies to support the company's growth and expansion plans.\r\nEnsuring compliance with regulatory standards and managing investor relations.\r\n\r\nQIWI, Moscow (2020 - 2024)\r\nSenior Financial Analyst\r\n\r\nConducted financial analysis and developed strategic financial models for fintech projects.\r\nCollaborated with international teams to streamline financial operations and optimize resource allocation.\r\nManaged financial reporting and compliance across multiple jurisdictions, ensuring adherence to international financial standards.\r\n\r\nООО “МИР”, Saint Petersburg (2017 - 2019)\r\nFinance Manager\r\n\r\nManaged financial operations, including budgeting, forecasting, and financial analysis.\r\nDeveloped financial models to support business decisions and improve financial performance.\r\nEnsured compliance with financial regulations and reporting requirements.\r\n\r\nООО “БИСК”, Saint Petersburg (2015 - 2022)\r\nEconomist\r\n\r\nConducted economic analysis and financial planning to support business strategies.\r\nDeveloped and implemented financial policies and procedures.\r\nManaged financial reporting and analysis to provide insights into business performance.\r\n\r\nReiffeisen Bank, Moscow (2013 - 2015)\r\nFinancial Consultant\r\n\r\nProvided financial consulting services to fintech startups, focusing on financial planning and risk management.\r\nAssisted in the development of financial strategies to attract venture capital and private equity investments.\r\nConducted market research and financial analysis to identify growth opportunities in the fintech sector.\r\n\r\nSkills:\r\nFinancial Analysis\r\nBudgeting and Forecasting\r\nFinancial Planning\r\nInternational Financial Reporting Standards (IFRS)\r\nRisk Management\r\nStrategic Financial Modelling\r\nRegulatory Compliance", "notice": null, "material": null, "project_cost": "0", "start_date": "2024-06-27", "end_date": "2024-06-27", "personal_grade": null, "deadline_compliance": null, "manager_recommendation": null, "intricacy_coefficient": 0, "task_credits": 0, "created_at": "2024-06-27T11:54:50Z", "status": "in_progress"}}, {"model": "account.taskstudent", "pk": 37, "fields": {"project": 14, "title": null, "assigned_student": 21, "description": "1. Вписать названия ресторанов в шаблоны писем. \r\n2. Адаптировать шаблон под конкретный ресторан. \r\n3. Добавить linkedln фаундера в шаблон ресторана\r\n\r\nhttps://drive.google.com/drive/folders/1eszZ5yYZXa_SHOZISDgi-Ft570WwPpOC\r\n\r\nhttps://www.linkedin.com/in/karen-margaryan-7662483b?utm_source=share&utm_campaign=share_via&utm_content=profile&utm_medium=ios_app\r\n\r\nhttps://www.instagram.com/restormania", "notice": null, "material": null, "project_cost": "0", "start_date": "2024-06-27", "end_date": "2024-06-28", "personal_grade": null, "deadline_compliance": null, "manager_recommendation": null, "intricacy_coefficient": 0, "task_credits": 0, "created_at": "2024-06-27T12:05:05Z", "status": "in_progress"}}, {"model": "account.taskstudent", "pk": 38, "fields": {"project": 14, "title": null, "assigned_student": 8, "description": "Загрузить БП Eнису", "notice": null, "material": null, "project_cost": "5000", "start_date": "2024-06-27", "end_date": "2024-06-30", "personal_grade": null, "deadline_compliance": null, "manager_recommendation": null, "intricacy_coefficient": 0, "task_credits": 0, "created_at": "2024-06-27T12:12:23Z", "status": "in_progress"}}, {"model": "account.taskstudent", "pk": 39, "fields": {"project": 14, "title": null, "assigned_student": 101, "description": "1. Проверить Енису. Дать правки. \r\n2. Сделать созвон с Ованесом. Показвть кабинет. \r\n3. Согласовать историю знакомств фаундеров.", "notice": null, "material": null, "project_cost": "0", "start_date": "2024-06-27", "end_date": "2024-06-30", "personal_grade": null, "deadline_compliance": null, "manager_recommendation": null, "intricacy_coefficient": 0, "task_credits": 0, "created_at": "2024-06-27T12:22:39Z", "status": "in_progress"}}, {"model": "account.taskstudent", "pk": 40, "fields": {"project": 14, "title": null, "assigned_student": 66, "description": "Внести правки в БП\r\nhttps://docs.google.com/document/d/1d1t2nGmkCkAxwJkputBjI3F9zIJGIW0Y/edit?usp=sharing&ouid=106555620482692305446&rtpof=true&sd=true", "notice": null, "material": null, "project_cost": "0", "start_date": "2024-06-27", "end_date": "2024-06-27", "personal_grade": null, "deadline_compliance": null, "manager_recommendation": null, "intricacy_coefficient": 0, "task_credits": 0, "created_at": "2024-06-27T12:47:33Z", "status": "in_progress"}}, {"model": "account.taskstudent", "pk": 41, "fields": {"project": 14, "title": null, "assigned_student": 74, "description": "Предложить правки\r\nhttps://docs.google.com/document/d/1d1t2nGmkCkAxwJkputBjI3F9zIJGIW0Y/edit?usp=sharing&ouid=106555620482692305446&rtpof=true&sd=true", "notice": null, "material": null, "project_cost": "0", "start_date": "2024-06-27", "end_date": "2024-06-27", "personal_grade": null, "deadline_compliance": null, "manager_recommendation": null, "intricacy_coefficient": 0, "task_credits": 0, "created_at": "2024-06-27T12:50:40Z", "status": "in_progress"}}, {"model": "account.taskstudent", "pk": 45, "fields": {"project": 17, "title": null, "assigned_student": 8, "description": "подписать договор", "notice": null, "material": null, "project_cost": null, "start_date": null, "end_date": null, "personal_grade": null, "deadline_compliance": null, "manager_recommendation": null, "intricacy_coefficient": 0, "task_credits": 0, "created_at": "2024-07-03T12:01:35Z", "status": "in_progress"}}, {"model": "account.taskstudent", "pk": 46, "fields": {"project": 17, "title": null, "assigned_student": 4, "description": "сделать методологию исследования", "notice": null, "material": null, "project_cost": null, "start_date": null, "end_date": null, "personal_grade": null, "deadline_compliance": null, "manager_recommendation": null, "intricacy_coefficient": 0, "task_credits": 0, "created_at": "2024-07-03T12:02:06Z", "status": "in_progress"}}, {"model": "account.taskstudent", "pk": 47, "fields": {"project": 17, "title": null, "assigned_student": 4, "description": "сделать исследование рынка", "notice": null, "material": null, "project_cost": null, "start_date": null, "end_date": null, "personal_grade": null, "deadline_compliance": null, "manager_recommendation": null, "intricacy_coefficient": 0, "task_credits": 0, "created_at": "2024-07-08T12:02:35Z", "status": "in_progress"}}, {"model": "account.taskstudent", "pk": 48, "fields": {"project": 17, "title": null, "assigned_student": 4, "description": "сделать анализ конкурентов", "notice": null, "material": null, "project_cost": null, "start_date": null, "end_date": null, "personal_grade": null, "deadline_compliance": null, "manager_recommendation": null, "intricacy_coefficient": 0, "task_credits": 0, "created_at": "2024-07-10T12:04:36Z", "status": "in_progress"}}, {"model": "account.taskstudent", "pk": 49, "fields": {"project": 17, "title": null, "assigned_student": 4, "description": "презентовать промежуточные результаты", "notice": null, "material": null, "project_cost": null, "start_date": null, "end_date": null, "personal_grade": null, "deadline_compliance": null, "manager_recommendation": null, "intricacy_coefficient": 0, "task_credits": 0, "created_at": "2024-07-11T12:05:26Z", "status": "in_progress"}}, {"model": "account.taskstudent", "pk": 50, "fields": {"project": 17, "title": null, "assigned_student": 8, "description": "получить 30% предоплаты", "notice": null, "material": null, "project_cost": null, "start_date": null, "end_date": null, "personal_grade": null, "deadline_compliance": null, "manager_recommendation": null, "intricacy_coefficient": 0, "task_credits": 0, "created_at": "2024-07-05T12:06:32Z", "status": "in_progress"}}, {"model": "account.taskstudent", "pk": 51, "fields": {"project": 17, "title": null, "assigned_student": 111, "description": "Анализ рынка грузоперевозок\r\nДанный этап включает в себя анализ тенденций и трендов в сфере грузоперевозок, а также подсчет рынка через классический TAM SAM SOM. \r\n\tЧто сделать: \r\nГуглим все последние новости о большегрузных автомобилях. \r\nКак технологический прогресс повлиял на работу дальнобойщиков.\r\nКакие последние инновации произошли на рынке грузоперевозок. \r\nЕсли есть какие-то конференции, собрания, симпозиумы по теме дальнобойщиков или большегрузных автомобилей, необходимо посмотреть что там обсуждается и какие тенденции намечаются. \r\nЗагуглить отчеты консалтинговых компаний (Pwc, Deloitte, KPMG, EY и тд) об отрасли грузоперевозок.\r\nНайти данные о динамике объема грузоперевозок, востребованности услуг и средней стоимости перевозок\r\nПо итогу должна появится таблица с динамикой ключевых показателей и вывод о трендах и тенденциях\r\nСчитаем TAM SAM SOM\r\nTAM (total addressable market), кто не знает, это общий объем рынка всех потенциальных клиентов без учета ограничений. \r\nTAM будем считать через общий объем рынка грузоперевозок в стране. Находим в интернете какой объем грузоперевозок в стране на 2024 год. \r\nИспользуем данные из отчетов консалтинговых и исследовательских компаний, которые оценивают уровень цифровизации различных отраслей и находим процент от общего объема рынка, который может быть обслужен через цифровые платформы (например, приложения, сайты, боты). \r\nПеремножаем общий объем на процент = TAM\r\n\r\nSAM (serviceable available market) это часть TAM, которую можно реально обслужить с учетом географических, технических и иных ограничений.\r\nРазделяем рынок на сегменты, которые соответствуют целевой аудитории приложения (например, дальнобойщики, частные перевозчики, небольшие транспортные компании). Находим долю каждого сегмента в общем объеме грузоперевозок. Сегмент дальнобойщиков и будет SAM. \r\n\r\nSOM (serviceable obtainable market), это часть SAM, которую можно реально занять в ближайшее время с учетом конкуренции, бизнес модели и других факторов.\r\nЧаще всего SOM считается как выручка прямого конкурента или процент SAM, который условно можно занять. \r\nВ данном случае мы найдем через два способа: 1. выручка прямого конкурента. 2. объем грузоперевозок в целевом регионе (необходимо уточнить у клиента регион). Тем самым сможем сравнить способы между собой и найдем прямого конкурента (если такой есть)\r\nПо итогу мы должны понимать какой объем рынка грузоперевозок в России, какой сегмент занимает большую часть рынка и на какую выручку может рассчитывать", "notice": null, "material": null, "project_cost": "300/час", "start_date": "2024-07-03", "end_date": "2024-07-07", "personal_grade": null, "deadline_compliance": null, "manager_recommendation": null, "intricacy_coefficient": 0, "task_credits": 0, "created_at": "2024-07-03T17:08:21Z", "status": "in_progress"}}, {"model": "account.taskstudent", "pk": 52, "fields": {"project": 17, "title": null, "assigned_student": 111, "description": "Формирование продукта\r\n\r\nДанный этап подразумевает разработку уникального торгового предложения и определение ключевых характеристик продукта. \r\nЧто сделать:\r\nНа основе анализа конкурента необходимо разработать собственный продукт, который закрывает главную боль дальнобойщиков - отсутствие заказов на обратном пути. \r\nНадо расписать из чего состоит продукт, какую боль закрывает, как будет зарабатывать компания (бизнес-модель), определить ЦА, функциональные характеристики (то есть нужно расписать от начала и до конца весь путь пользователя), сделать swot-анализ.", "notice": null, "material": null, "project_cost": "300/час", "start_date": "2024-07-13", "end_date": "2024-07-15", "personal_grade": null, "deadline_compliance": null, "manager_recommendation": null, "intricacy_coefficient": 0, "task_credits": 0, "created_at": "2024-07-03T17:12:37Z", "status": "in_progress"}}, {"model": "account.taskstudent", "pk": 53, "fields": {"project": 17, "title": null, "assigned_student": 111, "description": "Рекомендации и выводы\r\n\r\nИтог исследования должен отвечать на главный вопрос - целесообразно ли выходить на рынок с текущей идеей + предложения по корректировке идеи\r\nЧто сделать: \r\nРасписать краткие выводы по каждому этапу исследования. Все самые главные выжимки с анализа \r\nОтветить на вопрос о целесообразности выхода на рынок  нашим продуктом. Буквально один абзац.", "notice": null, "material": null, "project_cost": "300/час", "start_date": "2024-07-11", "end_date": "2024-07-13", "personal_grade": null, "deadline_compliance": null, "manager_recommendation": null, "intricacy_coefficient": 0, "task_credits": 0, "created_at": "2024-07-03T17:24:47Z", "status": "in_progress"}}, {"model": "account.taskstudent", "pk": 54, "fields": {"project": 17, "title": null, "assigned_student": 41, "description": "Конкурентный анализ\r\n\r\nДанный этап включает в себя полноценный анализ конкурентов, а именно поиск конкурентов, оценка сильных и слабых сторон, а также анализ их маркетинговых стратегий. \r\n\r\nЧто сделать:\r\nВ первую очередь нужно конкурентов идентифицировать. Находим топ 10-15 конкурентов из России. Из них 5 крупных компаний (обязательно анализируем Яндекс и Озон), которые занимаются грузоперевозками или смежной деятельностью и 5 прямых конкурентов, которые собираются или уже сделали платформу для дальнобойщиков. \r\nПосле того как мы их идентифицировали, нужно прописать про них основную информацию: название компании, выручка за 2023 г./доля в объеме рынка (тинькофф контрагент), количество сотрудников, УТП, миссия компании, цены и тарифы, бизнес-модель, digital-каналы продвижения.\r\nУ крупных компаний анализируем годовые отчеты и пытаемся найти их маркетинговую стратегию - нужно понять хотят ли они создавать платформу для дальнобойщиков, смотрят ли они вообще в эту сторону и тд.\r\nУ компаний поменьше анализируем их сайты и социальные сети, пытаясь понять каналы продвижения и какая маркетинговая стратегия. \r\nТо есть для анализа маркетинговой стратегии необходимо изучить разделы новостей и блогов, пресс-релизы и страницы с описанием услуг. Необходимо обратить внимание на специальные предложения, акции и новинки. Проанализировать активность конкурентов в социальных сетях (Instagram, VK, Телеграм). Поиск и анализ рекламы на поисковых системах (Яндекс.Директ и другое)\r\nПосле этого делаем SWOT-анализ каждого конкурента.", "notice": null, "material": null, "project_cost": null, "start_date": "2024-07-03", "end_date": "2024-07-11", "personal_grade": null, "deadline_compliance": null, "manager_recommendation": null, "intricacy_coefficient": 0, "task_credits": 0, "created_at": "2024-07-03T17:27:48Z", "status": "in_progress"}}, {"model": "account.taskstudent", "pk": 55, "fields": {"project": 12, "title": null, "assigned_student": 112, "description": "задача", "notice": null, "material": null, "project_cost": null, "start_date": null, "end_date": null, "personal_grade": null, "deadline_compliance": null, "manager_recommendation": null, "intricacy_coefficient": 0, "task_credits": 0, "created_at": "2024-07-03T22:05:24Z", "status": "in_progress"}}, {"model": "account.taskstudent", "pk": 56, "fields": {"project": 18, "title": null, "assigned_student": 80, "description": "Прописать аргументы, почему поднимаем стоимость разработки сайта. \r\n\r\nЛео проговорит это с Георгием, задача - подготовить аргументы", "notice": null, "material": null, "project_cost": null, "start_date": null, "end_date": null, "personal_grade": null, "deadline_compliance": null, "manager_recommendation": null, "intricacy_coefficient": 0, "task_credits": 0, "created_at": "2024-07-04T07:29:07Z", "status": "in_progress"}}, {"model": "account.taskstudent", "pk": 57, "fields": {"project": 17, "title": null, "assigned_student": 4, "description": "Провести звонок с аналитиками, ответить на вопросы по методологии. Четко рассказать, какой должен быть результат по каждому пункту", "notice": null, "material": null, "project_cost": null, "start_date": null, "end_date": null, "personal_grade": null, "deadline_compliance": null, "manager_recommendation": null, "intricacy_coefficient": 0, "task_credits": 0, "created_at": "2024-07-04T07:35:46Z", "status": "in_progress"}}, {"model": "account.taskstudent", "pk": 58, "fields": {"project": 18, "title": null, "assigned_student": 8, "description": "Назначить звонок с Георгием", "notice": null, "material": null, "project_cost": null, "start_date": null, "end_date": null, "personal_grade": null, "deadline_compliance": null, "manager_recommendation": null, "intricacy_coefficient": 0, "task_credits": 0, "created_at": "2024-07-04T07:47:13Z", "status": "in_progress"}}, {"model": "account.taskstudent", "pk": 59, "fields": {"project": 19, "title": null, "assigned_student": 4, "description": "Подготовить КП", "notice": null, "material": null, "project_cost": null, "start_date": null, "end_date": null, "personal_grade": null, "deadline_compliance": null, "manager_recommendation": null, "intricacy_coefficient": 0, "task_credits": 0, "created_at": "2024-07-04T07:50:16Z", "status": "finished"}}, {"model": "account.taskstudent", "pk": 60, "fields": {"project": 19, "title": null, "assigned_student": 8, "description": "Направить КП заказчику", "notice": null, "material": null, "project_cost": null, "start_date": null, "end_date": null, "personal_grade": null, "deadline_compliance": null, "manager_recommendation": null, "intricacy_coefficient": 0, "task_credits": 0, "created_at": "2024-07-04T07:50:27Z", "status": "finished"}}, {"model": "account.taskstudent", "pk": 61, "fields": {"project": 20, "title": null, "assigned_student": 4, "description": "https://docs.google.com/presentation/d/1ATjgV_8QeYzDpKW6oRAsXLat6dIVC_DnPwAcxDAlEaQ/edit#slide=id.g278c5dd423b_8_0\r\n\r\nСделать аудит проекта", "notice": null, "material": null, "project_cost": null, "start_date": null, "end_date": null, "personal_grade": null, "deadline_compliance": null, "manager_recommendation": null, "intricacy_coefficient": 0, "task_credits": 0, "created_at": "2024-07-04T07:54:43Z", "status": "in_progress"}}, {"model": "account.taskstudent", "pk": 62, "fields": {"project": 20, "title": null, "assigned_student": 8, "description": "https://docs.google.com/presentation/d/1ATjgV_8QeYzDpKW6oRAsXLat6dIVC_DnPwAcxDAlEaQ/edit#slide=id.g278c5dd423b_8_0\r\n\r\nСделать аудит проекта", "notice": null, "material": null, "project_cost": null, "start_date": null, "end_date": null, "personal_grade": null, "deadline_compliance": null, "manager_recommendation": null, "intricacy_coefficient": 0, "task_credits": 0, "created_at": "2024-07-04T07:55:19Z", "status": "in_progress"}}, {"model": "account.taskstudent", "pk": 63, "fields": {"project": 21, "title": null, "assigned_student": 8, "description": "Доделать БП", "notice": null, "material": null, "project_cost": null, "start_date": null, "end_date": null, "personal_grade": null, "deadline_compliance": null, "manager_recommendation": null, "intricacy_coefficient": 0, "task_credits": 0, "created_at": "2024-07-04T07:59:52Z", "status": "in_progress"}}, {"model": "account.taskstudent", "pk": 64, "fields": {"project": 12, "title": null, "assigned_student": 45, "description": "Изменить порядок и добавить поля в инлайне ЗСП(задача спец. по проекту):\r\n• Название задачи\r\n• Описание задачи\r\n• Примечание\r\n• Материалы(файлы)\r\n• Методология", "notice": null, "material": null, "project_cost": null, "start_date": "2024-07-04", "end_date": "2024-07-06", "personal_grade": null, "deadline_compliance": null, "manager_recommendation": null, "intricacy_coefficient": 0, "task_credits": 0, "created_at": "2024-07-04T12:08:26Z", "status": "in_progress"}}, {"model": "account.taskstudent", "pk": 65, "fields": {"project": 12, "title": null, "assigned_student": 45, "description": "Исправить диапазон оценки:\r\n• оценка по проекту (0-2)\r\n• дедлайн (0-1)\r\nКредиты сделать дробными", "notice": null, "material": null, "project_cost": null, "start_date": null, "end_date": null, "personal_grade": null, "deadline_compliance": null, "manager_recommendation": null, "intricacy_coefficient": 0, "task_credits": 0, "created_at": "2024-07-04T12:12:36Z", "status": "in_progress"}}, {"model": "account.taskstudent", "pk": 66, "fields": {"project": 22, "title": null, "assigned_student": 45, "description": "Переместить оценки задачи из Раздела /проект в раздел /ЗСпП", "notice": null, "material": null, "project_cost": null, "start_date": "2024-07-04", "end_date": "2024-07-07", "personal_grade": null, "deadline_compliance": null, "manager_recommendation": null, "intricacy_coefficient": 0, "task_credits": 0, "created_at": "2024-07-04T12:17:25Z", "status": "in_progress"}}, {"model": "account.taskstudent", "pk": 67, "fields": {"project": 22, "title": null, "assigned_student": 45, "description": "Также переместить статус и убрать «ненужный» статус, убрать «ненужного» капитана", "notice": null, "material": null, "project_cost": null, "start_date": "2024-07-04", "end_date": "2024-07-07", "personal_grade": null, "deadline_compliance": null, "manager_recommendation": null, "intricacy_coefficient": 0, "task_credits": 0, "created_at": "2024-07-04T12:20:29Z", "status": "in_progress"}}, {"model": "account.taskstudent", "pk": 68, "fields": {"project": 22, "title": null, "assigned_student": 45, "description": "Добавить текстовое поле Комментарий\r\nДобавить поле choice с вариантами:\r\n1) Предложить правки\r\n2) Отправить фидбэк\r\nПри выборе: \r\n1: в текстовом поле вносятся текстовые правки, оценки не ставятся\r\n2: в текстовом поле пишется отзыв по работе специалиста, проставляются оценки", "notice": null, "material": null, "project_cost": null, "start_date": "2024-07-04", "end_date": "2024-07-14", "personal_grade": null, "deadline_compliance": null, "manager_recommendation": null, "intricacy_coefficient": 0, "task_credits": 0, "created_at": "2024-07-04T12:22:39Z", "status": "in_progress"}}, {"model": "account.taskstudent", "pk": 69, "fields": {"project": 23, "title": null, "assigned_student": 116, "description": "Анализ рынка мерчандайзинга\r\nНа этом этапе мы будем исследовать компании в Омске, которые могут быть потенциальными клиентами для услуг мерчандайзинга. Это поможет нам оценить спрос на эти услуги и выявить возможных клиентов для компаний, предоставляющих мерчандайзинговые услуги.\r\n\tЧто сделать?\r\nГуглим и анализируем отчеты и исследования по рынку мерчандайзинговых услуг в Омске и России. Необходимо сравнить данные из различных источников, чтобы выявить общие тенденции и изменения на рынке. Изучаем прогнозы консалтинговых компаний и экспертов по поводу будущего развития рынка мерчандайзинговых услуг. Создаем ретроспективу изменений и роста рынка мерчандайзинга за последние 5-10 лет в России (либо если есть то сразу в Омске). Находим процентное разбиение мерчандайзинговых услуг по регионам/областям. По итогам анализа получаем четкое представление о текущем состоянии и перспективах рынка мерчандайзинговых услуг в Омске.\r\nПереходим к объему рынка. Находим оборот розничной торговли в Омске.  Собираем данные о выручке и доле рынка основных торговых сетей в Омске. Анализируем отчеты по обороту розничной торговли в регионе, включая официальные статистические данные, то есть заходим на сайты компаний, ищем их отчеты, если годовых отчетов нет, то должны быть финансовые, если финансовые не публикуются, то ищем в интернете на сторонних сайтах. Сравниваем данные по доле оборота различных торговых сетей, чтобы понять их влияние на общий объем торговли. Создаем сравнительную таблицу, где подробно описывается доля каждой торговой сети в общем объеме торговли, с указанием источников информации. \r\nДалее идентифицируем компании, потенциально нуждающиеся в изучаемых услугах. Ищем вакансии на сайтах по трудоустройству, где компании ищут специалистов по мерчандайзингу в Омске. Это может HH, телеграм каналы, superjob и так далее (вакансия должна звучать “мерчандайзер Омск” или что-то похожее по смыслу). То есть анализируем все доступные агрегаторы поиска работы. Необходимо составить полную картину об оказанных услугах мерчандайзинга в Омске. Проверяем корпоративные сайты компаний и карьерные социальные сети, которые потенциально могут нуждаться в услугах мерчандайзинга, может они выпустили новость о подписании контракта на услуги мерчандайзинга. (может получится просто  загуглить заключенные договоры и контракты на оказание мерчандайзинговых услуг). Ищем отзывы и кейсы успешных проектов мерчандайзинга, реализованных в Омске. Делаем сводные таблицы с качественной и количественной информацией о вакансиях, заключенных договорах, компаниях, нуждающихся в мерчандайзинге и отзывах реализованных проектов. \r\nВ результате данного этапа определяем размер и динамику рынка мерчандайзинга в Омске и оцениваем оборот розничной торговли в городе. Также определяем потенциальный объем спроса на услуги мерчандайзинга со стороны компаний.", "notice": null, "material": null, "project_cost": "25000", "start_date": "2024-07-09", "end_date": "2024-07-23", "personal_grade": null, "deadline_compliance": null, "manager_recommendation": null, "intricacy_coefficient": 0, "task_credits": 0, "created_at": "2024-07-09T10:51:08Z", "status": "in_progress"}}, {"model": "account.taskstudent", "pk": 70, "fields": {"project": 23, "title": null, "assigned_student": 20, "description": "CUSTDEV.\r\nСоставляем список компаний в Омске, которые могут быть заинтересованы в услугах мерчандайзинга. Составляем критерии для отбора компаний, такие как объем продаж, количество сотрудников, наличие отделов маркетинга и продаж. \r\nПосле того как определили ищем контактные данные компаний через бизнес-каталоги, онлайн-справочники, сайты компаний, социальные сети (упор на ВК, но про другие не забываем), телеграм каналы, анализируем форумы, бизнес-симпозиумы и тд. Главное найти контакты. Мониторим новости, чтобы выявить активных участников рынка. \r\nСоздаем опросник (это не для вас задача)\r\nПроводим интервью. ВАЖНО: каждое интервью должно быть записано (диктофон, запись экрана и тд), для предоставления записи клиенту.", "notice": null, "material": null, "project_cost": null, "start_date": "2024-07-09", "end_date": "2024-07-30", "personal_grade": null, "deadline_compliance": null, "manager_recommendation": null, "intricacy_coefficient": 0, "task_credits": 0, "created_at": "2024-07-09T11:17:46Z", "status": "in_progress"}}, {"model": "account.taskstudent", "pk": 71, "fields": {"project": 23, "title": null, "assigned_student": 116, "description": "Рекомендации и выводы. \r\nИтог исследования должен отвечать на главный вопрос: Стоит ли клиенту заходить в данный регион с данной услугой. \r\nЧто сделать: \r\nРасписать краткие выводы по каждому этапу исследования. Все самые главные выжимки с анализа \r\nОтветить на вопрос о целесообразности и стратегии развития мерчандайзинговых услуг", "notice": null, "material": null, "project_cost": "10000", "start_date": "2024-07-30", "end_date": "2024-08-04", "personal_grade": null, "deadline_compliance": null, "manager_recommendation": null, "intricacy_coefficient": 0, "task_credits": 0, "created_at": "2024-07-09T11:24:55Z", "status": "in_progress"}}, {"model": "account.taskstudent", "pk": 72, "fields": {"project": 19, "title": null, "assigned_student": 78, "description": "Анализ трендов и тенденций. \r\n\r\nНа данном этапе мы должны изучить текущие тенденции и тренды в медиаиндустрии с акцентом на цифровую трансформацию, проанализировать успешные кейсы такой трансформации и изучить способы потребления тяжелых материалов профессионалами с акцентом на различия между молодым и пожилым поколением. \r\n\r\n\tЧто сделать:\r\nГуглим анализы, отчеты, исследования о цифровой трансформации в газетной индустрии. Сравниваем данные из различных источников для выявления общих тенденций. Ищем последние инновационные открытия, связанные с публикацией газет. Находим и изучаем отчеты консалтинговых компаний о данной отрасли. Какое будущее прогнозируется для отрасли. Создаем ретроспективу влияния технологического прогресса на газетную индустрию. Ищем динамику  потребления контента в печатном виде и на цифре. По итогу мы должны иметь полное представление о трендах и тенденциях в данной отрасли. \r\nЗатем мы переходим к поиску и анализу успешных кейсов трансформации в цифровой формат. Необходимо идентифицировать издания, которые прошли данный путь трансформации (например РБК, Ведомости, Ъ, The New York Times и тд.) Находим топ 10 самых очевидных варианта и анализируем (не меньше 80% изданий должны быть российскими со статьями для профессионалов) каким способом они переходили из печати в цифру, как долго проходила данная трансформация, как изменялась бизнес-модель издания, с какими сложностями сталкивались при трансформации. То есть нужно проследить полностью путь перехода и как менялось само издание (не только диджитал, но и диверсификация форматов)\r\nЗавершающий пункт этапа - необходимо изучить тренды в потреблении профессионального контента и тяжелых материалов в разрезе поколений X (59-44г.) Y (43-28г.) Z (27 лет и моложе). Надо понять как они потребляют контент, через какие ресурсы, сколько тратят времени на это, платят ли за него, форма контента (видео, статьи, краткие выводы и тд). По итогу должны получить качественную сравнительную таблицу где описывается каждый пункт с источниками", "notice": null, "material": null, "project_cost": "4000", "start_date": "2024-07-10", "end_date": "2024-07-17", "personal_grade": null, "deadline_compliance": null, "manager_recommendation": null, "intricacy_coefficient": 0, "task_credits": 0, "created_at": "2024-07-10T09:10:01Z", "status": "in_progress"}}, {"model": "account.taskstudent", "pk": 73, "fields": {"project": 19, "title": null, "assigned_student": 107, "description": "Конкурентный анализ\r\n\r\nДанный этап включает в себя полноценный анализ конкурентов, а именно поиск конкурентов, оценка сильных и слабых сторон, а также анализ их контент-стратегий и бизнес моделей. \r\n\r\nЧто сделать:\r\nВ первую очередь нужно конкурентов идентифицировать. Находим топ 10-15 конкурентов из России. Конкуренты должны выпускать профессиональный контент для узконаправленных специалистов из любой сфера. Также необходимо найти 5 прямых конкурентов с похожим контентом, что и клиент. После того как мы их идентифицировали, нужно прописать про них основную информацию: название компании, динамика выручки за 10 лет г. (тинькофф контрагент), количество сотрудников, УТП, миссия компании, цены и тарифы, бизнес-модель, digital-каналы продвижения, контент стратегия\r\n\r\nЗатем переходим к SWOT анализу каждого конкурента и изучаем, как конкуренты создают и распространяют контент, чтобы понять их стратегии. Обучалка по swot анализу в библиотеке знаний. Исследуем контент стратегии на сайтах конкурентов, тип и частота публикаций. Изучение использования различных форматов контента (текст, видео, аудио, инфографика). Анализ успешности каждого формата на основе вовлеченности аудитории (лайки, комменты, репосты). Изучение блогов конкурентов для понимания их тематических приоритетов и стиля подачи информации. Анализ активности конкурентов в социальных сетях (инста, вк, телеграм и тд). \r\n\r\nИтогом конкурентного анализа должна быть полная картина о конкурентах и их контент стратегиях. Две сводные таблицы: 1. основная информация; 2. таблица с анализом контент стратегий.", "notice": null, "material": null, "project_cost": "6000", "start_date": "2024-07-10", "end_date": "2024-07-17", "personal_grade": null, "deadline_compliance": null, "manager_recommendation": null, "intricacy_coefficient": 0, "task_credits": 0, "created_at": "2024-07-10T09:10:01Z", "status": "in_progress"}}, {"model": "account.taskstudent", "pk": 74, "fields": {"project": 8, "title": null, "assigned_student": 8, "description": "Поймать ситу", "notice": null, "material": null, "project_cost": null, "start_date": null, "end_date": null, "personal_grade": null, "deadline_compliance": null, "manager_recommendation": null, "intricacy_coefficient": 0, "task_credits": 0, "created_at": "2024-07-11T07:51:41Z", "status": "in_progress"}}, {"model": "account.taskstudent", "pk": 75, "fields": {"project": 8, "title": null, "assigned_student": 12, "description": "Оплатить креатум", "notice": null, "material": null, "project_cost": null, "start_date": null, "end_date": null, "personal_grade": null, "deadline_compliance": null, "manager_recommendation": null, "intricacy_coefficient": 0, "task_credits": 0, "created_at": "2024-07-11T07:51:41Z", "status": "in_progress"}}, {"model": "account.taskstudent", "pk": 76, "fields": {"project": 24, "title": null, "assigned_student": 8, "description": "Сделать описание клиентов", "notice": null, "material": null, "project_cost": null, "start_date": null, "end_date": null, "personal_grade": null, "deadline_compliance": null, "manager_recommendation": null, "intricacy_coefficient": 0, "task_credits": 0, "created_at": "2024-07-11T07:59:13Z", "status": "in_progress"}}, {"model": "account.taskstudent", "pk": 77, "fields": {"project": 24, "title": null, "assigned_student": 8, "description": "Написать о пользе для экономики Испании", "notice": null, "material": null, "project_cost": null, "start_date": null, "end_date": null, "personal_grade": null, "deadline_compliance": null, "manager_recommendation": null, "intricacy_coefficient": 0, "task_credits": 0, "created_at": "2024-07-11T07:59:13Z", "status": "in_progress"}}, {"model": "account.taskstudent", "pk": 78, "fields": {"project": 24, "title": null, "assigned_student": 8, "description": "Сделать подтверждение о провайдерах", "notice": null, "material": null, "project_cost": null, "start_date": null, "end_date": null, "personal_grade": null, "deadline_compliance": null, "manager_recommendation": null, "intricacy_coefficient": 0, "task_credits": 0, "created_at": "2024-07-11T07:59:13Z", "status": "in_progress"}}, {"model": "account.taskstudent", "pk": 79, "fields": {"project": 24, "title": null, "assigned_student": 8, "description": "Написать письмо от I2BF", "notice": null, "material": null, "project_cost": null, "start_date": null, "end_date": null, "personal_grade": null, "deadline_compliance": null, "manager_recommendation": null, "intricacy_coefficient": 0, "task_credits": 0, "created_at": "2024-07-11T07:59:13Z", "status": "in_progress"}}, {"model": "account.taskstudent", "pk": 80, "fields": {"project": 21, "title": null, "assigned_student": 8, "description": "Внести фаундеров", "notice": null, "material": null, "project_cost": null, "start_date": null, "end_date": null, "personal_grade": null, "deadline_compliance": null, "manager_recommendation": null, "intricacy_coefficient": 0, "task_credits": 0, "created_at": "2024-07-11T08:02:24Z", "status": "in_progress"}}, {"model": "account.taskstudent", "pk": 81, "fields": {"project": 25, "title": null, "assigned_student": 8, "description": "На звонке сказать о том, что у нас есть Анна и Генрих", "notice": null, "material": null, "project_cost": null, "start_date": null, "end_date": null, "personal_grade": null, "deadline_compliance": null, "manager_recommendation": null, "intricacy_coefficient": 0, "task_credits": 0, "created_at": "2024-07-11T16:01:42Z", "status": "in_progress"}}, {"model": "account.taskstudent", "pk": 82, "fields": {"project": 17, "title": null, "assigned_student": 111, "description": "Посмотреть, почему дефицит водителей и где именно: по стране или по регионам", "notice": null, "material": null, "project_cost": "600", "start_date": "2024-07-17", "end_date": "2024-07-22", "personal_grade": null, "deadline_compliance": null, "manager_recommendation": null, "intricacy_coefficient": 0, "task_credits": 0, "created_at": "2024-07-17T08:42:00Z", "status": "in_progress"}}, {"model": "account.answersstudent", "pk": 9, "fields": {"file": "", "url": "https://web.telegram.org/a/#6704823506", "comment": null, "status": 0, "task": null, "personal_grade": null, "deadline_compliance": null, "manager_recommendation": null, "intricacy_coefficient": 0, "task_credits": 0, "created_at": "2024-08-25T14:30:25.758Z"}}, {"model": "account.answersstudent", "pk": 10, "fields": {"file": "file_a/26_tsp_solve_1.txt", "url": null, "comment": null, "status": 0, "task": null, "personal_grade": null, "deadline_compliance": null, "manager_recommendation": null, "intricacy_coefficient": 0, "task_credits": 0, "created_at": "2024-08-25T14:30:25.758Z"}}, {"model": "account.answersstudent", "pk": 13, "fields": {"file": "", "url": "https://docs.google.com/document/d/1CmxZK9VCNfr-fNpYqb_SE9zoVaDcghbZ9Fv0SrKCxYQ/edit", "comment": null, "status": 0, "task": null, "personal_grade": null, "deadline_compliance": null, "manager_recommendation": null, "intricacy_coefficient": 0, "task_credits": 0, "created_at": "2024-08-25T14:30:25.758Z"}}, {"model": "account.answersstudent", "pk": 14, "fields": {"file": "", "url": "https://docs.google.com/document/d/1CmxZK9VCNfr-fNpYqb_SE9zoVaDcghbZ9Fv0SrKCxYQ/edit", "comment": null, "status": 0, "task": null, "personal_grade": null, "deadline_compliance": null, "manager_recommendation": null, "intricacy_coefficient": 0, "task_credits": 0, "created_at": "2024-08-25T14:30:25.758Z"}}, {"model": "account.file", "pk": 1, "fields": {"name": "logo_login.jpg", "file": "Files/logo_login.jpg"}}, {"model": "account.file", "pk": 2, "fields": {"name": "Инструкция по анализу конкурентов", "file": "Files/Steps_to_conduct_competitive_analysis_1_qxhs3vs.docx"}}, {"model": "account.file", "pk": 3, "fields": {"name": "Инструкция по анализу конкурентов", "file": "Files/Competitor_Analysis_template1Timur_Jumabaev.docx"}}, {"model": "account.file", "pk": 4, "fields": {"name": "FAF681AN67F1KRX_98.mp4", "file": "Files/FAF681AN67F1KRX_98.mp4"}}, {"model": "account.file", "pk": 5, "fields": {"name": "SWOT-анализ", "file": "Files/Блок_3_Инструкция_к_SWOT-анализу.pdf"}}, {"model": "account.file", "pk": 6, "fields": {"name": "Проведение CustDev.pdf", "file": "Files/Проведение_CustDev.pdf"}}, {"model": "account.file", "pk": 7, "fields": {"name": "Блок 1. Как искать информацию и делать выводы.pdf", "file": "Files/Блок_1._Как_искать_информацию_и_делать_выводы.pdf"}}, {"model": "account.file", "pk": 8, "fields": {"name": "Блок 1. Инструкция к визуальному оформлению маркетингового исследования.pdf", "file": "Files/Блок_1._Инструкция_к_визуальному_оформлению_маркетингового_исследования.pdf"}}, {"model": "account.file", "pk": 9, "fields": {"name": "Блок_1_Инструкция_по_поиску_информации.pdf", "file": "Files/Блок_1_Инструкция_по_поиску_информации.pdf"}}, {"model": "account.file", "pk": 10, "fields": {"name": "Блок_3_Пять сил Портера.pdf", "file": "Files/Блок_3_Пять_сил_Портера.pdf"}}, {"model": "account.dataknowledgefree", "pk": 3, "fields": {"chapter": 3, "under_section": 2, "video_url": "https://youtu.be/qqFuFAf_qH4?si=yroo1jPhq7_HlFCR\r\nhttps://youtu.be/giaCZr1sUZ4?si=gWNU0Xv5GGk5-Yzg", "url": "https://lush-shift-9f3.notion.site/Competition-Analysis-d3068dc7f88f4fbdb5d3fd2385202f1f?pvs=4", "files": [2]}}, {"model": "account.dataknowledgefree", "pk": 5, "fields": {"chapter": 5, "under_section": 4, "video_url": "https://drive.google.com/drive/folders/1u3hpHDeO315vzj4hRPS2ofNTowE6K1NR?usp=sharing", "url": "", "files": [6]}}, {"model": "account.dataknowledgefree", "pk": 6, "fields": {"chapter": 6, "under_section": 5, "video_url": "", "url": "", "files": [5]}}, {"model": "account.dataknowledgefree", "pk": 7, "fields": {"chapter": 7, "under_section": 6, "video_url": "", "url": "", "files": [7]}}, {"model": "account.dataknowledgefree", "pk": 8, "fields": {"chapter": 7, "under_section": 7, "video_url": "", "url": "", "files": [8]}}, {"model": "account.dataknowledgefree", "pk": 9, "fields": {"chapter": 9, "under_section": 9, "video_url": "", "url": "", "files": [10]}}, {"model": "account.chapter", "pk": 1, "fields": {"name": "Оценка"}}, {"model": "account.chapter", "pk": 2, "fields": {"name": "Использование Chat GPT"}}, {"model": "account.chapter", "pk": 3, "fields": {"name": "Анализ конкурентов"}}, {"model": "account.chapter", "pk": 4, "fields": {"name": "Test topic"}}, {"model": "account.chapter", "pk": 5, "fields": {"name": "CustDev"}}, {"model": "account.chapter", "pk": 6, "fields": {"name": "SWOT-анализ"}}, {"model": "account.chapter", "pk": 7, "fields": {"name": "Сбор информации и оформление"}}, {"model": "account.chapter", "pk": 8, "fields": {"name": "5 сил Портера"}}, {"model": "account.chapter", "pk": 9, "fields": {"name": "Пять сил Портера"}}, {"model": "account.undersection", "pk": 1, "fields": {"name": "Инвестиции"}}, {"model": "account.undersection", "pk": 2, "fields": {"name": "Конкуренты"}}, {"model": "account.undersection", "pk": 3, "fields": {"name": "Test section"}}, {"model": "account.undersection", "pk": 4, "fields": {"name": "Вебинары"}}, {"model": "account.undersection", "pk": 5, "fields": {"name": "SWOT-анализ"}}, {"model": "account.undersection", "pk": 6, "fields": {"name": "Как искать информацию"}}, {"model": "account.undersection", "pk": 7, "fields": {"name": "Инструкция к визуальному оформлению"}}, {"model": "account.undersection", "pk": 8, "fields": {"name": "5 сил Портера"}}, {"model": "account.undersection", "pk": 9, "fields": {"name": "Пять сил Портера"}}, {"model": "account.dataknowledgegeneral", "pk": 1, "fields": {"chapter": 1, "under_section": 1, "video_url": "праолышгна", "url": "ангпшпо", "files": [1]}}, {"model": "account.dataknowledgegeneral", "pk": 2, "fields": {"chapter": 2, "under_section": 1, "video_url": "dfdf", "url": "dffgd", "files": [1]}}, {"model": "account.dataknowledgegeneral", "pk": 3, "fields": {"chapter": 3, "under_section": 2, "video_url": "https://youtu.be/qqFuFAf_qH4?si=yroo1jPhq7_HlFCR\r\nhttps://youtu.be/giaCZr1sUZ4?si=gWNU0Xv5GGk5-Yzg", "url": "https://lush-shift-9f3.notion.site/Competition-Analysis-d3068dc7f88f4fbdb5d3fd2385202f1f?pvs=4", "files": [2, 3]}}, {"model": "account.dataknowledgegeneral", "pk": 4, "fields": {"chapter": 4, "under_section": 3, "video_url": "", "url": "", "files": [4]}}, {"model": "account.dataknowledgegeneral", "pk": 5, "fields": {"chapter": 5, "under_section": 4, "video_url": "https://drive.google.com/drive/folders/1u3hpHDeO315vzj4hRPS2ofNTowE6K1NR?usp=sharing", "url": "", "files": []}}, {"model": "account.dataknowledgegeneral", "pk": 6, "fields": {"chapter": 6, "under_section": 5, "video_url": "", "url": "", "files": [5]}}, {"model": "account.dataknowledgegeneral", "pk": 7, "fields": {"chapter": 7, "under_section": 6, "video_url": "", "url": "", "files": [7, 9]}}, {"model": "account.dataknowledgegeneral", "pk": 8, "fields": {"chapter": 7, "under_section": 7, "video_url": "", "url": "", "files": [8]}}, {"model": "account.dataknowledgegeneral", "pk": 9, "fields": {"chapter": 9, "under_section": 9, "video_url": "", "url": "", "files": [10]}}, {"model": "account.mailing", "pk": 1, "fields": {"subject": "тема", "title": "title", "message": "mailing message", "photo": "", "sent_date": "2024-05-29T12:04:24.643Z", "student": []}}, {"model": "account.mailing", "pk": 2, "fields": {"subject": "тема 1", "title": "title 1", "message": "техническая рассылка для 2 юзеров. Отпишитесь пожалуйста о получении @sergeivasilchenko", "photo": "", "sent_date": "2024-05-29T12:06:59.475Z", "student": []}}, {"model": "account.mailing", "pk": 3, "fields": {"subject": "HTTPS", "title": "Test 4", "message": "Штраф!!!", "photo": "", "sent_date": "2024-05-30T10:27:27.487Z", "student": [4, 8, 12]}}, {"model": "account.mailing", "pk": 4, "fields": {"subject": "Оценка тестовых аналитик", "title": "sv", "message": "Ты аналитик!!", "photo": "", "sent_date": "2024-06-05T15:55:41.289Z", "student": [8]}}, {"model": "account.mailing", "pk": 5, "fields": {"subject": "Оценка_тестовое_аналитик", "title": "-", "message": "-", "photo": "", "sent_date": "2024-06-05T15:58:14.588Z", "student": [8]}}, {"model": "account.mailing", "pk": 6, "fields": {"subject": "Оценка_тестовое", "title": "Алла Гузова", "message": "Уважаемая Алла,\r\n\r\nПоздравляем Вас с успешным выполнением тестового задания! Мы рады сообщить, что Вы приняты в команду фрилансеров IT-платформы Youstars. В ближайшее время с Вами свяжется менеджер или трекер проекта для обсуждения деталей дальнейшего сотрудничества.\r\n\r\nОценка тестового задания: 9/10. Ваш анализ выполнен на высоком уровне: проведен детальный поиск финансовых показателей и эффективно проанализированы каналы продаж. Вы продемонстрировали гибкий подход, включив в анализ дочернюю компанию, и самостоятельно сформулировали выводы. Также отметим Вашу готовность предоставить  источники информации. Единственное, что могло бы улучшить работу – это более детализированный анализ ценообразования, который в данный момент представлен общими фразами.\r\n\r\nС уважением,\r\nКоманда Youstars", "photo": "", "sent_date": "2024-06-05T16:41:36.435Z", "student": [80]}}, {"model": "account.mailing", "pk": 7, "fields": {"subject": "Эксперты", "title": "Найди", "message": "Лёня, найди экспертов на проект Сбера", "photo": "", "sent_date": "2024-06-10T11:13:00.108Z", "student": [12]}}, {"model": "account.mailing", "pk": 8, "fields": {"subject": "Оценка_тестовое_аналитик", "title": "Дарья Журавлева", "message": "Уважаемая Дарья,\r\n\r\nПоздравляем Вас с успешным выполнением тестового задания! Мы рады сообщить, что Вы приняты в команду фрилансеров IT-платформы Youstars. В ближайшее время с Вами свяжется менеджер или трекер проекта для обсуждения деталей дальнейшего сотрудничества.\r\n\r\nОценка тестового задания: 7/10. Благодарим за детальный поиск финансовых показателей. В работе над будущими проектами просим прикреплять ссылки на источник непосредственно после найденной из него информации. Нам не хватило выводов по проведенному анализу, а также более подробной информации по нескольким пунктам. Советуем в следующем проекте обращать внимание на то, какую нишу Вы анализируете, раскрывать в конкурентах только то, что будет интересно Вашему потенциальному заказчику. Также по анализу каналов продаж не смогли отметить какой-то полезной информации, сделано \"широкими мазками\". \r\n\r\nС уважением,\r\nКоманда Youstars", "photo": "", "sent_date": "2024-06-10T11:23:54.117Z", "student": [90]}}, {"model": "account.mailing", "pk": 9, "fields": {"subject": "Оценка_тестовое_аналитик", "title": "Данияр", "message": "Уважаемый Данияр,\r\n\r\nПоздравляем Вас с успешным выполнением тестового задания! Мы рады сообщить, что Вы приняты в команду фрилансеров IT-платформы Youstars. В ближайшее время с Вами свяжется менеджер или трекер проекта для обсуждения деталей дальнейшего сотрудничества.\r\n\r\nОценка тестового задания: 8/10. В работе над будущими проектами просим прикреплять активные ссылки на источник непосредственно после найденной из него информации. Также есть неточности в расчете. Но мы высоко оценили методологию расчета и сделанные Вами выводы. Спасибо за работу! \r\n\r\nС уважением,\r\nКоманда Youstars", "photo": "", "sent_date": "2024-06-10T11:36:07.602Z", "student": [83]}}, {"model": "account.mailing", "pk": 10, "fields": {"subject": "Оценка_тестовое_аналитик", "title": "Сергей Глухов", "message": "Уважаемый Сергей,\r\n\r\nПоздравляем Вас с успешным выполнением тестового задания! Мы рады сообщить, что Вы приняты в команду фрилансеров IT-платформы Youstars. Как нам стало известно, Вы уже принимаете активное участие в проектах нашей платформы, желаем Вам продуктивной работы! \r\n\r\nОценка тестового задания: 9/10. Расчет выполнен корректно, предоставлены релевантные ссылки, но не хватило источников по объему производства стали в разрезе конкретных стран. Также было бы большим плюсом добавить вывод по проделанному анализу! \r\n\r\nС уважением,\r\nКоманда Youstars", "photo": "", "sent_date": "2024-06-10T11:47:51.986Z", "student": [66]}}, {"model": "account.mailing", "pk": 11, "fields": {"subject": "Оценка_тестовое_аналитик", "title": "Валентина", "message": "Уважаемая Валентина,\r\n\r\nПоздравляем Вас с успешным выполнением тестового задания! Мы рады сообщить, что Вы приняты в команду фрилансеров IT-платформы Youstars. В ближайшее время с Вами свяжется менеджер или трекер проекта для обсуждения деталей дальнейшего сотрудничества.\r\n\r\nОценка тестового задания: 7/10. Благодарим за визуальное представление работы и прикрепленные ссылки на источники.  Нам не хватило выводов по проведенному анализу, а также более подробной информации по нескольким пунктам: анализ ценообразования, преимущества и недостатки конкурентов, финансовые показатели. Советуем в следующем проекте обращать внимание на то, какую нишу Вы анализируете, раскрывать в конкурентах  то, что будет интересно Вашему потенциальному заказчику. \r\n\r\nС уважением,\r\nКоманда Youstars", "photo": "", "sent_date": "2024-06-12T15:55:10.857Z", "student": [65]}}, {"model": "account.mailing", "pk": 12, "fields": {"subject": "Оценка_тестовое_аналитик", "title": "Анастасия Доброгаева", "message": "Уважаемая Анастасия,\r\n\r\nПоздравляем Вас с успешным выполнением тестового задания! Мы рады сообщить, что Вы приняты в команду фрилансеров IT-платформы Youstars. В ближайшее время с Вами свяжется менеджер или трекер проекта для обсуждения деталей дальнейшего сотрудничества.\r\n\r\nОценка тестового задания: 7/10. Благодарим за дополнительный обзор рынка и его трендов, также за приведенные цифры по добыче марганца по регионам. В работе над будущими проектами просим прикреплять ссылки на источник непосредственно после найденной из него информации (можно сносками, например). Описание конкурентов отличное, отметили полезные пункты: география присутствия и операционные показатели. Нам не хватило выводов по проведенному анализу, а также изначально предполагалось, что каждый пункт из ТЗ будет отнесен именно к конкретному конкуренты: и ценообразование, и преимущества с недостатками. Также не нашли в Вашем исследовании анализа каналов продаж. \r\n\r\nМы отметили, что Вы впервые проводите анализ рынка и конкурентов, передайте, пожалуйста, Дарье в каких проектах Вам было бы интересно поучаствовать: консалтинг, венчур, финансы? \r\n\r\nYoustars развивается в сторону маркетплейс, поэтому с нами можно получить разнообразный и практикоориентированный опыт в решении разнообразных задач, помогающих бизнесу  увеличивать продажи! \r\n\r\nС уважением,\r\nКоманда Youstars", "photo": "", "sent_date": "2024-06-12T16:17:02.407Z", "student": [78]}}, {"model": "account.mailing", "pk": 13, "fields": {"subject": "Оценка_тестовое_аналитик", "title": "Юрий Воробьев", "message": "Юрий, добрый день! Команда Youstars благодарит Вас за ответственное и своевременное выполнение тестового задания! Мы по достоинству оценили удобство визуализации и наличие ссылок на источники. \r\nПерейдем к недостаткам:\r\n-устаревшие данные (2005-2006гг). В случае, когда аналитик не находит в открытых источниках абсолютных значений, мы рекомендуем рассчитывать значения через CAGR.\r\n-отсутствие цифр в трендах (рост, повышение, увеличение - все желательно сопровождать цифрами и ссылками на них)\r\n-по драйверам такая же потребность - цифры \r\n-не хватает ссылок в анализе конкурентов (для удобства проверки и для заказчиков источники указываем не в конце, а непосредственно возле данных, взятых из источника)\r\n\r\nЮрий, мы рады Вам сообщить, что Вы прошли тестовое задание и теперь являетесь частью IT-платформы Youstars! В ближайшее время с вами свяжутся и предложат участие в релевантном для Вас проекте. Напишите, пожалуйста, менеджеру о том, в каких проектах Вы бы хотели участвовать  и развиваться! Если у Вас остались вопросы - также задавайте их  @Dariasssa", "photo": "", "sent_date": "2024-07-05T12:56:33.498Z", "student": [106]}}, {"model": "account.mailing", "pk": 14, "fields": {"subject": "Оценка_тестовое_аналитик", "title": "Кононов Глеб", "message": "Глеб, добрый день! Команда Youstars благодарит Вас за ответственное и своевременное выполнение тестового задания! Мы по достоинству оценили оформление работы, наличие ссылок на источники и актуальные данные по рынку. \r\nПерейдем к недостаткам:\r\n-отсутствие цифр в трендах (рост, повышение, увеличение - все желательно сопровождать цифрами и ссылками на них)\r\n-по барьерам такая же потребность - цифры \r\n-не хватает цифр в анализе конкурентов (выручка, сотрудники и другие критерии, которые охарактеризуют рыночную ситуацию в Европе)\r\n\r\nГлеб, мы рады Вам сообщить, что Вы прошли тестовое задание и теперь являетесь частью IT-платформы Youstars! В ближайшее время с вами свяжутся и предложат участие в релевантном для Вас проекте. Напишите, пожалуйста, менеджеру о том, в каких проектах Вы бы хотели участвовать  и развиваться! Если у Вас остались вопросы - также задавайте их  @Dariasssa", "photo": "", "sent_date": "2024-07-08T08:27:38.756Z", "student": [115]}}, {"model": "account.mailing", "pk": 15, "fields": {"subject": "Оценка_тестовое_аналитик", "title": "Тригубенкова Валерия", "message": "Валерия, добрый день! Команда Youstars благодарит Вас за ответственное и своевременное выполнение тестового задания! Мы по достоинству оценили оформление работы, наличие ссылок на источники и контакты сотрудников. \r\nПерейдем к недостаткам:\r\n-устаревшие данные (Ковид был уже 4 года назад) \r\n-отсутствие цифр в трендах (рост, повышение, увеличение - все желательно сопровождать цифрами и ссылками на них)\r\n-по барьерам такая же потребность - цифры \r\n\r\nВалерия, мы рады Вам сообщить, что Вы прошли тестовое задание и теперь являетесь частью IT-платформы Youstars! В ближайшее время с вами свяжутся и предложат участие в релевантном для Вас проекте. Напишите, пожалуйста, менеджеру о том, в каких проектах Вы бы хотели участвовать  и развиваться! Если у Вас остались вопросы - также задавайте их  @Dariasssa", "photo": "", "sent_date": "2024-07-08T11:51:49.678Z", "student": [107]}}, {"model": "account.mailing", "pk": 16, "fields": {"subject": "Оценка_тестовое_аналитик", "title": "Мильто", "message": "Депрессивный штраф", "photo": "", "sent_date": "2024-07-08T15:18:22.569Z", "student": [112]}}, {"model": "account.mailing", "pk": 17, "fields": {"subject": "тестовая 08 07 2023", "title": "уведомление о получении 08 07 2023", "message": "Рассылка работает", "photo": "", "sent_date": "2024-07-08T17:20:10.558Z", "student": [45]}}, {"model": "account.mailing", "pk": 18, "fields": {"subject": "Сообщение для Мильто", "title": "рассылка работает", "message": "Это Сергей. Плиз напиши мне, когда прочтешь это сообщение. Слетел брокер асинхронных задач celery. Почему - я не знаю. Но есть догадка, что кто-то, как я увидел, заходил вчера на сервер. и мог что-то сделать, что повлияло на работу брокера. будем наблюдать.\r\nпо идее предыдущие рассылки должны просраться и отправиться адресатам", "photo": "", "sent_date": "2024-07-08T17:50:57.101Z", "student": [112]}}, {"model": "auth.permission", "fields": {"name": "Can add log entry", "content_type": ["admin", "logentry"], "codename": "add_logentry"}}, {"model": "auth.permission", "fields": {"name": "Can change log entry", "content_type": ["admin", "logentry"], "codename": "change_logentry"}}, {"model": "auth.permission", "fields": {"name": "Can delete log entry", "content_type": ["admin", "logentry"], "codename": "delete_logentry"}}, {"model": "auth.permission", "fields": {"name": "Can view log entry", "content_type": ["admin", "logentry"], "codename": "view_logentry"}}, {"model": "auth.permission", "fields": {"name": "Can add permission", "content_type": ["auth", "permission"], "codename": "add_permission"}}, {"model": "auth.permission", "fields": {"name": "Can change permission", "content_type": ["auth", "permission"], "codename": "change_permission"}}, {"model": "auth.permission", "fields": {"name": "Can delete permission", "content_type": ["auth", "permission"], "codename": "delete_permission"}}, {"model": "auth.permission", "fields": {"name": "Can view permission", "content_type": ["auth", "permission"], "codename": "view_permission"}}, {"model": "auth.permission", "fields": {"name": "Can add group", "content_type": ["auth", "group"], "codename": "add_group"}}, {"model": "auth.permission", "fields": {"name": "Can change group", "content_type": ["auth", "group"], "codename": "change_group"}}, {"model": "auth.permission", "fields": {"name": "Can delete group", "content_type": ["auth", "group"], "codename": "delete_group"}}, {"model": "auth.permission", "fields": {"name": "Can view group", "content_type": ["auth", "group"], "codename": "view_group"}}, {"model": "auth.permission", "fields": {"name": "Can add content type", "content_type": ["contenttypes", "contenttype"], "codename": "add_contenttype"}}, {"model": "auth.permission", "fields": {"name": "Can change content type", "content_type": ["contenttypes", "contenttype"], "codename": "change_contenttype"}}, {"model": "auth.permission", "fields": {"name": "Can delete content type", "content_type": ["contenttypes", "contenttype"], "codename": "delete_contenttype"}}, {"model": "auth.permission", "fields": {"name": "Can view content type", "content_type": ["contenttypes", "contenttype"], "codename": "view_contenttype"}}, {"model": "auth.permission", "fields": {"name": "Can add session", "content_type": ["sessions", "session"], "codename": "add_session"}}, {"model": "auth.permission", "fields": {"name": "Can change session", "content_type": ["sessions", "session"], "codename": "change_session"}}, {"model": "auth.permission", "fields": {"name": "Can delete session", "content_type": ["sessions", "session"], "codename": "delete_session"}}, {"model": "auth.permission", "fields": {"name": "Can view session", "content_type": ["sessions", "session"], "codename": "view_session"}}, {"model": "auth.permission", "fields": {"name": "Can add user", "content_type": ["account", "customuser"], "codename": "add_customuser"}}, {"model": "auth.permission", "fields": {"name": "Can change user", "content_type": ["account", "customuser"], "codename": "change_customuser"}}, {"model": "auth.permission", "fields": {"name": "Can delete user", "content_type": ["account", "customuser"], "codename": "delete_customuser"}}, {"model": "auth.permission", "fields": {"name": "Can view user", "content_type": ["account", "customuser"], "codename": "view_customuser"}}, {"model": "auth.permission", "fields": {"name": "Can add Образование", "content_type": ["account", "beforeuniversity"], "codename": "add_beforeuniversity"}}, {"model": "auth.permission", "fields": {"name": "Can change Образование", "content_type": ["account", "beforeuniversity"], "codename": "change_beforeuniversity"}}, {"model": "auth.permission", "fields": {"name": "Can delete Образование", "content_type": ["account", "beforeuniversity"], "codename": "delete_beforeuniversity"}}, {"model": "auth.permission", "fields": {"name": "Can view Образование", "content_type": ["account", "beforeuniversity"], "codename": "view_beforeuniversity"}}, {"model": "auth.permission", "fields": {"name": "Can add Тема", "content_type": ["account", "chapter"], "codename": "add_chapter"}}, {"model": "auth.permission", "fields": {"name": "Can change Тема", "content_type": ["account", "chapter"], "codename": "change_chapter"}}, {"model": "auth.permission", "fields": {"name": "Can delete Тема", "content_type": ["account", "chapter"], "codename": "delete_chapter"}}, {"model": "auth.permission", "fields": {"name": "Can view Тема", "content_type": ["account", "chapter"], "codename": "view_chapter"}}, {"model": "auth.permission", "fields": {"name": "Can add Курс", "content_type": ["account", "course"], "codename": "add_course"}}, {"model": "auth.permission", "fields": {"name": "Can change Курс", "content_type": ["account", "course"], "codename": "change_course"}}, {"model": "auth.permission", "fields": {"name": "Can delete Курс", "content_type": ["account", "course"], "codename": "delete_course"}}, {"model": "auth.permission", "fields": {"name": "Can view Курс", "content_type": ["account", "course"], "codename": "view_course"}}, {"model": "auth.permission", "fields": {"name": "Can add База знаний общая", "content_type": ["account", "dataknowledgegeneral"], "codename": "add_dataknowledgegeneral"}}, {"model": "auth.permission", "fields": {"name": "Can change База знаний общая", "content_type": ["account", "dataknowledgegeneral"], "codename": "change_dataknowledgegeneral"}}, {"model": "auth.permission", "fields": {"name": "Can delete База знаний общая", "content_type": ["account", "dataknowledgegeneral"], "codename": "delete_dataknowledgegeneral"}}, {"model": "auth.permission", "fields": {"name": "Can view База знаний общая", "content_type": ["account", "dataknowledgegeneral"], "codename": "view_dataknowledgegeneral"}}, {"model": "auth.permission", "fields": {"name": "Can add Файл", "content_type": ["account", "file"], "codename": "add_file"}}, {"model": "auth.permission", "fields": {"name": "Can change Файл", "content_type": ["account", "file"], "codename": "change_file"}}, {"model": "auth.permission", "fields": {"name": "Can delete Файл", "content_type": ["account", "file"], "codename": "delete_file"}}, {"model": "auth.permission", "fields": {"name": "Can view Файл", "content_type": ["account", "file"], "codename": "view_file"}}, {"model": "auth.permission", "fields": {"name": "Can add Группа", "content_type": ["account", "groupstudent"], "codename": "add_groupstudent"}}, {"model": "auth.permission", "fields": {"name": "Can change Группа", "content_type": ["account", "groupstudent"], "codename": "change_groupstudent"}}, {"model": "auth.permission", "fields": {"name": "Can delete Группа", "content_type": ["account", "groupstudent"], "codename": "delete_groupstudent"}}, {"model": "auth.permission", "fields": {"name": "Can view Группа", "content_type": ["account", "groupstudent"], "codename": "view_groupstudent"}}, {"model": "auth.permission", "fields": {"name": "Can add Проект", "content_type": ["account", "project"], "codename": "add_project"}}, {"model": "auth.permission", "fields": {"name": "Can change Проект", "content_type": ["account", "project"], "codename": "change_project"}}, {"model": "auth.permission", "fields": {"name": "Can delete Проект", "content_type": ["account", "project"], "codename": "delete_project"}}, {"model": "auth.permission", "fields": {"name": "Can view Проект", "content_type": ["account", "project"], "codename": "view_project"}}, {"model": "auth.permission", "fields": {"name": "Can add Студент", "content_type": ["account", "student"], "codename": "add_student"}}, {"model": "auth.permission", "fields": {"name": "Can change Студент", "content_type": ["account", "student"], "codename": "change_student"}}, {"model": "auth.permission", "fields": {"name": "Can delete Студент", "content_type": ["account", "student"], "codename": "delete_student"}}, {"model": "auth.permission", "fields": {"name": "Can view Студент", "content_type": ["account", "student"], "codename": "view_student"}}, {"model": "auth.permission", "fields": {"name": "Can add Задача группы по проекту", "content_type": ["account", "taskgroup"], "codename": "add_taskgroup"}}, {"model": "auth.permission", "fields": {"name": "Can change Задача группы по проекту", "content_type": ["account", "taskgroup"], "codename": "change_taskgroup"}}, {"model": "auth.permission", "fields": {"name": "Can delete Задача группы по проекту", "content_type": ["account", "taskgroup"], "codename": "delete_taskgroup"}}, {"model": "auth.permission", "fields": {"name": "Can view Задача группы по проекту", "content_type": ["account", "taskgroup"], "codename": "view_taskgroup"}}, {"model": "auth.permission", "fields": {"name": "Can add Задача тесовое", "content_type": ["account", "testtask"], "codename": "add_testtask"}}, {"model": "auth.permission", "fields": {"name": "Can change Задача тесовое", "content_type": ["account", "testtask"], "codename": "change_testtask"}}, {"model": "auth.permission", "fields": {"name": "Can delete Задача тесовое", "content_type": ["account", "testtask"], "codename": "delete_testtask"}}, {"model": "auth.permission", "fields": {"name": "Can view Задача тесовое", "content_type": ["account", "testtask"], "codename": "view_testtask"}}, {"model": "auth.permission", "fields": {"name": "Can add Раздел Образование", "content_type": ["account", "undersection"], "codename": "add_undersection"}}, {"model": "auth.permission", "fields": {"name": "Can change Раздел Образование", "content_type": ["account", "undersection"], "codename": "change_undersection"}}, {"model": "auth.permission", "fields": {"name": "Can delete Раздел Образование", "content_type": ["account", "undersection"], "codename": "delete_undersection"}}, {"model": "auth.permission", "fields": {"name": "Can view Раздел Образование", "content_type": ["account", "undersection"], "codename": "view_undersection"}}, {"model": "auth.permission", "fields": {"name": "Can add ВУЗ", "content_type": ["account", "university"], "codename": "add_university"}}, {"model": "auth.permission", "fields": {"name": "Can change ВУЗ", "content_type": ["account", "university"], "codename": "change_university"}}, {"model": "auth.permission", "fields": {"name": "Can delete ВУЗ", "content_type": ["account", "university"], "codename": "delete_university"}}, {"model": "auth.permission", "fields": {"name": "Can view ВУЗ", "content_type": ["account", "university"], "codename": "view_university"}}, {"model": "auth.permission", "fields": {"name": "Can add Профессиональная сфера интересов", "content_type": ["account", "userinterestsfirst"], "codename": "add_userinterestsfirst"}}, {"model": "auth.permission", "fields": {"name": "Can change Профессиональная сфера интересов", "content_type": ["account", "userinterestsfirst"], "codename": "change_userinterestsfirst"}}, {"model": "auth.permission", "fields": {"name": "Can delete Профессиональная сфера интересов", "content_type": ["account", "userinterestsfirst"], "codename": "delete_userinterestsfirst"}}, {"model": "auth.permission", "fields": {"name": "Can view Профессиональная сфера интересов", "content_type": ["account", "userinterestsfirst"], "codename": "view_userinterestsfirst"}}, {"model": "auth.permission", "fields": {"name": "Can add Интересующие Вас ниши", "content_type": ["account", "userinterestssecond"], "codename": "add_userinterestssecond"}}, {"model": "auth.permission", "fields": {"name": "Can change Интересующие Вас ниши", "content_type": ["account", "userinterestssecond"], "codename": "change_userinterestssecond"}}, {"model": "auth.permission", "fields": {"name": "Can delete Интересующие Вас ниши", "content_type": ["account", "userinterestssecond"], "codename": "delete_userinterestssecond"}}, {"model": "auth.permission", "fields": {"name": "Can view Интересующие Вас ниши", "content_type": ["account", "userinterestssecond"], "codename": "view_userinterestssecond"}}, {"model": "auth.permission", "fields": {"name": "Can add Цели", "content_type": ["account", "userintereststhird"], "codename": "add_userintereststhird"}}, {"model": "auth.permission", "fields": {"name": "Can change Цели", "content_type": ["account", "userintereststhird"], "codename": "change_userintereststhird"}}, {"model": "auth.permission", "fields": {"name": "Can delete Цели", "content_type": ["account", "userintereststhird"], "codename": "delete_userintereststhird"}}, {"model": "auth.permission", "fields": {"name": "Can view Цели", "content_type": ["account", "userintereststhird"], "codename": "view_userintereststhird"}}, {"model": "auth.permission", "fields": {"name": "Can add Задача студента по проекту", "content_type": ["account", "taskstudent"], "codename": "add_taskstudent"}}, {"model": "auth.permission", "fields": {"name": "Can change Задача студента по проекту", "content_type": ["account", "taskstudent"], "codename": "change_taskstudent"}}, {"model": "auth.permission", "fields": {"name": "Can delete Задача студента по проекту", "content_type": ["account", "taskstudent"], "codename": "delete_taskstudent"}}, {"model": "auth.permission", "fields": {"name": "Can view Задача студента по проекту", "content_type": ["account", "taskstudent"], "codename": "view_taskstudent"}}, {"model": "auth.permission", "fields": {"name": "Can add Статус задачи студента", "content_type": ["account", "taskstatusstudent"], "codename": "add_taskstatusstudent"}}, {"model": "auth.permission", "fields": {"name": "Can change Статус задачи студента", "content_type": ["account", "taskstatusstudent"], "codename": "change_taskstatusstudent"}}, {"model": "auth.permission", "fields": {"name": "Can delete Статус задачи студента", "content_type": ["account", "taskstatusstudent"], "codename": "delete_taskstatusstudent"}}, {"model": "auth.permission", "fields": {"name": "Can view Статус задачи студента", "content_type": ["account", "taskstatusstudent"], "codename": "view_taskstatusstudent"}}, {"model": "auth.permission", "fields": {"name": "Can add Статус задачи группы", "content_type": ["account", "taskstatusgroup"], "codename": "add_taskstatusgroup"}}, {"model": "auth.permission", "fields": {"name": "Can change Статус задачи группы", "content_type": ["account", "taskstatusgroup"], "codename": "change_taskstatusgroup"}}, {"model": "auth.permission", "fields": {"name": "Can delete Статус задачи группы", "content_type": ["account", "taskstatusgroup"], "codename": "delete_taskstatusgroup"}}, {"model": "auth.permission", "fields": {"name": "Can view Статус задачи группы", "content_type": ["account", "taskstatusgroup"], "codename": "view_taskstatusgroup"}}, {"model": "auth.permission", "fields": {"name": "Can add Портфолио студента", "content_type": ["account", "studentportfolio"], "codename": "add_studentportfolio"}}, {"model": "auth.permission", "fields": {"name": "Can change Портфолио студента", "content_type": ["account", "studentportfolio"], "codename": "change_studentportfolio"}}, {"model": "auth.permission", "fields": {"name": "Can delete Портфолио студента", "content_type": ["account", "studentportfolio"], "codename": "delete_studentportfolio"}}, {"model": "auth.permission", "fields": {"name": "Can view Портфолио студента", "content_type": ["account", "studentportfolio"], "codename": "view_studentportfolio"}}, {"model": "auth.permission", "fields": {"name": "Can add Резюме студента", "content_type": ["account", "studentcv"], "codename": "add_studentcv"}}, {"model": "auth.permission", "fields": {"name": "Can change Резюме студента", "content_type": ["account", "studentcv"], "codename": "change_studentcv"}}, {"model": "auth.permission", "fields": {"name": "Can delete Резюме студента", "content_type": ["account", "studentcv"], "codename": "delete_studentcv"}}, {"model": "auth.permission", "fields": {"name": "Can view Резюме студента", "content_type": ["account", "studentcv"], "codename": "view_studentcv"}}, {"model": "auth.permission", "fields": {"name": "Can add student_projects", "content_type": ["account", "student_projects"], "codename": "add_student_projects"}}, {"model": "auth.permission", "fields": {"name": "Can change student_projects", "content_type": ["account", "student_projects"], "codename": "change_student_projects"}}, {"model": "auth.permission", "fields": {"name": "Can delete student_projects", "content_type": ["account", "student_projects"], "codename": "delete_student_projects"}}, {"model": "auth.permission", "fields": {"name": "Can view student_projects", "content_type": ["account", "student_projects"], "codename": "view_student_projects"}}, {"model": "auth.permission", "fields": {"name": "Can add project data knowledge", "content_type": ["account", "projectdataknowledge"], "codename": "add_projectdataknowledge"}}, {"model": "auth.permission", "fields": {"name": "Can change project data knowledge", "content_type": ["account", "projectdataknowledge"], "codename": "change_projectdataknowledge"}}, {"model": "auth.permission", "fields": {"name": "Can delete project data knowledge", "content_type": ["account", "projectdataknowledge"], "codename": "delete_projectdataknowledge"}}, {"model": "auth.permission", "fields": {"name": "Can view project data knowledge", "content_type": ["account", "projectdataknowledge"], "codename": "view_projectdataknowledge"}}, {"model": "auth.permission", "fields": {"name": "Can add Заказ", "content_type": ["account", "orders"], "codename": "add_orders"}}, {"model": "auth.permission", "fields": {"name": "Can change Заказ", "content_type": ["account", "orders"], "codename": "change_orders"}}, {"model": "auth.permission", "fields": {"name": "Can delete Заказ", "content_type": ["account", "orders"], "codename": "delete_orders"}}, {"model": "auth.permission", "fields": {"name": "Can view Заказ", "content_type": ["account", "orders"], "codename": "view_orders"}}, {"model": "auth.permission", "fields": {"name": "Can add Рассылка", "content_type": ["account", "mailing"], "codename": "add_mailing"}}, {"model": "auth.permission", "fields": {"name": "Can change Рассылка", "content_type": ["account", "mailing"], "codename": "change_mailing"}}, {"model": "auth.permission", "fields": {"name": "Can delete Рассылка", "content_type": ["account", "mailing"], "codename": "delete_mailing"}}, {"model": "auth.permission", "fields": {"name": "Can view Рассылка", "content_type": ["account", "mailing"], "codename": "view_mailing"}}, {"model": "auth.permission", "fields": {"name": "Can add База знаний бесплатно", "content_type": ["account", "dataknowledgefree"], "codename": "add_dataknowledgefree"}}, {"model": "auth.permission", "fields": {"name": "Can change База знаний бесплатно", "content_type": ["account", "dataknowledgefree"], "codename": "change_dataknowledgefree"}}, {"model": "auth.permission", "fields": {"name": "Can delete База знаний бесплатно", "content_type": ["account", "dataknowledgefree"], "codename": "delete_dataknowledgefree"}}, {"model": "auth.permission", "fields": {"name": "Can view База знаний бесплатно", "content_type": ["account", "dataknowledgefree"], "codename": "view_dataknowledgefree"}}, {"model": "auth.permission", "fields": {"name": "Can add База знаний платно", "content_type": ["account", "dataknowledge"], "codename": "add_dataknowledge"}}, {"model": "auth.permission", "fields": {"name": "Can change База знаний платно", "content_type": ["account", "dataknowledge"], "codename": "change_dataknowledge"}}, {"model": "auth.permission", "fields": {"name": "Can delete База знаний платно", "content_type": ["account", "dataknowledge"], "codename": "delete_dataknowledge"}}, {"model": "auth.permission", "fields": {"name": "Can view База знаний платно", "content_type": ["account", "dataknowledge"], "codename": "view_dataknowledge"}}, {"model": "auth.permission", "fields": {"name": "Can add Комментарий", "content_type": ["account", "comment"], "codename": "add_comment"}}, {"model": "auth.permission", "fields": {"name": "Can change Комментарий", "content_type": ["account", "comment"], "codename": "change_comment"}}, {"model": "auth.permission", "fields": {"name": "Can delete Комментарий", "content_type": ["account", "comment"], "codename": "delete_comment"}}, {"model": "auth.permission", "fields": {"name": "Can view Комментарий", "content_type": ["account", "comment"], "codename": "view_comment"}}, {"model": "auth.permission", "fields": {"name": "Can add Ответы", "content_type": ["account", "answertesttask"], "codename": "add_answertesttask"}}, {"model": "auth.permission", "fields": {"name": "Can change Ответы", "content_type": ["account", "answertesttask"], "codename": "change_answertesttask"}}, {"model": "auth.permission", "fields": {"name": "Can delete Ответы", "content_type": ["account", "answertesttask"], "codename": "delete_answertesttask"}}, {"model": "auth.permission", "fields": {"name": "Can view Ответы", "content_type": ["account", "answertesttask"], "codename": "view_answertesttask"}}, {"model": "auth.permission", "fields": {"name": "Can add Ответ студента", "content_type": ["account", "answersstudent"], "codename": "add_answersstudent"}}, {"model": "auth.permission", "fields": {"name": "Can change Ответ студента", "content_type": ["account", "answersstudent"], "codename": "change_answersstudent"}}, {"model": "auth.permission", "fields": {"name": "Can delete Ответ студента", "content_type": ["account", "answersstudent"], "codename": "delete_answersstudent"}}, {"model": "auth.permission", "fields": {"name": "Can view Ответ студента", "content_type": ["account", "answersstudent"], "codename": "view_answersstudent"}}, {"model": "auth.permission", "fields": {"name": "Can add Ответ группы", "content_type": ["account", "answergroup"], "codename": "add_answergroup"}}, {"model": "auth.permission", "fields": {"name": "Can change Ответ группы", "content_type": ["account", "answergroup"], "codename": "change_answergroup"}}, {"model": "auth.permission", "fields": {"name": "Can delete Ответ группы", "content_type": ["account", "answergroup"], "codename": "delete_answergroup"}}, {"model": "auth.permission", "fields": {"name": "Can view Ответ группы", "content_type": ["account", "answergroup"], "codename": "view_answergroup"}}, {"model": "auth.permission", "fields": {"name": "Can add Оценка тестового", "content_type": ["account", "testtaskevaluation"], "codename": "add_testtaskevaluation"}}, {"model": "auth.permission", "fields": {"name": "Can change Оценка тестового", "content_type": ["account", "testtaskevaluation"], "codename": "change_testtaskevaluation"}}, {"model": "auth.permission", "fields": {"name": "Can delete Оценка тестового", "content_type": ["account", "testtaskevaluation"], "codename": "delete_testtaskevaluation"}}, {"model": "auth.permission", "fields": {"name": "Can view Оценка тестового", "content_type": ["account", "testtaskevaluation"], "codename": "view_testtaskevaluation"}}, {"model": "auth.permission", "fields": {"name": "Can add Подписка", "content_type": ["account", "subscription"], "codename": "add_subscription"}}, {"model": "auth.permission", "fields": {"name": "Can change Подписка", "content_type": ["account", "subscription"], "codename": "change_subscription"}}, {"model": "auth.permission", "fields": {"name": "Can delete Подписка", "content_type": ["account", "subscription"], "codename": "delete_subscription"}}, {"model": "auth.permission", "fields": {"name": "Can view Подписка", "content_type": ["account", "subscription"], "codename": "view_subscription"}}, {"model": "auth.permission", "fields": {"name": "Can add project invitation", "content_type": ["account", "projectinvitation"], "codename": "add_projectinvitation"}}, {"model": "auth.permission", "fields": {"name": "Can change project invitation", "content_type": ["account", "projectinvitation"], "codename": "change_projectinvitation"}}, {"model": "auth.permission", "fields": {"name": "Can delete project invitation", "content_type": ["account", "projectinvitation"], "codename": "delete_projectinvitation"}}, {"model": "auth.permission", "fields": {"name": "Can view project invitation", "content_type": ["account", "projectinvitation"], "codename": "view_projectinvitation"}}, {"model": "auth.permission", "fields": {"name": "Can add task student data knowledge", "content_type": ["account", "taskstudentdataknowledge"], "codename": "add_taskstudentdataknowledge"}}, {"model": "auth.permission", "fields": {"name": "Can change task student data knowledge", "content_type": ["account", "taskstudentdataknowledge"], "codename": "change_taskstudentdataknowledge"}}, {"model": "auth.permission", "fields": {"name": "Can delete task student data knowledge", "content_type": ["account", "taskstudentdataknowledge"], "codename": "delete_taskstudentdataknowledge"}}, {"model": "auth.permission", "fields": {"name": "Can view task student data knowledge", "content_type": ["account", "taskstudentdataknowledge"], "codename": "view_taskstudentdataknowledge"}}, {"model": "auth.permission", "fields": {"name": "Can add student invitation", "content_type": ["account", "studentinvitation"], "codename": "add_studentinvitation"}}, {"model": "auth.permission", "fields": {"name": "Can change student invitation", "content_type": ["account", "studentinvitation"], "codename": "change_studentinvitation"}}, {"model": "auth.permission", "fields": {"name": "Can delete student invitation", "content_type": ["account", "studentinvitation"], "codename": "delete_studentinvitation"}}, {"model": "auth.permission", "fields": {"name": "Can view student invitation", "content_type": ["account", "studentinvitation"], "codename": "view_studentinvitation"}}, {"model": "auth.group", "fields": {"name": "analitic", "permissions": [["add_course", "account", "course"], ["view_project", "account", "project"]]}}, {"model": "auth.group", "fields": {"name": "group", "permissions": [["add_project", "account", "project"], ["change_project", "account", "project"], ["delete_project", "account", "project"], ["view_project", "account", "project"], ["add_taskgroup", "account", "taskgroup"], ["change_taskgroup", "account", "taskgroup"], ["delete_taskgroup", "account", "taskgroup"], ["view_taskgroup", "account", "taskgroup"], ["add_taskstudent", "account", "taskstudent"], ["change_taskstudent", "account", "taskstudent"], ["delete_taskstudent", "account", "taskstudent"], ["view_taskstudent", "account", "taskstudent"]]}}, {"model": "auth.group", "fields": {"name": "TL", "permissions": [["add_answersstudent", "account", "answersstudent"], ["view_answersstudent", "account", "answersstudent"], ["add_chapter", "account", "chapter"], ["view_chapter", "account", "chapter"], ["add_dataknowledge", "account", "dataknowledge"], ["view_dataknowledge", "account", "dataknowledge"], ["add_dataknowledgefree", "account", "dataknowledgefree"], ["view_dataknowledgefree", "account", "dataknowledgefree"], ["add_dataknowledgegeneral", "account", "dataknowledgegeneral"], ["view_dataknowledgegeneral", "account", "dataknowledgegeneral"], ["add_file", "account", "file"], ["view_file", "account", "file"], ["add_mailing", "account", "mailing"], ["view_mailing", "account", "mailing"], ["add_project", "account", "project"], ["change_project", "account", "project"], ["view_project", "account", "project"], ["add_projectdataknowledge", "account", "projectdataknowledge"], ["change_projectdataknowledge", "account", "projectdataknowledge"], ["view_projectdataknowledge", "account", "projectdataknowledge"], ["add_student_projects", "account", "student_projects"], ["change_student_projects", "account", "student_projects"], ["delete_student_projects", "account", "student_projects"], ["view_student_projects", "account", "student_projects"], ["view_studentcv", "account", "studentcv"], ["view_studentportfolio", "account", "studentportfolio"], ["view_subscription", "account", "subscription"], ["add_taskgroup", "account", "taskgroup"], ["change_taskgroup", "account", "taskgroup"], ["delete_taskgroup", "account", "taskgroup"], ["view_taskgroup", "account", "taskgroup"], ["add_taskstatusgroup", "account", "taskstatusgroup"], ["change_taskstatusgroup", "account", "taskstatusgroup"], ["delete_taskstatusgroup", "account", "taskstatusgroup"], ["view_taskstatusgroup", "account", "taskstatusgroup"], ["add_taskstatusstudent", "account", "taskstatusstudent"], ["change_taskstatusstudent", "account", "taskstatusstudent"], ["delete_taskstatusstudent", "account", "taskstatusstudent"], ["view_taskstatusstudent", "account", "taskstatusstudent"], ["add_taskstudent", "account", "taskstudent"], ["change_taskstudent", "account", "taskstudent"], ["delete_taskstudent", "account", "taskstudent"], ["view_taskstudent", "account", "taskstudent"], ["add_testtask", "account", "testtask"], ["change_testtask", "account", "testtask"], ["view_testtask", "account", "testtask"], ["add_testtaskevaluation", "account", "testtaskevaluation"], ["change_testtaskevaluation", "account", "testtaskevaluation"], ["view_testtaskevaluation", "account", "testtaskevaluation"], ["add_logentry", "admin", "logentry"], ["change_logentry", "admin", "logentry"]]}}, {"model": "account.customuser", "fields": {"password": "pbkdf2_sha256$600000$InvaBcWQJUZ1A1cH0qWJxo$VxprkrjBp4KmNQB+h2RKZ7o9FqG64TEdT4+Ktxuolx4=", "last_login": "2024-08-11T19:24:46.859Z", "is_superuser": true, "username": "Egor", "first_name": "", "last_name": "", "email": "", "is_staff": true, "is_active": true, "date_joined": "2024-04-04T13:40:19.794Z", "is_busy": "В работе", "position": "Админ", "full_name": "Егор Григорьев", "hours_per_week": 40, "groups": [], "user_permissions": []}}, {"model": "account.customuser", "fields": {"password": "pbkdf2_sha256$600000$WRy71ZD4WxU8t0g3TZXShZ$M+UneKmCirhCOkiCUzefdwvPhvNYTX8xYAt+pxFn7lg=", "last_login": null, "is_superuser": false, "username": "Dasha", "first_name": "Maria", "last_name": "Rostakova", "email": "Gamestudent@gmail.com", "is_staff": false, "is_active": true, "date_joined": "2024-04-04T22:11:19Z", "is_busy": "Свободен", "position": "Тимлид", "full_name": "Mariia Wieland", "hours_per_week": 0, "groups": [], "user_permissions": []}}, {"model": "account.customuser", "fields": {"password": "pbkdf2_sha256$600000$3Pt1sQL2mz4QZFgZV2cWyI$j/iAoemy36iYzuLVwOLARTqJgckeydAa8VvA9MFwPYI=", "last_login": "2024-04-24T11:22:16.320Z", "is_superuser": false, "username": "error", "first_name": "", "last_name": "", "email": "", "is_staff": true, "is_active": true, "date_joined": "2024-04-24T11:21:33.237Z", "is_busy": "В работе", "position": "Трекер", "full_name": "pass error", "hours_per_week": 0, "groups": [["analitic"]], "user_permissions": []}}, {"model": "account.customuser", "fields": {"password": "pbkdf2_sha256$600000$B04UM8hmoE6rJ4LIzLzDnm$m5bhL0/XNE5U/WpC3i3FjgPNb5OQLdctceJZGQzWFdQ=", "last_login": "2024-06-19T11:15:46.002Z", "is_superuser": true, "username": "Daria", "first_name": "", "last_name": "", "email": "darasigida921@gmail.com", "is_staff": true, "is_active": true, "date_joined": "2024-06-01T11:58:27.936Z", "is_busy": "Free", "position": "Админ", "full_name": "Дарья Сигида", "hours_per_week": 0, "groups": [], "user_permissions": []}}, {"model": "account.customuser", "fields": {"password": "pbkdf2_sha256$600000$RDHiNh919kQIi2sFnztrMh$tUFLZv8XQUay64TATqF74ar2qirzD7woSVeghl8WfKs=", "last_login": "2024-08-08T16:08:17.073Z", "is_superuser": true, "username": "Milto", "first_name": "", "last_name": "", "email": "miltiad.k@yandex.ru", "is_staff": true, "is_active": true, "date_joined": "2024-06-12T13:36:58.555Z", "is_busy": "Free", "position": "Тимлид", "full_name": "Кюрджидис Мильтиадис Александрович", "hours_per_week": 0, "groups": [], "user_permissions": []}}, {"model": "account.customuser", "fields": {"password": "pbkdf2_sha256$600000$iMooxLQPo5OBvVY7QBezN7$QjoDSI1K2tc546puIqEVoNoWIsqLa7UOlY4w4Elipjc=", "last_login": "2024-07-09T09:20:05.638Z", "is_superuser": false, "username": "Alla", "first_name": "", "last_name": "", "email": "alla.guz@gmail.com", "is_staff": true, "is_active": true, "date_joined": "2024-06-19T11:54:13.028Z", "is_busy": "В работе", "position": "Тимлид", "full_name": "Гузова Алла Владимировна", "hours_per_week": 0, "groups": [["TL"]], "user_permissions": []}}, {"model": "account.customuser", "fields": {"password": "pbkdf2_sha256$600000$TxepJaE9It1xL5yBIrI1bS$AfxT4rCpkVBWhMS3lWf2eoPI0NW4uG+e7LaPn66A8m0=", "last_login": "2024-08-14T14:57:19.480Z", "is_superuser": true, "username": "Konstantin", "first_name": "", "last_name": "", "email": "", "is_staff": true, "is_active": true, "date_joined": "2024-07-05T10:02:41.593Z", "is_busy": "Free", "position": "Админ", "full_name": "Грек Константин Андреевич", "hours_per_week": 0, "groups": [], "user_permissions": []}}, {"model": "account.project", "pk": 6, "fields": {"captain": ["Egor"], "name": "Форма регистрации", "intricacy": "10", "start_date": null, "end_date": null, "group_grade": null, "intricacy_coefficient": 0, "group": []}}, {"model": "account.project", "pk": 7, "fields": {"captain": ["Dasha"], "name": "я - зарядка", "intricacy": "Средний", "start_date": "2024-04-19", "end_date": "2024-04-23", "group_grade": null, "intricacy_coefficient": 0, "group": []}}, {"model": "account.project", "pk": 8, "fields": {"captain": ["Dasha"], "name": "Операционные задачи", "intricacy": "100500", "start_date": "2024-04-22", "end_date": "2029-04-22", "group_grade": null, "intricacy_coefficient": 0, "group": []}}, {"model": "account.project", "pk": 9, "fields": {"captain": ["Dasha"], "name": "Pet проект", "intricacy": "Средний", "start_date": null, "end_date": null, "group_grade": null, "intricacy_coefficient": 0, "group": []}}, {"model": "account.project", "pk": 10, "fields": {"captain": ["Milto"], "name": "ADM-001 Тестовая задача", "intricacy": "Средняя", "start_date": "2024-06-12", "end_date": null, "group_grade": null, "intricacy_coefficient": 0, "group": []}}, {"model": "account.project", "pk": 11, "fields": {"captain": ["Milto"], "name": "ADM-002 Серверные работы", "intricacy": "Средняя", "start_date": null, "end_date": null, "group_grade": null, "intricacy_coefficient": 0, "group": []}}, {"model": "account.project", "pk": 12, "fields": {"captain": ["Milto"], "name": "ADM-003 Проекты", "intricacy": "Средняя", "start_date": null, "end_date": null, "group_grade": null, "intricacy_coefficient": 0, "group": []}}, {"model": "account.project", "pk": 14, "fields": {"captain": ["Daria"], "name": "ВНЖ menu.ai", "intricacy": "Средняя", "start_date": "2024-06-27", "end_date": "2024-06-30", "group_grade": null, "intricacy_coefficient": 0, "group": []}}, {"model": "account.project", "pk": 17, "fields": {"captain": ["Alla"], "name": "Дальнобойщики (Белявский)", "intricacy": "3", "start_date": "2024-07-02", "end_date": "2024-07-22", "group_grade": null, "intricacy_coefficient": 0, "group": []}}, {"model": "account.project", "pk": 18, "fields": {"captain": ["Alla"], "name": "Wukker", "intricacy": "2", "start_date": "2024-07-04", "end_date": "2024-07-07", "group_grade": null, "intricacy_coefficient": 0, "group": []}}, {"model": "account.project", "pk": 19, "fields": {"captain": ["Alla"], "name": "Экономикс Медиа", "intricacy": "2", "start_date": "2024-07-04", "end_date": "2024-07-20", "group_grade": null, "intricacy_coefficient": 0, "group": []}}, {"model": "account.project", "pk": 20, "fields": {"captain": ["Alla"], "name": "Freelbee", "intricacy": "2", "start_date": null, "end_date": null, "group_grade": null, "intricacy_coefficient": 0, "group": []}}, {"model": "account.project", "pk": 21, "fields": {"captain": ["Daria"], "name": "ВНЖ_дети", "intricacy": "1,5", "start_date": null, "end_date": null, "group_grade": null, "intricacy_coefficient": 0, "group": []}}, {"model": "account.project", "pk": 22, "fields": {"captain": ["Milto"], "name": "ADM-004 ЗСпП", "intricacy": "Средняя", "start_date": "2024-07-04", "end_date": null, "group_grade": null, "intricacy_coefficient": 0, "group": []}}, {"model": "account.project", "pk": 23, "fields": {"captain": ["Alla"], "name": "Балтика", "intricacy": "2", "start_date": "2024-07-08", "end_date": "2024-07-28", "group_grade": null, "intricacy_coefficient": 0, "group": []}}, {"model": "account.project", "pk": 24, "fields": {"captain": ["Daria"], "name": "Gestor.Pro", "intricacy": "2", "start_date": null, "end_date": null, "group_grade": null, "intricacy_coefficient": 0, "group": []}}, {"model": "account.project", "pk": 25, "fields": {"captain": ["Alla"], "name": "Антон импланты", "intricacy": "2", "start_date": null, "end_date": null, "group_grade": null, "intricacy_coefficient": 0, "group": []}}, {"model": "admin.logentry", "pk": 1, "fields": {"action_time": "2024-04-04T13:45:59.716Z", "user": ["Egor"], "content_type": ["account", "beforeuniversity"], "object_id": "1", "object_repr": "HSE", "action_flag": 1, "change_message": "[{\"added\": {}}]"}}, {"model": "admin.logentry", "pk": 2, "fields": {"action_time": "2024-04-04T13:46:23.666Z", "user": ["Egor"], "content_type": ["account", "beforeuniversity"], "object_id": "2", "object_repr": "master", "action_flag": 1, "change_message": "[{\"added\": {}}]"}}, {"model": "admin.logentry", "pk": 3, "fields": {"action_time": "2024-04-04T13:46:34.015Z", "user": ["Egor"], "content_type": ["account", "university"], "object_id": "1", "object_repr": "HSE", "action_flag": 1, "change_message": "[{\"added\": {}}]"}}, {"model": "admin.logentry", "pk": 4, "fields": {"action_time": "2024-04-04T13:46:44.856Z", "user": ["Egor"], "content_type": ["account", "course"], "object_id": "1", "object_repr": "1", "action_flag": 1, "change_message": "[{\"added\": {}}]"}}, {"model": "admin.logentry", "pk": 5, "fields": {"action_time": "2024-04-04T13:47:15.688Z", "user": ["Egor"], "content_type": ["account", "student"], "object_id": "1", "object_repr": "Sergei Vas", "action_flag": 1, "change_message": "[{\"added\": {}}]"}}, {"model": "admin.logentry", "pk": 6, "fields": {"action_time": "2024-04-04T13:50:05.520Z", "user": ["Egor"], "content_type": ["account", "chapter"], "object_id": "1", "object_repr": "Оценка", "action_flag": 1, "change_message": "[{\"added\": {}}]"}}, {"model": "admin.logentry", "pk": 7, "fields": {"action_time": "2024-04-04T13:50:15.956Z", "user": ["Egor"], "content_type": ["account", "undersection"], "object_id": "1", "object_repr": "Инвестиции", "action_flag": 1, "change_message": "[{\"added\": {}}]"}}, {"model": "admin.logentry", "pk": 8, "fields": {"action_time": "2024-04-04T13:50:41.618Z", "user": ["Egor"], "content_type": ["account", "file"], "object_id": "1", "object_repr": "logo_login.jpg", "action_flag": 1, "change_message": "[{\"added\": {}}]"}}, {"model": "admin.logentry", "pk": 9, "fields": {"action_time": "2024-04-04T13:50:52.006Z", "user": ["Egor"], "content_type": ["account", "dataknowledgegeneral"], "object_id": "1", "object_repr": "Оценка - Инвестиции", "action_flag": 1, "change_message": "[{\"added\": {}}]"}}, {"model": "admin.logentry", "pk": 10, "fields": {"action_time": "2024-04-04T15:34:59.396Z", "user": ["Egor"], "content_type": ["account", "project"], "object_id": "1", "object_repr": "Исследование совместимости", "action_flag": 1, "change_message": "[{\"added\": {}}]"}}, {"model": "admin.logentry", "pk": 11, "fields": {"action_time": "2024-04-04T15:41:42.334Z", "user": ["Egor"], "content_type": ["account", "university"], "object_id": "2", "object_repr": "MSU", "action_flag": 1, "change_message": "[{\"added\": {}}]"}}, {"model": "admin.logentry", "pk": 12, "fields": {"action_time": "2024-04-04T15:42:07.186Z", "user": ["Egor"], "content_type": ["account", "student"], "object_id": "2", "object_repr": "Вера Зах", "action_flag": 1, "change_message": "[{\"added\": {}}]"}}, {"model": "admin.logentry", "pk": 13, "fields": {"action_time": "2024-04-04T15:57:54.727Z", "user": ["Egor"], "content_type": ["account", "project"], "object_id": "1", "object_repr": "Исследование совместимости", "action_flag": 3, "change_message": ""}}, {"model": "admin.logentry", "pk": 14, "fields": {"action_time": "2024-04-04T16:54:27.730Z", "user": ["Egor"], "content_type": ["account", "project"], "object_id": "2", "object_repr": "Исследование совместимости", "action_flag": 1, "change_message": "[{\"added\": {}}]"}}, {"model": "admin.logentry", "pk": 15, "fields": {"action_time": "2024-04-04T16:54:47.337Z", "user": ["Egor"], "content_type": ["account", "project"], "object_id": "2", "object_repr": "Исследование совместимости", "action_flag": 2, "change_message": "[{\"added\": {\"name\": \"\\u0417\\u0430\\u0434\\u0430\\u0447\\u0430 \\u0441\\u0442\\u0443\\u0434\\u0435\\u043d\\u0442\\u0430 \\u043f\\u043e \\u043f\\u0440\\u043e\\u0435\\u043a\\u0442\\u0443\", \"object\": \"Sergei Vas\"}}]"}}, {"model": "admin.logentry", "pk": 16, "fields": {"action_time": "2024-04-04T16:55:33.769Z", "user": ["Egor"], "content_type": ["account", "project"], "object_id": "2", "object_repr": "Исследование совместимости", "action_flag": 2, "change_message": "[{\"changed\": {\"name\": \"\\u0417\\u0430\\u0434\\u0430\\u0447\\u0430 \\u0441\\u0442\\u0443\\u0434\\u0435\\u043d\\u0442\\u0430 \\u043f\\u043e \\u043f\\u0440\\u043e\\u0435\\u043a\\u0442\\u0443\", \"object\": \"\\u0412\\u0435\\u0440\\u0430 \\u0417\\u0430\\u0445\", \"fields\": [\"\\u0421\\u0442\\u0443\\u0434\\u0435\\u043d\\u0442\"]}}]"}}, {"model": "admin.logentry", "pk": 17, "fields": {"action_time": "2024-04-04T17:07:11.828Z", "user": ["Egor"], "content_type": ["account", "beforeuniversity"], "object_id": "1", "object_repr": "HSE", "action_flag": 3, "change_message": ""}}, {"model": "admin.logentry", "pk": 18, "fields": {"action_time": "2024-04-04T17:07:31.559Z", "user": ["Egor"], "content_type": ["account", "beforeuniversity"], "object_id": "3", "object_repr": "PhD", "action_flag": 1, "change_message": "[{\"added\": {}}]"}}, {"model": "admin.logentry", "pk": 19, "fields": {"action_time": "2024-04-04T17:09:43.537Z", "user": ["Egor"], "content_type": ["account", "university"], "object_id": "3", "object_repr": "Бауманка", "action_flag": 1, "change_message": "[{\"added\": {}}]"}}, {"model": "admin.logentry", "pk": 20, "fields": {"action_time": "2024-04-04T17:11:34.444Z", "user": ["Egor"], "content_type": ["account", "project"], "object_id": "2", "object_repr": "Исследование совместимости", "action_flag": 2, "change_message": "[{\"changed\": {\"fields\": [\"\\u041a\\u0430\\u043f\\u0438\\u0442\\u0430\\u043d\"]}}]"}}, {"model": "admin.logentry", "pk": 21, "fields": {"action_time": "2024-04-04T17:18:15.176Z", "user": ["Egor"], "content_type": ["account", "taskstudent"], "object_id": "1", "object_repr": "Вера Зах", "action_flag": 2, "change_message": "[{\"changed\": {\"fields\": [\"\\u0421\\u0442\\u0430\\u0442\\u0443\\u0441\"]}}]"}}, {"model": "admin.logentry", "pk": 22, "fields": {"action_time": "2024-04-04T17:18:38.662Z", "user": ["Egor"], "content_type": ["account", "taskstudent"], "object_id": "1", "object_repr": "Вера Зах", "action_flag": 2, "change_message": "[{\"changed\": {\"fields\": [\"\\u0414\\u0430\\u0442\\u0430 \\u043e\\u043a\\u043e\\u043d\\u0447\\u0430\\u043d\\u0438\\u044f\"]}}]"}}, {"model": "admin.logentry", "pk": 23, "fields": {"action_time": "2024-04-04T17:19:58.728Z", "user": ["Egor"], "content_type": ["account", "taskstudent"], "object_id": "1", "object_repr": "Вера Зах", "action_flag": 2, "change_message": "[{\"changed\": {\"fields\": [\"\\u041b\\u0438\\u0447\\u043d\\u0430\\u044f \\u043e\\u0446\\u0435\\u043d\\u043a\\u0430\"]}}]"}}, {"model": "admin.logentry", "pk": 24, "fields": {"action_time": "2024-04-04T17:20:13.964Z", "user": ["Egor"], "content_type": ["account", "taskstudent"], "object_id": "1", "object_repr": "Вера Зах", "action_flag": 2, "change_message": "[{\"changed\": {\"fields\": [\"\\u0421\\u043e\\u0431\\u043b\\u044e\\u0434\\u0435\\u043d\\u0438\\u0435 \\u0434\\u0435\\u0434\\u043b\\u0430\\u0439\\u043d\\u043e\\u0432\"]}}]"}}, {"model": "admin.logentry", "pk": 25, "fields": {"action_time": "2024-04-04T18:26:53.289Z", "user": ["Egor"], "content_type": ["account", "taskstudent"], "object_id": "1", "object_repr": "Вера Зах", "action_flag": 2, "change_message": "[{\"changed\": {\"fields\": [\"\\u0421\\u0442\\u0430\\u0442\\u0443\\u0441\"]}}]"}}, {"model": "admin.logentry", "pk": 26, "fields": {"action_time": "2024-04-04T21:27:26.844Z", "user": ["Egor"], "content_type": ["account", "project"], "object_id": "2", "object_repr": "Исследование совместимости", "action_flag": 2, "change_message": "[{\"changed\": {\"name\": \"\\u0417\\u0430\\u0434\\u0430\\u0447\\u0430 \\u0441\\u0442\\u0443\\u0434\\u0435\\u043d\\u0442\\u0430 \\u043f\\u043e \\u043f\\u0440\\u043e\\u0435\\u043a\\u0442\\u0443\", \"object\": \"\\u0412\\u0435\\u0440\\u0430 \\u0417\\u0430\\u0445\", \"fields\": [\"\\u0421\\u0442\\u0430\\u0442\\u0443\\u0441\"]}}]"}}, {"model": "admin.logentry", "pk": 27, "fields": {"action_time": "2024-04-04T22:11:19.967Z", "user": ["Egor"], "content_type": ["account", "customuser"], "object_id": "2", "object_repr": "Masha", "action_flag": 1, "change_message": "[{\"added\": {}}]"}}, {"model": "admin.logentry", "pk": 28, "fields": {"action_time": "2024-04-04T22:11:55.398Z", "user": ["Egor"], "content_type": ["account", "customuser"], "object_id": "2", "object_repr": "Masha", "action_flag": 2, "change_message": "[{\"changed\": {\"fields\": [\"First name\", \"Last name\", \"Email address\"]}}]"}}, {"model": "admin.logentry", "pk": 29, "fields": {"action_time": "2024-04-05T12:31:05.238Z", "user": ["Egor"], "content_type": ["account", "project"], "object_id": "3", "object_repr": "Осознание", "action_flag": 1, "change_message": "[{\"added\": {}}]"}}, {"model": "admin.logentry", "pk": 30, "fields": {"action_time": "2024-04-05T12:32:15.561Z", "user": ["Egor"], "content_type": ["account", "project"], "object_id": "3", "object_repr": "Осознание", "action_flag": 2, "change_message": "[{\"added\": {\"name\": \"\\u0417\\u0430\\u0434\\u0430\\u0447\\u0430 \\u0441\\u0442\\u0443\\u0434\\u0435\\u043d\\u0442\\u0430 \\u043f\\u043e \\u043f\\u0440\\u043e\\u0435\\u043a\\u0442\\u0443\", \"object\": \"Sergei Vas\"}}]"}}, {"model": "admin.logentry", "pk": 31, "fields": {"action_time": "2024-04-05T12:35:38.120Z", "user": ["Egor"], "content_type": ["account", "project"], "object_id": "2", "object_repr": "Исследование совместимости", "action_flag": 2, "change_message": "[{\"changed\": {\"fields\": [\"\\u041a\\u0430\\u043f\\u0438\\u0442\\u0430\\u043d\"]}}]"}}, {"model": "admin.logentry", "pk": 32, "fields": {"action_time": "2024-04-05T12:36:58.858Z", "user": ["Egor"], "content_type": ["account", "taskstudent"], "object_id": "2", "object_repr": "Sergei Vas", "action_flag": 2, "change_message": "[{\"changed\": {\"fields\": [\"\\u0421\\u0442\\u043e\\u0438\\u043c\\u043e\\u0441\\u0442\\u044c\"]}}]"}}, {"model": "admin.logentry", "pk": 33, "fields": {"action_time": "2024-04-05T12:37:23.199Z", "user": ["Egor"], "content_type": ["account", "taskstudent"], "object_id": "1", "object_repr": "Вера Зах", "action_flag": 2, "change_message": "[{\"changed\": {\"fields\": [\"\\u0421\\u0442\\u043e\\u0438\\u043c\\u043e\\u0441\\u0442\\u044c\"]}}]"}}, {"model": "admin.logentry", "pk": 34, "fields": {"action_time": "2024-04-05T12:38:04.980Z", "user": ["Egor"], "content_type": ["account", "taskstudent"], "object_id": "2", "object_repr": "Sergei Vas", "action_flag": 2, "change_message": "[{\"changed\": {\"fields\": [\"\\u0421\\u0442\\u0430\\u0442\\u0443\\u0441\"]}}]"}}, {"model": "admin.logentry", "pk": 35, "fields": {"action_time": "2024-04-05T12:38:35.996Z", "user": ["Egor"], "content_type": ["account", "project"], "object_id": "3", "object_repr": "Осознание", "action_flag": 2, "change_message": "[{\"added\": {\"name\": \"\\u0417\\u0430\\u0434\\u0430\\u0447\\u0430 \\u0441\\u0442\\u0443\\u0434\\u0435\\u043d\\u0442\\u0430 \\u043f\\u043e \\u043f\\u0440\\u043e\\u0435\\u043a\\u0442\\u0443\", \"object\": \"Sergei Vas\"}}]"}}, {"model": "admin.logentry", "pk": 36, "fields": {"action_time": "2024-04-05T12:40:01.073Z", "user": ["Egor"], "content_type": ["account", "customuser"], "object_id": "1", "object_repr": "Egor", "action_flag": 2, "change_message": "[{\"changed\": {\"fields\": [\"\\u0414\\u043e\\u043b\\u0436\\u043d\\u043e\\u0441\\u0442\\u044c\", \"\\u0424\\u0418\\u041e\", \"\\u0421\\u043a\\u043e\\u043b\\u044c\\u043a\\u043e \\u0447\\u0430\\u0441\\u043e\\u0432 \\u0433\\u043e\\u0442\\u043e\\u0432\\u044b \\u0443\\u0434\\u0435\\u043b\\u044f\\u0442\\u044c \\u0432 \\u043d\\u0435\\u0434\\u0435\\u043b\\u044e\"]}}]"}}, {"model": "admin.logentry", "pk": 37, "fields": {"action_time": "2024-04-05T12:41:27.691Z", "user": ["Egor"], "content_type": ["account", "customuser"], "object_id": "1", "object_repr": "Egor", "action_flag": 2, "change_message": "[{\"changed\": {\"fields\": [\"\\u0422\\u0435\\u043a\\u0443\\u0449\\u0438\\u0439 \\u0441\\u0442\\u0430\\u0442\\u0443\\u0441\"]}}]"}}, {"model": "admin.logentry", "pk": 38, "fields": {"action_time": "2024-04-05T12:42:40.415Z", "user": ["Egor"], "content_type": ["account", "customuser"], "object_id": "2", "object_repr": "Masha", "action_flag": 2, "change_message": "[{\"changed\": {\"fields\": [\"\\u0414\\u043e\\u043b\\u0436\\u043d\\u043e\\u0441\\u0442\\u044c\", \"\\u0424\\u0418\\u041e\", \"\\u0422\\u0435\\u043a\\u0443\\u0449\\u0438\\u0439 \\u0441\\u0442\\u0430\\u0442\\u0443\\u0441\"]}}]"}}, {"model": "admin.logentry", "pk": 39, "fields": {"action_time": "2024-04-05T12:42:52.488Z", "user": ["Egor"], "content_type": ["account", "customuser"], "object_id": "1", "object_repr": "Egor", "action_flag": 2, "change_message": "[{\"changed\": {\"fields\": [\"\\u0414\\u043e\\u043b\\u0436\\u043d\\u043e\\u0441\\u0442\\u044c\"]}}]"}}, {"model": "admin.logentry", "pk": 40, "fields": {"action_time": "2024-04-05T12:43:32.176Z", "user": ["Egor"], "content_type": ["account", "project"], "object_id": "2", "object_repr": "Исследование совместимости", "action_flag": 2, "change_message": "[{\"changed\": {\"name\": \"\\u0417\\u0430\\u0434\\u0430\\u0447\\u0430 \\u0441\\u0442\\u0443\\u0434\\u0435\\u043d\\u0442\\u0430 \\u043f\\u043e \\u043f\\u0440\\u043e\\u0435\\u043a\\u0442\\u0443\", \"object\": \"\\u0412\\u0435\\u0440\\u0430 \\u0417\\u0430\\u0445\", \"fields\": [\"\\u0421\\u0442\\u0430\\u0442\\u0443\\u0441\"]}}]"}}, {"model": "admin.logentry", "pk": 41, "fields": {"action_time": "2024-04-05T13:08:17.533Z", "user": ["Egor"], "content_type": ["account", "project"], "object_id": "2", "object_repr": "Исследование совместимости", "action_flag": 2, "change_message": "[{\"added\": {\"name\": \"\\u0417\\u0430\\u0434\\u0430\\u0447\\u0430 \\u0441\\u0442\\u0443\\u0434\\u0435\\u043d\\u0442\\u0430 \\u043f\\u043e \\u043f\\u0440\\u043e\\u0435\\u043a\\u0442\\u0443\", \"object\": \"\\u0412\\u0435\\u0440\\u0430 \\u0417\\u0430\\u0445\"}}]"}}, {"model": "admin.logentry", "pk": 42, "fields": {"action_time": "2024-04-06T08:52:14.107Z", "user": ["Egor"], "content_type": ["account", "project"], "object_id": "3", "object_repr": "Осознание", "action_flag": 2, "change_message": "[{\"changed\": {\"fields\": [\"\\u041a\\u0430\\u043f\\u0438\\u0442\\u0430\\u043d\"]}}]"}}, {"model": "admin.logentry", "pk": 43, "fields": {"action_time": "2024-04-06T08:53:08.246Z", "user": ["Egor"], "content_type": ["account", "project"], "object_id": "3", "object_repr": "Осознание", "action_flag": 2, "change_message": "[{\"changed\": {\"name\": \"\\u0417\\u0430\\u0434\\u0430\\u0447\\u0430 \\u0441\\u0442\\u0443\\u0434\\u0435\\u043d\\u0442\\u0430 \\u043f\\u043e \\u043f\\u0440\\u043e\\u0435\\u043a\\u0442\\u0443\", \"object\": \"Sergei Vas\", \"fields\": [\"\\u0421\\u0442\\u0430\\u0442\\u0443\\u0441\"]}}]"}}, {"model": "admin.logentry", "pk": 44, "fields": {"action_time": "2024-04-11T13:52:35.158Z", "user": ["Egor"], "content_type": ["account", "dataknowledgefree"], "object_id": "1", "object_repr": "Оценка - Инвестиции", "action_flag": 3, "change_message": ""}}, {"model": "admin.logentry", "pk": 45, "fields": {"action_time": "2024-04-11T13:52:48.414Z", "user": ["Egor"], "content_type": ["account", "dataknowledge"], "object_id": "1", "object_repr": "Оценка - Инвестиции", "action_flag": 3, "change_message": ""}}, {"model": "admin.logentry", "pk": 46, "fields": {"action_time": "2024-04-13T11:51:17.008Z", "user": ["Egor"], "content_type": ["account", "userinterestssecond"], "object_id": "1", "object_repr": "eins", "action_flag": 1, "change_message": "[{\"added\": {}}]"}}, {"model": "admin.logentry", "pk": 47, "fields": {"action_time": "2024-04-13T11:51:25.597Z", "user": ["Egor"], "content_type": ["account", "userinterestssecond"], "object_id": "2", "object_repr": "zwei", "action_flag": 1, "change_message": "[{\"added\": {}}]"}}, {"model": "admin.logentry", "pk": 48, "fields": {"action_time": "2024-04-15T18:04:39.823Z", "user": ["Egor"], "content_type": ["account", "project"], "object_id": "3", "object_repr": "Осознание", "action_flag": 2, "change_message": "[{\"added\": {\"name\": \"\\u0417\\u0430\\u0434\\u0430\\u0447\\u0430 \\u0433\\u0440\\u0443\\u043f\\u043f\\u044b \\u043f\\u043e \\u043f\\u0440\\u043e\\u0435\\u043a\\u0442\\u0443\", \"object\": \"dfhdjf\"}}]"}}, {"model": "admin.logentry", "pk": 49, "fields": {"action_time": "2024-04-16T09:57:47.139Z", "user": ["Egor"], "content_type": ["account", "course"], "object_id": "2", "object_repr": "2", "action_flag": 1, "change_message": "[{\"added\": {}}]"}}, {"model": "admin.logentry", "pk": 50, "fields": {"action_time": "2024-04-16T10:28:49.851Z", "user": ["Egor"], "content_type": ["account", "student"], "object_id": "3", "object_repr": "Test", "action_flag": 2, "change_message": "[{\"changed\": {\"fields\": [\"\\u0424\\u0418\\u041e\"]}}]"}}, {"model": "admin.logentry", "pk": 51, "fields": {"action_time": "2024-04-16T10:43:22.878Z", "user": ["Egor"], "content_type": ["account", "student"], "object_id": "4", "object_repr": "Хетаг", "action_flag": 1, "change_message": "[{\"added\": {}}]"}}, {"model": "admin.logentry", "pk": 52, "fields": {"action_time": "2024-04-16T10:46:17.588Z", "user": ["Egor"], "content_type": ["account", "project"], "object_id": "4", "object_repr": "Davron ВНЖ", "action_flag": 1, "change_message": "[{\"added\": {}}]"}}, {"model": "admin.logentry", "pk": 53, "fields": {"action_time": "2024-04-16T10:46:45.625Z", "user": ["Egor"], "content_type": ["account", "project"], "object_id": "3", "object_repr": "Осознание", "action_flag": 3, "change_message": ""}}, {"model": "admin.logentry", "pk": 54, "fields": {"action_time": "2024-04-16T10:46:50.936Z", "user": ["Egor"], "content_type": ["account", "project"], "object_id": "2", "object_repr": "Исследование совместимости", "action_flag": 3, "change_message": ""}}, {"model": "admin.logentry", "pk": 55, "fields": {"action_time": "2024-04-16T10:50:54.280Z", "user": ["Egor"], "content_type": ["account", "project"], "object_id": "5", "object_repr": "test", "action_flag": 1, "change_message": "[{\"added\": {}}]"}}, {"model": "admin.logentry", "pk": 56, "fields": {"action_time": "2024-04-16T10:51:37.022Z", "user": ["Egor"], "content_type": ["account", "project"], "object_id": "5", "object_repr": "test", "action_flag": 2, "change_message": "[{\"added\": {\"name\": \"\\u0417\\u0430\\u0434\\u0430\\u0447\\u0430 \\u0441\\u0442\\u0443\\u0434\\u0435\\u043d\\u0442\\u0430 \\u043f\\u043e \\u043f\\u0440\\u043e\\u0435\\u043a\\u0442\\u0443\", \"object\": \"Test\"}}]"}}, {"model": "admin.logentry", "pk": 57, "fields": {"action_time": "2024-04-16T10:51:48.995Z", "user": ["Egor"], "content_type": ["account", "project"], "object_id": "5", "object_repr": "test", "action_flag": 2, "change_message": "[{\"added\": {\"name\": \"\\u0417\\u0430\\u0434\\u0430\\u0447\\u0430 \\u0441\\u0442\\u0443\\u0434\\u0435\\u043d\\u0442\\u0430 \\u043f\\u043e \\u043f\\u0440\\u043e\\u0435\\u043a\\u0442\\u0443\", \"object\": \"Test\"}}]"}}, {"model": "admin.logentry", "pk": 58, "fields": {"action_time": "2024-04-16T10:56:02.376Z", "user": ["Egor"], "content_type": ["account", "project"], "object_id": "5", "object_repr": "test", "action_flag": 2, "change_message": "[{\"changed\": {\"fields\": [\"\\u0421\\u043f\\u0435\\u0446\\u0438\\u0430\\u043b\\u0438\\u0441\\u0442\\u044b\"]}}]"}}, {"model": "admin.logentry", "pk": 59, "fields": {"action_time": "2024-04-16T11:11:19.957Z", "user": ["Egor"], "content_type": ["account", "project"], "object_id": "5", "object_repr": "test", "action_flag": 2, "change_message": "[{\"changed\": {\"name\": \"\\u0417\\u0430\\u0434\\u0430\\u0447\\u0430 \\u0441\\u0442\\u0443\\u0434\\u0435\\u043d\\u0442\\u0430 \\u043f\\u043e \\u043f\\u0440\\u043e\\u0435\\u043a\\u0442\\u0443\", \"object\": \"Test\", \"fields\": [\"\\u041e\\u043f\\u0438\\u0441\\u0430\\u043d\\u0438\\u0435\"]}}, {\"changed\": {\"name\": \"\\u0417\\u0430\\u0434\\u0430\\u0447\\u0430 \\u0441\\u0442\\u0443\\u0434\\u0435\\u043d\\u0442\\u0430 \\u043f\\u043e \\u043f\\u0440\\u043e\\u0435\\u043a\\u0442\\u0443\", \"object\": \"Test\", \"fields\": [\"\\u041e\\u043f\\u0438\\u0441\\u0430\\u043d\\u0438\\u0435\"]}}]"}}, {"model": "admin.logentry", "pk": 60, "fields": {"action_time": "2024-04-16T12:23:10.702Z", "user": ["Egor"], "content_type": ["account", "taskstudent"], "object_id": "5", "object_repr": "Test", "action_flag": 2, "change_message": "[{\"deleted\": {\"name\": \"\\u041e\\u0442\\u0432\\u0435\\u0442 \\u0441\\u0442\\u0443\\u0434\\u0435\\u043d\\u0442\\u0430\", \"object\": \"https://core.telegram.org/bots/api#editmessagemedia\"}}]"}}, {"model": "admin.logentry", "pk": 61, "fields": {"action_time": "2024-04-16T12:27:36.410Z", "user": ["Egor"], "content_type": ["account", "testtask"], "object_id": "1", "object_repr": "Расчет конкурентов", "action_flag": 1, "change_message": "[{\"added\": {}}]"}}, {"model": "admin.logentry", "pk": 62, "fields": {"action_time": "2024-04-16T12:28:34.027Z", "user": ["Egor"], "content_type": ["account", "testtask"], "object_id": "1", "object_repr": "Расчет конкурентов", "action_flag": 2, "change_message": "[{\"changed\": {\"fields\": [\"\\u0421\\u0442\\u043e\\u0438\\u043c\\u043e\\u0441\\u0442\\u044c\"]}}]"}}, {"model": "admin.logentry", "pk": 63, "fields": {"action_time": "2024-04-16T12:29:05.680Z", "user": ["Egor"], "content_type": ["account", "testtask"], "object_id": "1", "object_repr": "Расчет конкурентов", "action_flag": 2, "change_message": "[{\"changed\": {\"fields\": [\"\\u0421\\u0442\\u043e\\u0438\\u043c\\u043e\\u0441\\u0442\\u044c\", \"\\u041e\\u0446\\u0435\\u043d\\u043a\\u0430\"]}}]"}}, {"model": "admin.logentry", "pk": 64, "fields": {"action_time": "2024-04-16T12:34:08.380Z", "user": ["Egor"], "content_type": ["account", "taskstudent"], "object_id": "5", "object_repr": "Test", "action_flag": 2, "change_message": "[{\"deleted\": {\"name\": \"\\u041e\\u0442\\u0432\\u0435\\u0442 \\u0441\\u0442\\u0443\\u0434\\u0435\\u043d\\u0442\\u0430\", \"object\": \"https://core.telegram.org/bots/api#editmessagemedia\"}}, {\"deleted\": {\"name\": \"\\u041e\\u0442\\u0432\\u0435\\u0442 \\u0441\\u0442\\u0443\\u0434\\u0435\\u043d\\u0442\\u0430\", \"object\": \"https://core.telegram.org/bots/api#editmessagemedia\"}}]"}}, {"model": "admin.logentry", "pk": 65, "fields": {"action_time": "2024-04-16T12:35:53.416Z", "user": ["Egor"], "content_type": ["account", "project"], "object_id": "5", "object_repr": "test", "action_flag": 2, "change_message": "[{\"added\": {\"name\": \"\\u0417\\u0430\\u0434\\u0430\\u0447\\u0430 \\u0441\\u0442\\u0443\\u0434\\u0435\\u043d\\u0442\\u0430 \\u043f\\u043e \\u043f\\u0440\\u043e\\u0435\\u043a\\u0442\\u0443\", \"object\": \"\\u0412\\u0435\\u0440\\u0430 \\u0417\\u0430\\u0445\"}}]"}}, {"model": "admin.logentry", "pk": 66, "fields": {"action_time": "2024-04-16T12:36:07.631Z", "user": ["Egor"], "content_type": ["account", "project"], "object_id": "5", "object_repr": "test", "action_flag": 2, "change_message": "[{\"added\": {\"name\": \"\\u0417\\u0430\\u0434\\u0430\\u0447\\u0430 \\u0441\\u0442\\u0443\\u0434\\u0435\\u043d\\u0442\\u0430 \\u043f\\u043e \\u043f\\u0440\\u043e\\u0435\\u043a\\u0442\\u0443\", \"object\": \"Sergei Vas\"}}]"}}, {"model": "admin.logentry", "pk": 67, "fields": {"action_time": "2024-04-16T12:37:09.446Z", "user": ["Egor"], "content_type": ["account", "project"], "object_id": "5", "object_repr": "test", "action_flag": 2, "change_message": "[{\"added\": {\"name\": \"\\u0417\\u0430\\u0434\\u0430\\u0447\\u0430 \\u0441\\u0442\\u0443\\u0434\\u0435\\u043d\\u0442\\u0430 \\u043f\\u043e \\u043f\\u0440\\u043e\\u0435\\u043a\\u0442\\u0443\", \"object\": \"\\u0412\\u0435\\u0440\\u0430 \\u0417\\u0430\\u0445\"}}, {\"added\": {\"name\": \"\\u0417\\u0430\\u0434\\u0430\\u0447\\u0430 \\u0441\\u0442\\u0443\\u0434\\u0435\\u043d\\u0442\\u0430 \\u043f\\u043e \\u043f\\u0440\\u043e\\u0435\\u043a\\u0442\\u0443\", \"object\": \"\\u0412\\u0435\\u0440\\u0430 \\u0417\\u0430\\u0445\"}}, {\"added\": {\"name\": \"\\u0417\\u0430\\u0434\\u0430\\u0447\\u0430 \\u0441\\u0442\\u0443\\u0434\\u0435\\u043d\\u0442\\u0430 \\u043f\\u043e \\u043f\\u0440\\u043e\\u0435\\u043a\\u0442\\u0443\", \"object\": \"Sergei Vas\"}}]"}}, {"model": "admin.logentry", "pk": 68, "fields": {"action_time": "2024-04-16T12:40:04.855Z", "user": ["Egor"], "content_type": ["account", "taskstudent"], "object_id": "11", "object_repr": "Sergei Vas", "action_flag": 3, "change_message": ""}}, {"model": "admin.logentry", "pk": 69, "fields": {"action_time": "2024-04-16T12:41:03.512Z", "user": ["Egor"], "content_type": ["account", "project"], "object_id": "5", "object_repr": "test", "action_flag": 2, "change_message": "[{\"deleted\": {\"name\": \"\\u0417\\u0430\\u0434\\u0430\\u0447\\u0430 \\u0441\\u0442\\u0443\\u0434\\u0435\\u043d\\u0442\\u0430 \\u043f\\u043e \\u043f\\u0440\\u043e\\u0435\\u043a\\u0442\\u0443\", \"object\": \"\\u0412\\u0435\\u0440\\u0430 \\u0417\\u0430\\u0445\"}}, {\"deleted\": {\"name\": \"\\u0417\\u0430\\u0434\\u0430\\u0447\\u0430 \\u0441\\u0442\\u0443\\u0434\\u0435\\u043d\\u0442\\u0430 \\u043f\\u043e \\u043f\\u0440\\u043e\\u0435\\u043a\\u0442\\u0443\", \"object\": \"\\u0412\\u0435\\u0440\\u0430 \\u0417\\u0430\\u0445\"}}, {\"deleted\": {\"name\": \"\\u0417\\u0430\\u0434\\u0430\\u0447\\u0430 \\u0441\\u0442\\u0443\\u0434\\u0435\\u043d\\u0442\\u0430 \\u043f\\u043e \\u043f\\u0440\\u043e\\u0435\\u043a\\u0442\\u0443\", \"object\": \"\\u0412\\u0435\\u0440\\u0430 \\u0417\\u0430\\u0445\"}}]"}}, {"model": "admin.logentry", "pk": 70, "fields": {"action_time": "2024-04-16T12:42:51.372Z", "user": ["Egor"], "content_type": ["account", "taskstudent"], "object_id": "8", "object_repr": "Sergei Vas", "action_flag": 3, "change_message": ""}}, {"model": "admin.logentry", "pk": 71, "fields": {"action_time": "2024-04-16T12:43:28.708Z", "user": ["Egor"], "content_type": ["account", "project"], "object_id": "5", "object_repr": "test", "action_flag": 2, "change_message": "[{\"added\": {\"name\": \"\\u0417\\u0430\\u0434\\u0430\\u0447\\u0430 \\u0441\\u0442\\u0443\\u0434\\u0435\\u043d\\u0442\\u0430 \\u043f\\u043e \\u043f\\u0440\\u043e\\u0435\\u043a\\u0442\\u0443\", \"object\": \"Sergei Vas\"}}]"}}, {"model": "admin.logentry", "pk": 72, "fields": {"action_time": "2024-04-16T12:44:28.666Z", "user": ["Egor"], "content_type": ["account", "project"], "object_id": "5", "object_repr": "test", "action_flag": 2, "change_message": "[{\"changed\": {\"fields\": [\"\\u0421\\u043f\\u0435\\u0446\\u0438\\u0430\\u043b\\u0438\\u0441\\u0442\\u044b\"]}}]"}}, {"model": "admin.logentry", "pk": 73, "fields": {"action_time": "2024-04-16T12:57:02.200Z", "user": ["Egor"], "content_type": ["account", "taskstudent"], "object_id": "6", "object_repr": "Test", "action_flag": 2, "change_message": "[{\"deleted\": {\"name\": \"\\u041e\\u0442\\u0432\\u0435\\u0442 \\u0441\\u0442\\u0443\\u0434\\u0435\\u043d\\u0442\\u0430\", \"object\": \"None\"}}]"}}, {"model": "admin.logentry", "pk": 74, "fields": {"action_time": "2024-04-16T12:57:11.224Z", "user": ["Egor"], "content_type": ["account", "taskstudent"], "object_id": "5", "object_repr": "Test", "action_flag": 2, "change_message": "[{\"deleted\": {\"name\": \"\\u041e\\u0442\\u0432\\u0435\\u0442 \\u0441\\u0442\\u0443\\u0434\\u0435\\u043d\\u0442\\u0430\", \"object\": \"https://core.telegram.org/bots/api#editmessagemedia\"}}]"}}, {"model": "admin.logentry", "pk": 75, "fields": {"action_time": "2024-04-16T12:57:15.720Z", "user": ["Egor"], "content_type": ["account", "testtask"], "object_id": "1", "object_repr": "Расчет конкурентов", "action_flag": 2, "change_message": "[{\"changed\": {\"fields\": [\"\\u0421\\u0442\\u043e\\u0438\\u043c\\u043e\\u0441\\u0442\\u044c\", \"\\u0414\\u0430\\u0442\\u0430 \\u043d\\u0430\\u0447\\u0430\\u043b\\u0430\"]}}]"}}, {"model": "admin.logentry", "pk": 76, "fields": {"action_time": "2024-04-16T13:00:09.736Z", "user": ["Egor"], "content_type": ["account", "student"], "object_id": "3", "object_repr": "Test", "action_flag": 3, "change_message": ""}}, {"model": "admin.logentry", "pk": 77, "fields": {"action_time": "2024-04-16T13:03:48.069Z", "user": ["Egor"], "content_type": ["account", "testtask"], "object_id": "2", "object_repr": "test 1", "action_flag": 1, "change_message": "[{\"added\": {}}]"}}, {"model": "admin.logentry", "pk": 78, "fields": {"action_time": "2024-04-16T13:12:49.878Z", "user": ["Egor"], "content_type": ["account", "project"], "object_id": "5", "object_repr": "test", "action_flag": 2, "change_message": "[{\"added\": {\"name\": \"\\u0417\\u0430\\u0434\\u0430\\u0447\\u0430 \\u0441\\u0442\\u0443\\u0434\\u0435\\u043d\\u0442\\u0430 \\u043f\\u043e \\u043f\\u0440\\u043e\\u0435\\u043a\\u0442\\u0443\", \"object\": \"test\"}}]"}}, {"model": "admin.logentry", "pk": 79, "fields": {"action_time": "2024-04-16T13:13:05.146Z", "user": ["Egor"], "content_type": ["account", "project"], "object_id": "5", "object_repr": "test", "action_flag": 2, "change_message": "[{\"changed\": {\"fields\": [\"\\u0421\\u043f\\u0435\\u0446\\u0438\\u0430\\u043b\\u0438\\u0441\\u0442\\u044b\"]}}]"}}, {"model": "admin.logentry", "pk": 80, "fields": {"action_time": "2024-04-16T15:13:42.376Z", "user": ["Egor"], "content_type": ["account", "project"], "object_id": "5", "object_repr": "test", "action_flag": 2, "change_message": "[{\"changed\": {\"name\": \"\\u0417\\u0430\\u0434\\u0430\\u0447\\u0430 \\u0441\\u0442\\u0443\\u0434\\u0435\\u043d\\u0442\\u0430 \\u043f\\u043e \\u043f\\u0440\\u043e\\u0435\\u043a\\u0442\\u0443\", \"object\": \"Sergei Vas\", \"fields\": [\"\\u0421\\u0442\\u0430\\u0442\\u0443\\u0441\"]}}]"}}, {"model": "admin.logentry", "pk": 81, "fields": {"action_time": "2024-04-16T17:32:24.583Z", "user": ["Egor"], "content_type": ["account", "userinterestsfirst"], "object_id": "1", "object_repr": "test 1", "action_flag": 1, "change_message": "[{\"added\": {}}]"}}, {"model": "admin.logentry", "pk": 82, "fields": {"action_time": "2024-04-16T17:32:33.701Z", "user": ["Egor"], "content_type": ["account", "userinterestsfirst"], "object_id": "2", "object_repr": "test 2", "action_flag": 1, "change_message": "[{\"added\": {}}]"}}, {"model": "admin.logentry", "pk": 83, "fields": {"action_time": "2024-04-16T17:33:55.876Z", "user": ["Egor"], "content_type": ["account", "userintereststhird"], "object_id": "1", "object_repr": "goal 1", "action_flag": 1, "change_message": "[{\"added\": {}}]"}}, {"model": "admin.logentry", "pk": 84, "fields": {"action_time": "2024-04-16T17:34:02.321Z", "user": ["Egor"], "content_type": ["account", "userintereststhird"], "object_id": "2", "object_repr": "goal 2", "action_flag": 1, "change_message": "[{\"added\": {}}]"}}, {"model": "admin.logentry", "pk": 85, "fields": {"action_time": "2024-04-16T17:37:49.296Z", "user": ["Egor"], "content_type": ["account", "project"], "object_id": "6", "object_repr": "Форма регистрации", "action_flag": 1, "change_message": "[{\"added\": {}}, {\"added\": {\"name\": \"\\u0417\\u0430\\u0434\\u0430\\u0447\\u0430 \\u0433\\u0440\\u0443\\u043f\\u043f\\u044b \\u043f\\u043e \\u043f\\u0440\\u043e\\u0435\\u043a\\u0442\\u0443\", \"object\": \"\\u0415\\u0433\\u043e\\u0440:\\r\\n1)\\u043f\\u0438\\u0448\\u0435\\u0442 \\u043f\\u0435\\u0440\\u0432\\u044b\\u0439 \\u0442\\u0435\\u043a\\u0441\\u0442: \\u043c\\u044b \\u044e\\u0441\\u0442\\u0430\\u0440\\u0441, \\u0442\\u0435\\u0431\\u044f \\u0436\\u0434\\u0435\\u0442 \\u043a\\u0440\\u0443\\u0442\\u043e\\u0439 \\u0433\\u043e\\u0434\\r\\n2)\\u0437\\u0430\\u043f\\u0438\\u0448\\u0435\\u0442 \\u0432\\u0438\\u0434\\u0435\\u043e \\u043f\\u0440\\u043e \\u0441\\u0432\\u043e\\u0439 \\u043f\\u0443\\u0442\\u044c \\u0432 \\u044e\\u0441\\u0442\\u0430\\u0440\\u0441\\r\\n3) \\u043d\\u0430\\u043f\\u0438\\u0441\\u0430\\u0442\\u044c \\u0442\\u0435\\u043a\\u0441\\u0442 \\u0434\\u043b\\u044f \\u0437\\u0430\\u043f\\u0440\\u043e\\u0441\\u0430 \\u043f\\u043e\\u0440\\u0442\\u0444\\u043e\\u043b\\u0438\\u043e/cv\"}}, {\"added\": {\"name\": \"\\u0417\\u0430\\u0434\\u0430\\u0447\\u0430 \\u0433\\u0440\\u0443\\u043f\\u043f\\u044b \\u043f\\u043e \\u043f\\u0440\\u043e\\u0435\\u043a\\u0442\\u0443\", \"object\": \"\\u0414\\u0430\\u0448\\u0430:\\r\\n 1)\\u043f\\u0438\\u0448\\u0435\\u0442 \\u043f\\u0440\\u0438\\u0432\\u0435\\u0442\\u0441\\u0442\\u0432\\u0435\\u043d\\u043d\\u043e\\u0435 \\u0432\\u0438\\u0434\\u0435\\u043e: \\u044f \\u043f\\u0440\\u043e\\u0448\\u043b\\u0430 \\u043e\\u0431\\u0443\\u0447\\u0435\\u043d\\u0438\\u0435, \\u0441\\u0435\\u0439\\u0447\\u0430\\u0441 \\u0440\\u0430\\u0431\\u043e\\u0442\\u0430\\u044e \\u0431\\u043b\\u0430\\u0431\\u043b\\u0430\\r\\n2)\\u0442\\u0435\\u043a\\u0441\\u0442 \\u043f\\u0435\\u0440\\u0435\\u0434 \\u0440\\u0435\\u0433\\u0438\\u0441\\u0442\\u0440\\u0430\\u0446\\u0438\\u0435\\u0439, \\u043d\\u0430\\u043f\\u0438\\u0441\\u0430\\u0442\\u044c \\u0442\\u0435\\u043a\\u0441\\u0442 \\u043f\\u0440\\u043e \\u0442\\u043e, \\u0447\\u0442\\u043e \\u043d\\u0443\\u0436\\u043d\\u043e \\u043e\\u0442\\u0432\\u0435\\u0447\\u0430\\u0442\\u044c \\u0447\\u0435\\u0441\\u0442\\u043d\\u043e \\u0438 \\u043c\\u0430\\u043a\\u0441\\u0438\\u043c\\u0430\\u043b\\u044c\\u043d\\u043e \\u043f\\u043e\\u0434\\u0440\\u043e\\u0431\\u043d\\u043e, \\u0447\\u0442\\u043e\\u0431\\u044b \\u043c\\u044b \\u043c\\u043e\\u0433\\u043b\\u0438 \\u043f\\u043e\\u0434\\u0431\\u0438\\u0440\\u0430\\u0442\\u044c \\u0440\\u0435\\u043b\\u0435\\u0432\\u0430\\u043d\\u0442\\u043d\\u044b\\u0435 \\u043a\\u0440\\u0443\\u0442\\u044b\\u0435 \\u043f\\u0440\\u043e\\u0435\\u043a\\u0442\\u044b.\"}}, {\"added\": {\"name\": \"\\u0417\\u0430\\u0434\\u0430\\u0447\\u0430 \\u0433\\u0440\\u0443\\u043f\\u043f\\u044b \\u043f\\u043e \\u043f\\u0440\\u043e\\u0435\\u043a\\u0442\\u0443\", \"object\": \"\\u0414\\u0435\\u043d\\u0438\\u0441: \\r\\n1)\\u0437\\u0430\\u043f\\u0438\\u0441\\u0430\\u0442\\u044c \\u0432\\u0438\\u0434\\u0435\\u043e \\u043f\\u0440\\u043e \\u0441\\u0432\\u043e\\u0439 \\u043f\\u0443\\u0442\\u044c \\u0432 \\u044e\\u0441\\u0442\\u0430\\u0440\\u0441\\u0435\"}}, {\"added\": {\"name\": \"\\u0417\\u0430\\u0434\\u0430\\u0447\\u0430 \\u0433\\u0440\\u0443\\u043f\\u043f\\u044b \\u043f\\u043e \\u043f\\u0440\\u043e\\u0435\\u043a\\u0442\\u0443\", \"object\": \"\\u041c\\u0438\\u043b\\u044c\\u0442\\u043e: \\r\\n1)\\u041f\\u043e\\u043c\\u0435\\u043d\\u044f\\u0442\\u044c \\u043f\\u043e\\u043b\\u044f \\u0432 \\u0440\\u0435\\u0433\\u0438\\u0441\\u0442\\u0440\\u0430\\u0446\\u0438\\u0438, \\u043e\\u0441\\u0442\\u0430\\u0432\\u0438\\u0442\\u044c:\\r\\n\\u041f\\u0435\\u0440\\u0432\\u044b\\u0439 \\u044d\\u0442\\u0430\\u043f (\\u0434\\u043e \\u0442\\u0435\\u0441\\u0442\\u043e\\u0432\\u043e\\u0433\\u043e):\\r\\n-\\u041d\\u0438\\u043a \\u0432 \\u0442\\u0435\\u043b\\u0435\\u0433\\u0440\\u0430\\u043c\\u0435, \\r\\n-\\u0418\\u043c\\u044f,\\r\\n-\\u041a\\u043e\\u043b-\\u0432\\u043e \\u0447\\u0430\\u0441\\u043e\\u0432 \\u0432 \\u043d\\u0435\\u0434\\u0435\\u043b\\u044e \\u043a\\u043e\\u0442\\u043e\\u0440\\u043e\\u0435 \\u0433\\u043e\\u0442\\u043e\\u0432\\u044b \\u0443\\u0434\\u0435\\u043b\\u044f\\u0442\\u044c,\\r\\n-\\u0412\\u043e\\u0437\\u0440\\u0430\\u0441\\u0442.\\r\\n-\\u0415\\u0441\\u0442\\u044c \\u043b\\u0438 \\u043f\\u0440\\u0430\\u043a\\u0442\\u0438\\u0447\\u0435\\u0441\\u043a\\u0438\\u0439 \\u043e\\u043f\\u044b\\u0442? \\u0412\\u0430\\u0440\\u0438\\u0430\\u043d\\u0442\\u044b: \\u0414\\u0430/\\u041d\\u0435\\u0442\\r\\n\\u0415\\u0441\\u043b\\u0438 \\u0434\\u0430, \\u0442\\u043e \\u0434\\u043e\\u0431\\u0430\\u0432\\u0438\\u0442\\u044c \\u0432\\u043e\\u0437\\u043c\\u043e\\u0436\\u043d\\u043e\\u0441\\u0442\\u044c \\u043f\\u0440\\u0438\\u043a\\u0440\\u0435\\u043f\\u0438\\u0442\\u044c  \\u043f\\u043e\\u0440\\u0442\\u0444\\u043e\\u043b\\u0438\\u043e (\\u043f\\u0440\\u0438\\u043c\\u0435\\u0440\\u044b \\u0440\\u0430\\u0431\\u043e\\u0442)\\r\\n\\u0415\\u0441\\u043b\\u0438 \\u043d\\u0435\\u0442, \\u0442\\u043e \\u043f\\u0440\\u0438\\u043a\\u0440\\u0435\\u043f\\u0438\\u0442\\u044c CV\\r\\n\\r\\n\\u0412\\u0442\\u043e\\u0440\\u043e\\u0439 \\u044d\\u0442\\u0430\\u043f (\\u043f\\u043e\\u0441\\u043b\\u0435 \\u0442\\u0435\\u0441\\u0442\\u043e\\u0432\\u043e\\u0433\\u043e):\\r\\n-\\u0412\\u0441\\u0451 \\u043f\\u0440\\u043e \\u043e\\u0431\\u0440\\u0430\\u0437\\u043e\\u0432\\u0430\\u043d\\u0438\\u0435 \\u043e\\u0441\\u0442\\u0430\\u0432\\u0438\\u0442\\u044c\\r\\n-\\u0414\\u043e\\u0431\\u0430\\u0432\\u0438\\u0442\\u044c \\u0433\\u0440\\u0430\\u0444\\u0443 \\u043f\\u0440\\u043e \\u0441\\u043f\\u0435\\u0446\\u0438\\u0430\\u043b\\u0438\\u0437\\u0438\\u0440\\u043e\\u0432\\u0430\\u043d\\u043d\\u044b\\u0435 \\u043a\\u0443\\u0440\\u0441/\\u0434\\u043e\\u043f. \\u043e\\u0431\\u0440\\u0430\\u0437\\u043e\\u0432\\u0430\\u043d\\u0438\\u0435:\\r\\n\\u041d\\u0430\\u0437\\u0432\\u0430\\u043d\\u0438\\u0435 \\u0434\\u043b\\u0438\\u0442\\u0435\\u043b\\u044c\\u043d\\u043e\\u0441\\u0442\\u044c\\r\\n//\\u0432\\u0435\\u0437\\u0434\\u0435 \\u0432 \\u044d\\u0442\\u043e\\u043c \\u044d\\u0442\\u0430\\u043f\\u0435 \\u0434\\u043e\\u0431\\u0430\\u0432\\u0438\\u0442\\u044c \\u0432\\u0430\\u0440\\u0438\\u0430\\u043d\\u0442 \\u043e\\u0442\\u0432\\u0435\\u0442\\u0430 \\\"\\u041d\\u0435\\u0442\\\"\"}}]"}}, {"model": "admin.logentry", "pk": 86, "fields": {"action_time": "2024-04-16T17:39:03.437Z", "user": ["Egor"], "content_type": ["account", "userinterestssecond"], "object_id": "3", "object_repr": "drei", "action_flag": 1, "change_message": "[{\"added\": {}}]"}}, {"model": "admin.logentry", "pk": 87, "fields": {"action_time": "2024-04-16T17:44:05.241Z", "user": ["Egor"], "content_type": ["account", "project"], "object_id": "6", "object_repr": "Форма регистрации", "action_flag": 2, "change_message": "[{\"changed\": {\"name\": \"\\u0417\\u0430\\u0434\\u0430\\u0447\\u0430 \\u0433\\u0440\\u0443\\u043f\\u043f\\u044b \\u043f\\u043e \\u043f\\u0440\\u043e\\u0435\\u043a\\u0442\\u0443\", \"object\": \"\\u0415\\u0433\\u043e\\u0440:\\r\\n1)\\u043f\\u0438\\u0448\\u0435\\u0442 \\u043f\\u0435\\u0440\\u0432\\u044b\\u0439 \\u0442\\u0435\\u043a\\u0441\\u0442: \\u043c\\u044b \\u044e\\u0441\\u0442\\u0430\\u0440\\u0441, \\u0442\\u0435\\u0431\\u044f \\u0436\\u0434\\u0435\\u0442 \\u043a\\u0440\\u0443\\u0442\\u043e\\u0439 \\u0433\\u043e\\u0434\\r\\n2)\\u0437\\u0430\\u043f\\u0438\\u0448\\u0435\\u0442 \\u0432\\u0438\\u0434\\u0435\\u043e \\u043f\\u0440\\u043e \\u0441\\u0432\\u043e\\u0439 \\u043f\\u0443\\u0442\\u044c \\u0432 \\u044e\\u0441\\u0442\\u0430\\u0440\\u0441\\r\\n3) \\u043d\\u0430\\u043f\\u0438\\u0441\\u0430\\u0442\\u044c \\u0442\\u0435\\u043a\\u0441\\u0442 \\u0434\\u043b\\u044f \\u0437\\u0430\\u043f\\u0440\\u043e\\u0441\\u0430 \\u043f\\u043e\\u0440\\u0442\\u0444\\u043e\\u043b\\u0438\\u043e/cv\\r\\n4) \\u0441\\u043e\\u0441\\u0442\\u0430\\u0432\\u0438\\u0442\\u044c \\u043c\\u0430\\u0442\\u0435\\u0440\\u0438\\u0430\\u043b\\u044b \\u0434\\u043b\\u044f \\u0442\\u0435\\u0441\\u0442\\u043e\\u0432\\u044b\\u0445 \\u0437\\u0430\\u0434\\u0430\\u043d\\u0438\\u0439\", \"fields\": [\"\\u041e\\u043f\\u0438\\u0441\\u0430\\u043d\\u0438\\u0435\"]}}, {\"changed\": {\"name\": \"\\u0417\\u0430\\u0434\\u0430\\u0447\\u0430 \\u0433\\u0440\\u0443\\u043f\\u043f\\u044b \\u043f\\u043e \\u043f\\u0440\\u043e\\u0435\\u043a\\u0442\\u0443\", \"object\": \"\\u0414\\u0430\\u0448\\u0430:\\r\\n 1)\\u043f\\u0438\\u0448\\u0435\\u0442 \\u043f\\u0440\\u0438\\u0432\\u0435\\u0442\\u0441\\u0442\\u0432\\u0435\\u043d\\u043d\\u043e\\u0435 \\u0432\\u0438\\u0434\\u0435\\u043e: \\u044f \\u043f\\u0440\\u043e\\u0448\\u043b\\u0430 \\u043e\\u0431\\u0443\\u0447\\u0435\\u043d\\u0438\\u0435, \\u0441\\u0435\\u0439\\u0447\\u0430\\u0441 \\u0440\\u0430\\u0431\\u043e\\u0442\\u0430\\u044e \\u0431\\u043b\\u0430\\u0431\\u043b\\u0430\\r\\n2)\\u0442\\u0435\\u043a\\u0441\\u0442 \\u043f\\u0435\\u0440\\u0435\\u0434 \\u0440\\u0435\\u0433\\u0438\\u0441\\u0442\\u0440\\u0430\\u0446\\u0438\\u0435\\u0439, \\u043d\\u0430\\u043f\\u0438\\u0441\\u0430\\u0442\\u044c \\u0442\\u0435\\u043a\\u0441\\u0442 \\u043f\\u0440\\u043e \\u0442\\u043e, \\u0447\\u0442\\u043e \\u043d\\u0443\\u0436\\u043d\\u043e \\u043e\\u0442\\u0432\\u0435\\u0447\\u0430\\u0442\\u044c \\u0447\\u0435\\u0441\\u0442\\u043d\\u043e \\u0438 \\u043c\\u0430\\u043a\\u0441\\u0438\\u043c\\u0430\\u043b\\u044c\\u043d\\u043e \\u043f\\u043e\\u0434\\u0440\\u043e\\u0431\\u043d\\u043e, \\u0447\\u0442\\u043e\\u0431\\u044b \\u043c\\u044b \\u043c\\u043e\\u0433\\u043b\\u0438 \\u043f\\u043e\\u0434\\u0431\\u0438\\u0440\\u0430\\u0442\\u044c \\u0440\\u0435\\u043b\\u0435\\u0432\\u0430\\u043d\\u0442\\u043d\\u044b\\u0435 \\u043a\\u0440\\u0443\\u0442\\u044b\\u0435 \\u043f\\u0440\\u043e\\u0435\\u043a\\u0442\\u044b.\\r\\n3) \\u0417\\u0430\\u043f\\u043e\\u043b\\u043d\\u0438\\u0442\\u044c \\u0432 CRM \\u0432\\u0430\\u0440\\u0438\\u0430\\u043d\\u0442\\u044b \\u0438\\u043d\\u0442\\u0435\\u0440\\u0435\\u0441\\u043e\\u0432 \\u0441\\u0442\\u0443\\u0434\\u0435\\u043d\\u0442\\u043e\\u0432 (9 \\u0432\\u0430\\u0440\\u0438\\u0430\\u043d\\u0442\\u043e\\u0432)\", \"fields\": [\"\\u041e\\u043f\\u0438\\u0441\\u0430\\u043d\\u0438\\u0435\"]}}]"}}, {"model": "admin.logentry", "pk": 88, "fields": {"action_time": "2024-04-16T17:46:13.836Z", "user": ["Egor"], "content_type": ["account", "project"], "object_id": "6", "object_repr": "Форма регистрации", "action_flag": 2, "change_message": "[{\"added\": {\"name\": \"\\u0417\\u0430\\u0434\\u0430\\u0447\\u0430 \\u0441\\u0442\\u0443\\u0434\\u0435\\u043d\\u0442\\u0430 \\u043f\\u043e \\u043f\\u0440\\u043e\\u0435\\u043a\\u0442\\u0443\", \"object\": \"Miltiadis Kiourntzidis\"}}, {\"changed\": {\"name\": \"\\u0417\\u0430\\u0434\\u0430\\u0447\\u0430 \\u0433\\u0440\\u0443\\u043f\\u043f\\u044b \\u043f\\u043e \\u043f\\u0440\\u043e\\u0435\\u043a\\u0442\\u0443\", \"object\": \"\\u0415\\u0433\\u043e\\u0440:\\r\\n1) \\u043f\\u0438\\u0448\\u0435\\u0442 \\u043f\\u0435\\u0440\\u0432\\u044b\\u0439 \\u0442\\u0435\\u043a\\u0441\\u0442: \\u043c\\u044b \\u044e\\u0441\\u0442\\u0430\\u0440\\u0441, \\u0442\\u0435\\u0431\\u044f \\u0436\\u0434\\u0435\\u0442 \\u043a\\u0440\\u0443\\u0442\\u043e\\u0439 \\u0433\\u043e\\u0434\\r\\n2) \\u0437\\u0430\\u043f\\u0438\\u0448\\u0435\\u0442 \\u0432\\u0438\\u0434\\u0435\\u043e \\u043f\\u0440\\u043e \\u0441\\u0432\\u043e\\u0439 \\u043f\\u0443\\u0442\\u044c \\u0432 \\u044e\\u0441\\u0442\\u0430\\u0440\\u0441\\r\\n3) \\u043d\\u0430\\u043f\\u0438\\u0441\\u0430\\u0442\\u044c \\u0442\\u0435\\u043a\\u0441\\u0442 \\u0434\\u043b\\u044f \\u0437\\u0430\\u043f\\u0440\\u043e\\u0441\\u0430 \\u043f\\u043e\\u0440\\u0442\\u0444\\u043e\\u043b\\u0438\\u043e/cv\\r\\n4) \\u0441\\u043e\\u0441\\u0442\\u0430\\u0432\\u0438\\u0442\\u044c \\u043c\\u0430\\u0442\\u0435\\u0440\\u0438\\u0430\\u043b\\u044b \\u0434\\u043b\\u044f \\u0442\\u0435\\u0441\\u0442\\u043e\\u0432\\u044b\\u0445 \\u0437\\u0430\\u0434\\u0430\\u043d\\u0438\\u0439\", \"fields\": [\"\\u041e\\u043f\\u0438\\u0441\\u0430\\u043d\\u0438\\u0435\"]}}]"}}, {"model": "admin.logentry", "pk": 89, "fields": {"action_time": "2024-04-16T17:47:19.584Z", "user": ["Egor"], "content_type": ["account", "project"], "object_id": "6", "object_repr": "Форма регистрации", "action_flag": 2, "change_message": "[]"}}, {"model": "admin.logentry", "pk": 90, "fields": {"action_time": "2024-04-16T17:47:45.626Z", "user": ["Egor"], "content_type": ["account", "project"], "object_id": "6", "object_repr": "Форма регистрации", "action_flag": 2, "change_message": "[{\"changed\": {\"name\": \"\\u0417\\u0430\\u0434\\u0430\\u0447\\u0430 \\u0441\\u0442\\u0443\\u0434\\u0435\\u043d\\u0442\\u0430 \\u043f\\u043e \\u043f\\u0440\\u043e\\u0435\\u043a\\u0442\\u0443\", \"object\": \"Miltiadis Kiourntzidis\", \"fields\": [\"\\u0414\\u0430\\u0442\\u0430 \\u0438 \\u0432\\u0440\\u0435\\u043c\\u044f \\u0441\\u043e\\u0437\\u0434\\u0430\\u043d\\u0438\\u044f\"]}}]"}}, {"model": "admin.logentry", "pk": 91, "fields": {"action_time": "2024-04-16T17:48:18.665Z", "user": ["Egor"], "content_type": ["account", "project"], "object_id": "6", "object_repr": "Форма регистрации", "action_flag": 2, "change_message": "[{\"changed\": {\"name\": \"\\u0417\\u0430\\u0434\\u0430\\u0447\\u0430 \\u0441\\u0442\\u0443\\u0434\\u0435\\u043d\\u0442\\u0430 \\u043f\\u043e \\u043f\\u0440\\u043e\\u0435\\u043a\\u0442\\u0443\", \"object\": \"Miltiadis Kiourntzidis\", \"fields\": [\"\\u0414\\u0430\\u0442\\u0430 \\u043d\\u0430\\u0447\\u0430\\u043b\\u0430\", \"\\u0414\\u0430\\u0442\\u0430 \\u043e\\u043a\\u043e\\u043d\\u0447\\u0430\\u043d\\u0438\\u044f\"]}}]"}}, {"model": "admin.logentry", "pk": 92, "fields": {"action_time": "2024-04-16T17:48:46.886Z", "user": ["Egor"], "content_type": ["account", "student"], "object_id": "7", "object_repr": "Daria Sigida", "action_flag": 1, "change_message": "[{\"added\": {}}]"}}, {"model": "admin.logentry", "pk": 93, "fields": {"action_time": "2024-04-16T17:57:47.108Z", "user": ["Egor"], "content_type": ["account", "project"], "object_id": "6", "object_repr": "Форма регистрации", "action_flag": 2, "change_message": "[{\"added\": {\"name\": \"\\u0417\\u0430\\u0434\\u0430\\u0447\\u0430 \\u0441\\u0442\\u0443\\u0434\\u0435\\u043d\\u0442\\u0430 \\u043f\\u043e \\u043f\\u0440\\u043e\\u0435\\u043a\\u0442\\u0443\", \"object\": \"Miltiadis Kiourntzidis\"}}]"}}, {"model": "admin.logentry", "pk": 94, "fields": {"action_time": "2024-04-16T17:58:10.299Z", "user": ["Egor"], "content_type": ["account", "project"], "object_id": "6", "object_repr": "Форма регистрации", "action_flag": 2, "change_message": "[]"}}, {"model": "admin.logentry", "pk": 95, "fields": {"action_time": "2024-04-16T18:11:43.720Z", "user": ["Egor"], "content_type": ["account", "dataknowledgegeneral"], "object_id": "2", "object_repr": "Оценка - Инвестиции", "action_flag": 1, "change_message": "[{\"added\": {}}]"}}, {"model": "admin.logentry", "pk": 96, "fields": {"action_time": "2024-04-16T18:12:02.481Z", "user": ["Egor"], "content_type": ["account", "chapter"], "object_id": "2", "object_repr": "ggg", "action_flag": 1, "change_message": "[{\"added\": {}}]"}}, {"model": "admin.logentry", "pk": 97, "fields": {"action_time": "2024-04-16T18:12:12.495Z", "user": ["Egor"], "content_type": ["account", "dataknowledgegeneral"], "object_id": "2", "object_repr": "ggg - Инвестиции", "action_flag": 2, "change_message": "[{\"changed\": {\"fields\": [\"\\u0422\\u0435\\u043c\\u0430\"]}}]"}}, {"model": "admin.logentry", "pk": 98, "fields": {"action_time": "2024-04-16T18:12:35.368Z", "user": ["Egor"], "content_type": ["account", "dataknowledge"], "object_id": "2", "object_repr": "ggg - Инвестиции", "action_flag": 3, "change_message": ""}}, {"model": "admin.logentry", "pk": 99, "fields": {"action_time": "2024-04-16T18:22:30.718Z", "user": ["Egor"], "content_type": ["auth", "group"], "object_id": "1", "object_repr": "analitic", "action_flag": 1, "change_message": "[{\"added\": {}}]"}}, {"model": "admin.logentry", "pk": 100, "fields": {"action_time": "2024-04-16T18:44:03.873Z", "user": ["Egor"], "content_type": ["account", "project"], "object_id": "6", "object_repr": "Форма регистрации", "action_flag": 2, "change_message": "[{\"changed\": {\"name\": \"\\u0417\\u0430\\u0434\\u0430\\u0447\\u0430 \\u0441\\u0442\\u0443\\u0434\\u0435\\u043d\\u0442\\u0430 \\u043f\\u043e \\u043f\\u0440\\u043e\\u0435\\u043a\\u0442\\u0443\", \"object\": \"Miltiadis Kiourntzidis\", \"fields\": [\"\\u0421\\u0442\\u0430\\u0442\\u0443\\u0441\"]}}]"}}, {"model": "admin.logentry", "pk": 101, "fields": {"action_time": "2024-04-16T18:45:08.212Z", "user": ["Egor"], "content_type": ["account", "project"], "object_id": "6", "object_repr": "Форма регистрации", "action_flag": 2, "change_message": "[{\"changed\": {\"name\": \"\\u0417\\u0430\\u0434\\u0430\\u0447\\u0430 \\u0441\\u0442\\u0443\\u0434\\u0435\\u043d\\u0442\\u0430 \\u043f\\u043e \\u043f\\u0440\\u043e\\u0435\\u043a\\u0442\\u0443\", \"object\": \"Miltiadis Kiourntzidis\", \"fields\": [\"\\u0421\\u0442\\u0430\\u0442\\u0443\\u0441\"]}}]"}}, {"model": "admin.logentry", "pk": 102, "fields": {"action_time": "2024-04-16T18:46:17.552Z", "user": ["Egor"], "content_type": ["account", "project"], "object_id": "6", "object_repr": "Форма регистрации", "action_flag": 2, "change_message": "[{\"changed\": {\"fields\": [\"\\u0421\\u043f\\u0435\\u0446\\u0438\\u0430\\u043b\\u0438\\u0441\\u0442\\u044b\"]}}, {\"changed\": {\"name\": \"\\u0417\\u0430\\u0434\\u0430\\u0447\\u0430 \\u0441\\u0442\\u0443\\u0434\\u0435\\u043d\\u0442\\u0430 \\u043f\\u043e \\u043f\\u0440\\u043e\\u0435\\u043a\\u0442\\u0443\", \"object\": \"Miltiadis Kiourntzidis\", \"fields\": [\"\\u0421\\u0442\\u0430\\u0442\\u0443\\u0441\"]}}]"}}, {"model": "admin.logentry", "pk": 103, "fields": {"action_time": "2024-04-16T18:46:42.226Z", "user": ["Egor"], "content_type": ["account", "project"], "object_id": "6", "object_repr": "Форма регистрации", "action_flag": 2, "change_message": "[]"}}, {"model": "admin.logentry", "pk": 104, "fields": {"action_time": "2024-04-16T18:47:45.874Z", "user": ["Egor"], "content_type": ["account", "project"], "object_id": "6", "object_repr": "Форма регистрации", "action_flag": 2, "change_message": "[{\"added\": {\"name\": \"\\u0417\\u0430\\u0434\\u0430\\u0447\\u0430 \\u0441\\u0442\\u0443\\u0434\\u0435\\u043d\\u0442\\u0430 \\u043f\\u043e \\u043f\\u0440\\u043e\\u0435\\u043a\\u0442\\u0443\", \"object\": \"Daria Sigida\"}}]"}}, {"model": "admin.logentry", "pk": 105, "fields": {"action_time": "2024-04-16T18:48:17.814Z", "user": ["Egor"], "content_type": ["account", "project"], "object_id": "6", "object_repr": "Форма регистрации", "action_flag": 2, "change_message": "[]"}}, {"model": "admin.logentry", "pk": 106, "fields": {"action_time": "2024-04-16T18:51:01.528Z", "user": ["Egor"], "content_type": ["account", "project"], "object_id": "6", "object_repr": "Форма регистрации", "action_flag": 2, "change_message": "[]"}}, {"model": "admin.logentry", "pk": 107, "fields": {"action_time": "2024-04-16T18:51:12.402Z", "user": ["Egor"], "content_type": ["account", "student"], "object_id": "7", "object_repr": "Daria Sigida", "action_flag": 3, "change_message": ""}}, {"model": "admin.logentry", "pk": 108, "fields": {"action_time": "2024-04-16T18:58:35.812Z", "user": ["Egor"], "content_type": ["account", "project"], "object_id": "6", "object_repr": "Форма регистрации", "action_flag": 2, "change_message": "[]"}}, {"model": "admin.logentry", "pk": 109, "fields": {"action_time": "2024-04-16T19:05:23.273Z", "user": ["Egor"], "content_type": ["account", "project"], "object_id": "5", "object_repr": "test", "action_flag": 3, "change_message": ""}}, {"model": "admin.logentry", "pk": 110, "fields": {"action_time": "2024-04-17T08:28:22.059Z", "user": ["Egor"], "content_type": ["account", "project"], "object_id": "6", "object_repr": "Форма регистрации", "action_flag": 2, "change_message": "[{\"changed\": {\"fields\": [\"\\u0421\\u043f\\u0435\\u0446\\u0438\\u0430\\u043b\\u0438\\u0441\\u0442\\u044b\"]}}]"}}, {"model": "admin.logentry", "pk": 111, "fields": {"action_time": "2024-04-19T09:07:34.603Z", "user": ["Egor"], "content_type": ["account", "project"], "object_id": "7", "object_repr": "я - зарядка", "action_flag": 1, "change_message": "[{\"added\": {}}]"}}, {"model": "admin.logentry", "pk": 112, "fields": {"action_time": "2024-04-19T14:06:39.297Z", "user": ["Egor"], "content_type": ["account", "project"], "object_id": "7", "object_repr": "я - зарядка", "action_flag": 2, "change_message": "[{\"added\": {\"name\": \"\\u0417\\u0430\\u0434\\u0430\\u0447\\u0430 \\u0441\\u0442\\u0443\\u0434\\u0435\\u043d\\u0442\\u0430 \\u043f\\u043e \\u043f\\u0440\\u043e\\u0435\\u043a\\u0442\\u0443\", \"object\": \"Stepanova Alexandra Alexeevna\"}}]"}}, {"model": "admin.logentry", "pk": 113, "fields": {"action_time": "2024-04-19T14:17:00.543Z", "user": ["Egor"], "content_type": ["account", "project"], "object_id": "7", "object_repr": "я - зарядка", "action_flag": 2, "change_message": "[{\"changed\": {\"fields\": [\"\\u0421\\u043f\\u0435\\u0446\\u0438\\u0430\\u043b\\u0438\\u0441\\u0442\\u044b\"]}}]"}}, {"model": "admin.logentry", "pk": 114, "fields": {"action_time": "2024-04-22T08:58:10.510Z", "user": ["Egor"], "content_type": ["account", "project"], "object_id": "8", "object_repr": "Операционные задачи", "action_flag": 1, "change_message": "[{\"added\": {}}]"}}, {"model": "admin.logentry", "pk": 115, "fields": {"action_time": "2024-04-22T08:58:31.556Z", "user": ["Egor"], "content_type": ["account", "customuser"], "object_id": "2", "object_repr": "Dasha", "action_flag": 2, "change_message": "[{\"changed\": {\"fields\": [\"Username\"]}}]"}}, {"model": "admin.logentry", "pk": 116, "fields": {"action_time": "2024-04-22T08:58:57.087Z", "user": ["Egor"], "content_type": ["account", "project"], "object_id": "8", "object_repr": "Операционные задачи", "action_flag": 2, "change_message": "[{\"changed\": {\"fields\": [\"\\u0421\\u043f\\u0435\\u0446\\u0438\\u0430\\u043b\\u0438\\u0441\\u0442\\u044b\"]}}]"}}, {"model": "admin.logentry", "pk": 117, "fields": {"action_time": "2024-04-22T09:00:24.063Z", "user": ["Egor"], "content_type": ["account", "project"], "object_id": "8", "object_repr": "Операционные задачи", "action_flag": 2, "change_message": "[{\"added\": {\"name\": \"\\u0417\\u0430\\u0434\\u0430\\u0447\\u0430 \\u0441\\u0442\\u0443\\u0434\\u0435\\u043d\\u0442\\u0430 \\u043f\\u043e \\u043f\\u0440\\u043e\\u0435\\u043a\\u0442\\u0443\", \"object\": \"Leo Kriukov\"}}]"}}, {"model": "admin.logentry", "pk": 118, "fields": {"action_time": "2024-04-22T09:04:47.764Z", "user": ["Egor"], "content_type": ["account", "course"], "object_id": "3", "object_repr": "3", "action_flag": 1, "change_message": "[{\"added\": {}}]"}}, {"model": "admin.logentry", "pk": 119, "fields": {"action_time": "2024-04-22T09:04:51.885Z", "user": ["Egor"], "content_type": ["account", "course"], "object_id": "4", "object_repr": "4", "action_flag": 1, "change_message": "[{\"added\": {}}]"}}, {"model": "admin.logentry", "pk": 120, "fields": {"action_time": "2024-04-22T09:05:56.828Z", "user": ["Egor"], "content_type": ["account", "course"], "object_id": "5", "object_repr": "5", "action_flag": 1, "change_message": "[{\"added\": {}}]"}}, {"model": "admin.logentry", "pk": 121, "fields": {"action_time": "2024-04-22T09:06:01.119Z", "user": ["Egor"], "content_type": ["account", "course"], "object_id": "6", "object_repr": "6", "action_flag": 1, "change_message": "[{\"added\": {}}]"}}, {"model": "admin.logentry", "pk": 122, "fields": {"action_time": "2024-04-22T09:06:26.414Z", "user": ["Egor"], "content_type": ["account", "course"], "object_id": "7", "object_repr": "Закончил/-а", "action_flag": 1, "change_message": "[{\"added\": {}}]"}}, {"model": "admin.logentry", "pk": 123, "fields": {"action_time": "2024-04-22T13:13:12.517Z", "user": ["Egor"], "content_type": ["account", "userinterestsfirst"], "object_id": "1", "object_repr": "Предпринимательство", "action_flag": 2, "change_message": "[{\"changed\": {\"fields\": [\"\\u0418\\u043d\\u0442\\u0435\\u0440\\u0435\\u0441\"]}}]"}}, {"model": "admin.logentry", "pk": 124, "fields": {"action_time": "2024-04-22T13:13:18.857Z", "user": ["Egor"], "content_type": ["account", "userinterestsfirst"], "object_id": "2", "object_repr": "Инновационное предпринимательство", "action_flag": 2, "change_message": "[{\"changed\": {\"fields\": [\"\\u0418\\u043d\\u0442\\u0435\\u0440\\u0435\\u0441\"]}}]"}}, {"model": "admin.logentry", "pk": 125, "fields": {"action_time": "2024-04-22T13:13:25.905Z", "user": ["Egor"], "content_type": ["account", "userinterestsfirst"], "object_id": "3", "object_repr": "Венчурные инвестиции", "action_flag": 1, "change_message": "[{\"added\": {}}]"}}, {"model": "admin.logentry", "pk": 126, "fields": {"action_time": "2024-04-22T13:13:56.744Z", "user": ["Egor"], "content_type": ["account", "userinterestsfirst"], "object_id": "4", "object_repr": "Инвестиции на бирже", "action_flag": 1, "change_message": "[{\"added\": {}}]"}}, {"model": "admin.logentry", "pk": 127, "fields": {"action_time": "2024-04-22T13:14:02.848Z", "user": ["Egor"], "content_type": ["account", "userinterestsfirst"], "object_id": "5", "object_repr": "Стратегический консалтинг", "action_flag": 1, "change_message": "[{\"added\": {}}]"}}, {"model": "admin.logentry", "pk": 128, "fields": {"action_time": "2024-04-22T13:14:11.603Z", "user": ["Egor"], "content_type": ["account", "userinterestsfirst"], "object_id": "6", "object_repr": "Инвест. банкинг", "action_flag": 1, "change_message": "[{\"added\": {}}]"}}, {"model": "admin.logentry", "pk": 129, "fields": {"action_time": "2024-04-22T13:14:24.817Z", "user": ["Egor"], "content_type": ["account", "userinterestsfirst"], "object_id": "7", "object_repr": "M&A (Слияние и поглощение)", "action_flag": 1, "change_message": "[{\"added\": {}}]"}}, {"model": "admin.logentry", "pk": 130, "fields": {"action_time": "2024-04-22T13:14:33.531Z", "user": ["Egor"], "content_type": ["account", "userinterestsfirst"], "object_id": "8", "object_repr": "Private Equity", "action_flag": 1, "change_message": "[{\"added\": {}}]"}}, {"model": "admin.logentry", "pk": 131, "fields": {"action_time": "2024-04-22T13:14:39.983Z", "user": ["Egor"], "content_type": ["account", "userinterestsfirst"], "object_id": "5", "object_repr": "Стратегический Консалтинг", "action_flag": 2, "change_message": "[{\"changed\": {\"fields\": [\"\\u0418\\u043d\\u0442\\u0435\\u0440\\u0435\\u0441\"]}}]"}}, {"model": "admin.logentry", "pk": 132, "fields": {"action_time": "2024-04-22T13:14:44.630Z", "user": ["Egor"], "content_type": ["account", "userinterestsfirst"], "object_id": "4", "object_repr": "Инвестиции на Бирже", "action_flag": 2, "change_message": "[{\"changed\": {\"fields\": [\"\\u0418\\u043d\\u0442\\u0435\\u0440\\u0435\\u0441\"]}}]"}}, {"model": "admin.logentry", "pk": 133, "fields": {"action_time": "2024-04-22T13:14:48.523Z", "user": ["Egor"], "content_type": ["account", "userinterestsfirst"], "object_id": "3", "object_repr": "Венчурные Инвестиции", "action_flag": 2, "change_message": "[{\"changed\": {\"fields\": [\"\\u0418\\u043d\\u0442\\u0435\\u0440\\u0435\\u0441\"]}}]"}}, {"model": "admin.logentry", "pk": 134, "fields": {"action_time": "2024-04-22T13:14:52.899Z", "user": ["Egor"], "content_type": ["account", "userinterestsfirst"], "object_id": "2", "object_repr": "Инновационное Предпринимательство", "action_flag": 2, "change_message": "[{\"changed\": {\"fields\": [\"\\u0418\\u043d\\u0442\\u0435\\u0440\\u0435\\u0441\"]}}]"}}, {"model": "admin.logentry", "pk": 135, "fields": {"action_time": "2024-04-22T13:14:59.325Z", "user": ["Egor"], "content_type": ["account", "userinterestsfirst"], "object_id": "9", "object_repr": "Финансы", "action_flag": 1, "change_message": "[{\"added\": {}}]"}}, {"model": "admin.logentry", "pk": 136, "fields": {"action_time": "2024-04-22T13:15:05.220Z", "user": ["Egor"], "content_type": ["account", "userinterestsfirst"], "object_id": "10", "object_repr": "Технический анализ (SQL, Phyton)", "action_flag": 1, "change_message": "[{\"added\": {}}]"}}, {"model": "admin.logentry", "pk": 137, "fields": {"action_time": "2024-04-22T13:17:07.184Z", "user": ["Egor"], "content_type": ["account", "userinterestssecond"], "object_id": "1", "object_repr": "Девелопмент", "action_flag": 2, "change_message": "[{\"changed\": {\"fields\": [\"\\u0418\\u043d\\u0442\\u0435\\u0440\\u0435\\u0441\"]}}]"}}, {"model": "admin.logentry", "pk": 138, "fields": {"action_time": "2024-04-22T13:17:13.588Z", "user": ["Egor"], "content_type": ["account", "userinterestssecond"], "object_id": "2", "object_repr": "Банкинг", "action_flag": 2, "change_message": "[{\"changed\": {\"fields\": [\"\\u0418\\u043d\\u0442\\u0435\\u0440\\u0435\\u0441\"]}}]"}}, {"model": "admin.logentry", "pk": 139, "fields": {"action_time": "2024-04-22T13:17:19.451Z", "user": ["Egor"], "content_type": ["account", "userinterestssecond"], "object_id": "1", "object_repr": "Строительный Девелопмент", "action_flag": 2, "change_message": "[{\"changed\": {\"fields\": [\"\\u0418\\u043d\\u0442\\u0435\\u0440\\u0435\\u0441\"]}}]"}}, {"model": "admin.logentry", "pk": 140, "fields": {"action_time": "2024-04-22T13:17:25.170Z", "user": ["Egor"], "content_type": ["account", "userinterestssecond"], "object_id": "3", "object_repr": "Промышленность", "action_flag": 2, "change_message": "[{\"changed\": {\"fields\": [\"\\u0418\\u043d\\u0442\\u0435\\u0440\\u0435\\u0441\"]}}]"}}, {"model": "admin.logentry", "pk": 141, "fields": {"action_time": "2024-04-22T13:17:30.745Z", "user": ["Egor"], "content_type": ["account", "userinterestssecond"], "object_id": "4", "object_repr": "Телеком", "action_flag": 1, "change_message": "[{\"added\": {}}]"}}, {"model": "admin.logentry", "pk": 142, "fields": {"action_time": "2024-04-22T13:17:36.570Z", "user": ["Egor"], "content_type": ["account", "userinterestssecond"], "object_id": "5", "object_repr": "Маркетинг", "action_flag": 1, "change_message": "[{\"added\": {}}]"}}, {"model": "admin.logentry", "pk": 143, "fields": {"action_time": "2024-04-22T13:17:42.439Z", "user": ["Egor"], "content_type": ["account", "userinterestssecond"], "object_id": "6", "object_repr": "Индустрия 4.0", "action_flag": 1, "change_message": "[{\"added\": {}}]"}}, {"model": "admin.logentry", "pk": 144, "fields": {"action_time": "2024-04-22T13:17:46.826Z", "user": ["Egor"], "content_type": ["account", "userinterestssecond"], "object_id": "7", "object_repr": "DeepTech", "action_flag": 1, "change_message": "[{\"added\": {}}]"}}, {"model": "admin.logentry", "pk": 145, "fields": {"action_time": "2024-04-22T13:17:51.546Z", "user": ["Egor"], "content_type": ["account", "userinterestssecond"], "object_id": "8", "object_repr": "SpaceTech", "action_flag": 1, "change_message": "[{\"added\": {}}]"}}, {"model": "admin.logentry", "pk": 146, "fields": {"action_time": "2024-04-22T13:17:55.606Z", "user": ["Egor"], "content_type": ["account", "userinterestssecond"], "object_id": "9", "object_repr": "GreenTech", "action_flag": 1, "change_message": "[{\"added\": {}}]"}}, {"model": "admin.logentry", "pk": 147, "fields": {"action_time": "2024-04-22T13:18:00.337Z", "user": ["Egor"], "content_type": ["account", "userinterestssecond"], "object_id": "10", "object_repr": "Медицина, MedTech, BioTech", "action_flag": 1, "change_message": "[{\"added\": {}}]"}}, {"model": "admin.logentry", "pk": 148, "fields": {"action_time": "2024-04-22T13:18:04.762Z", "user": ["Egor"], "content_type": ["account", "userinterestssecond"], "object_id": "11", "object_repr": "Mental health", "action_flag": 1, "change_message": "[{\"added\": {}}]"}}, {"model": "admin.logentry", "pk": 149, "fields": {"action_time": "2024-04-22T13:18:09.996Z", "user": ["Egor"], "content_type": ["account", "userinterestssecond"], "object_id": "12", "object_repr": "Ed & HRTech", "action_flag": 1, "change_message": "[{\"added\": {}}]"}}, {"model": "admin.logentry", "pk": 150, "fields": {"action_time": "2024-04-22T13:18:15.909Z", "user": ["Egor"], "content_type": ["account", "userinterestssecond"], "object_id": "13", "object_repr": "Marketplace", "action_flag": 1, "change_message": "[{\"added\": {}}]"}}, {"model": "admin.logentry", "pk": 151, "fields": {"action_time": "2024-04-22T13:18:20.719Z", "user": ["Egor"], "content_type": ["account", "userinterestssecond"], "object_id": "14", "object_repr": "SAAS", "action_flag": 1, "change_message": "[{\"added\": {}}]"}}, {"model": "admin.logentry", "pk": 152, "fields": {"action_time": "2024-04-22T13:18:25.602Z", "user": ["Egor"], "content_type": ["account", "userinterestssecond"], "object_id": "15", "object_repr": "Retail", "action_flag": 1, "change_message": "[{\"added\": {}}]"}}, {"model": "admin.logentry", "pk": 153, "fields": {"action_time": "2024-04-22T13:18:38.718Z", "user": ["Egor"], "content_type": ["account", "userinterestssecond"], "object_id": "14", "object_repr": "SaaS", "action_flag": 2, "change_message": "[{\"changed\": {\"fields\": [\"\\u0418\\u043d\\u0442\\u0435\\u0440\\u0435\\u0441\"]}}]"}}, {"model": "admin.logentry", "pk": 154, "fields": {"action_time": "2024-04-22T13:18:45.362Z", "user": ["Egor"], "content_type": ["account", "userinterestssecond"], "object_id": "16", "object_repr": "E-commerce", "action_flag": 1, "change_message": "[{\"added\": {}}]"}}, {"model": "admin.logentry", "pk": 155, "fields": {"action_time": "2024-04-22T13:18:49.621Z", "user": ["Egor"], "content_type": ["account", "userinterestssecond"], "object_id": "17", "object_repr": "Foodtech", "action_flag": 1, "change_message": "[{\"added\": {}}]"}}, {"model": "admin.logentry", "pk": 156, "fields": {"action_time": "2024-04-22T13:18:53.599Z", "user": ["Egor"], "content_type": ["account", "userinterestssecond"], "object_id": "18", "object_repr": "Web3", "action_flag": 1, "change_message": "[{\"added\": {}}]"}}, {"model": "admin.logentry", "pk": 157, "fields": {"action_time": "2024-04-22T13:18:57.491Z", "user": ["Egor"], "content_type": ["account", "userinterestssecond"], "object_id": "19", "object_repr": "IoT", "action_flag": 1, "change_message": "[{\"added\": {}}]"}}, {"model": "admin.logentry", "pk": 158, "fields": {"action_time": "2024-04-22T13:19:01.366Z", "user": ["Egor"], "content_type": ["account", "userinterestssecond"], "object_id": "20", "object_repr": "GameDev", "action_flag": 1, "change_message": "[{\"added\": {}}]"}}, {"model": "admin.logentry", "pk": 159, "fields": {"action_time": "2024-04-22T13:19:24.500Z", "user": ["Egor"], "content_type": ["account", "userintereststhird"], "object_id": "1", "object_repr": "Прокачать hard skills", "action_flag": 2, "change_message": "[{\"changed\": {\"fields\": [\"\\u0418\\u043d\\u0442\\u0435\\u0440\\u0435\\u0441\"]}}]"}}, {"model": "admin.logentry", "pk": 160, "fields": {"action_time": "2024-04-22T13:19:33.099Z", "user": ["Egor"], "content_type": ["account", "userintereststhird"], "object_id": "2", "object_repr": "Прокачать soft skills", "action_flag": 2, "change_message": "[{\"changed\": {\"fields\": [\"\\u0418\\u043d\\u0442\\u0435\\u0440\\u0435\\u0441\"]}}]"}}, {"model": "admin.logentry", "pk": 161, "fields": {"action_time": "2024-04-22T13:19:40.240Z", "user": ["Egor"], "content_type": ["account", "userintereststhird"], "object_id": "3", "object_repr": "Расширить круг полезных знакомств", "action_flag": 1, "change_message": "[{\"added\": {}}]"}}, {"model": "admin.logentry", "pk": 162, "fields": {"action_time": "2024-04-22T13:19:46.241Z", "user": ["Egor"], "content_type": ["account", "userintereststhird"], "object_id": "4", "object_repr": "-Научиться пользоваться AI для задач бизнес-консультантов", "action_flag": 1, "change_message": "[{\"added\": {}}]"}}, {"model": "admin.logentry", "pk": 163, "fields": {"action_time": "2024-04-22T13:19:52.509Z", "user": ["Egor"], "content_type": ["account", "userintereststhird"], "object_id": "4", "object_repr": "Научиться пользоваться AI для задач бизнес-консультантов", "action_flag": 2, "change_message": "[{\"changed\": {\"fields\": [\"\\u0418\\u043d\\u0442\\u0435\\u0440\\u0435\\u0441\"]}}]"}}, {"model": "admin.logentry", "pk": 164, "fields": {"action_time": "2024-04-22T13:19:57.218Z", "user": ["Egor"], "content_type": ["account", "userintereststhird"], "object_id": "5", "object_repr": "Получить крутые кейсы в портфолио", "action_flag": 1, "change_message": "[{\"added\": {}}]"}}, {"model": "admin.logentry", "pk": 165, "fields": {"action_time": "2024-04-22T13:20:04.328Z", "user": ["Egor"], "content_type": ["account", "userintereststhird"], "object_id": "6", "object_repr": "Получить оффер в крупную компанию", "action_flag": 1, "change_message": "[{\"added\": {}}]"}}, {"model": "admin.logentry", "pk": 166, "fields": {"action_time": "2024-04-22T13:20:22.402Z", "user": ["Egor"], "content_type": ["account", "userintereststhird"], "object_id": "7", "object_repr": "Получить оффер в технологический Start Up", "action_flag": 1, "change_message": "[{\"added\": {}}]"}}, {"model": "admin.logentry", "pk": 167, "fields": {"action_time": "2024-04-22T13:20:39.366Z", "user": ["Egor"], "content_type": ["account", "userintereststhird"], "object_id": "8", "object_repr": "Научиться выполнять широкий спектр заказов по бизнес-консультированию на Freelance", "action_flag": 1, "change_message": "[{\"added\": {}}]"}}, {"model": "admin.logentry", "pk": 168, "fields": {"action_time": "2024-04-22T13:20:47.033Z", "user": ["Egor"], "content_type": ["account", "userintereststhird"], "object_id": "9", "object_repr": "Получить релевантный опыт для запуска собственного проекта", "action_flag": 1, "change_message": "[{\"added\": {}}]"}}, {"model": "admin.logentry", "pk": 169, "fields": {"action_time": "2024-04-22T13:22:16.697Z", "user": ["Egor"], "content_type": ["account", "chapter"], "object_id": "2", "object_repr": "Использование Chat GPT", "action_flag": 2, "change_message": "[{\"changed\": {\"fields\": [\"\\u0422\\u0435\\u043c\\u0430\"]}}]"}}, {"model": "admin.logentry", "pk": 170, "fields": {"action_time": "2024-04-22T13:31:07.087Z", "user": ["Egor"], "content_type": ["account", "userinterestssecond"], "object_id": "13", "object_repr": "Marketplace", "action_flag": 3, "change_message": ""}}, {"model": "admin.logentry", "pk": 171, "fields": {"action_time": "2024-04-22T13:31:26.400Z", "user": ["Egor"], "content_type": ["account", "userinterestssecond"], "object_id": "18", "object_repr": "Web3", "action_flag": 3, "change_message": ""}}, {"model": "admin.logentry", "pk": 172, "fields": {"action_time": "2024-04-22T13:31:31.171Z", "user": ["Egor"], "content_type": ["account", "userinterestssecond"], "object_id": "20", "object_repr": "GameDev", "action_flag": 3, "change_message": ""}}, {"model": "admin.logentry", "pk": 173, "fields": {"action_time": "2024-04-22T13:31:43.909Z", "user": ["Egor"], "content_type": ["account", "userinterestssecond"], "object_id": "19", "object_repr": "IoT", "action_flag": 3, "change_message": ""}}, {"model": "admin.logentry", "pk": 174, "fields": {"action_time": "2024-04-22T13:32:01.495Z", "user": ["Egor"], "content_type": ["account", "userinterestssecond"], "object_id": "9", "object_repr": "GreenTech", "action_flag": 3, "change_message": ""}}, {"model": "admin.logentry", "pk": 175, "fields": {"action_time": "2024-04-22T13:32:09.421Z", "user": ["Egor"], "content_type": ["account", "userinterestssecond"], "object_id": "11", "object_repr": "Mental health", "action_flag": 3, "change_message": ""}}, {"model": "admin.logentry", "pk": 176, "fields": {"action_time": "2024-04-22T13:32:24.133Z", "user": ["Egor"], "content_type": ["account", "userinterestssecond"], "object_id": "17", "object_repr": "Foodtech", "action_flag": 3, "change_message": ""}}, {"model": "admin.logentry", "pk": 177, "fields": {"action_time": "2024-04-22T13:32:30.977Z", "user": ["Egor"], "content_type": ["account", "userinterestssecond"], "object_id": "8", "object_repr": "SpaceTech", "action_flag": 3, "change_message": ""}}, {"model": "admin.logentry", "pk": 178, "fields": {"action_time": "2024-04-22T13:32:35.061Z", "user": ["Egor"], "content_type": ["account", "userinterestssecond"], "object_id": "6", "object_repr": "Индустрия 4.0", "action_flag": 3, "change_message": ""}}, {"model": "admin.logentry", "pk": 179, "fields": {"action_time": "2024-04-22T13:32:53.922Z", "user": ["Egor"], "content_type": ["account", "userinterestssecond"], "object_id": "12", "object_repr": "Ed & HRTech", "action_flag": 3, "change_message": ""}}, {"model": "admin.logentry", "pk": 180, "fields": {"action_time": "2024-04-22T13:33:02.512Z", "user": ["Egor"], "content_type": ["account", "userinterestssecond"], "object_id": "7", "object_repr": "DeepTech", "action_flag": 3, "change_message": ""}}, {"model": "admin.logentry", "pk": 181, "fields": {"action_time": "2024-04-22T13:33:17.619Z", "user": ["Egor"], "content_type": ["account", "userinterestsfirst"], "object_id": "10", "object_repr": "Технический анализ (SQL, Phyton)", "action_flag": 3, "change_message": ""}}, {"model": "admin.logentry", "pk": 182, "fields": {"action_time": "2024-04-22T14:02:13.228Z", "user": ["Egor"], "content_type": ["account", "project"], "object_id": "8", "object_repr": "Операционные задачи", "action_flag": 2, "change_message": "[{\"changed\": {\"fields\": [\"\\u0421\\u043f\\u0435\\u0446\\u0438\\u0430\\u043b\\u0438\\u0441\\u0442\\u044b\"]}}]"}}, {"model": "admin.logentry", "pk": 183, "fields": {"action_time": "2024-04-22T14:02:43.946Z", "user": ["Egor"], "content_type": ["account", "project"], "object_id": "8", "object_repr": "Операционные задачи", "action_flag": 2, "change_message": "[{\"added\": {\"name\": \"\\u0417\\u0430\\u0434\\u0430\\u0447\\u0430 \\u0441\\u0442\\u0443\\u0434\\u0435\\u043d\\u0442\\u0430 \\u043f\\u043e \\u043f\\u0440\\u043e\\u0435\\u043a\\u0442\\u0443\", \"object\": \"Sergei Vasilchenko\"}}]"}}, {"model": "admin.logentry", "pk": 184, "fields": {"action_time": "2024-04-22T14:25:48.332Z", "user": ["Egor"], "content_type": ["account", "testtask"], "object_id": "1", "object_repr": "Расчет конкурентов", "action_flag": 2, "change_message": "[{\"added\": {\"name\": \"\\u041e\\u0442\\u0432\\u0435\\u0442\\u044b\", \"object\": \"None\"}}]"}}, {"model": "admin.logentry", "pk": 185, "fields": {"action_time": "2024-04-22T14:26:13.931Z", "user": ["Egor"], "content_type": ["account", "testtask"], "object_id": "1", "object_repr": "Расчет конкурентов", "action_flag": 2, "change_message": "[{\"changed\": {\"name\": \"\\u041e\\u0442\\u0432\\u0435\\u0442\\u044b\", \"object\": \"None\", \"fields\": [\"\\u041e\\u0442\\u0432\\u0435\\u0442 \\u0444\\u0430\\u0439\\u043b\\u043e\\u043c\"]}}]"}}, {"model": "admin.logentry", "pk": 186, "fields": {"action_time": "2024-04-22T14:26:37.324Z", "user": ["Egor"], "content_type": ["account", "testtask"], "object_id": "1", "object_repr": "Расчет конкурентов", "action_flag": 2, "change_message": "[{\"changed\": {\"name\": \"\\u041e\\u0442\\u0432\\u0435\\u0442\\u044b\", \"object\": \"https://app.redislabs.com/#/login\", \"fields\": [\"\\u041e\\u0442\\u0432\\u0435\\u0442 \\u0441\\u0441\\u044b\\u043b\\u043a\\u043e\\u0439\"]}}]"}}, {"model": "admin.logentry", "pk": 187, "fields": {"action_time": "2024-04-22T15:52:07.893Z", "user": ["Egor"], "content_type": ["account", "testtask"], "object_id": "1", "object_repr": "Расчет конкурентов", "action_flag": 2, "change_message": "[{\"deleted\": {\"name\": \"\\u041e\\u0442\\u0432\\u0435\\u0442\\u044b\", \"object\": \"https://app.redislabs.com/#/login\"}}]"}}, {"model": "admin.logentry", "pk": 188, "fields": {"action_time": "2024-04-23T09:59:19.036Z", "user": ["Egor"], "content_type": ["account", "student"], "object_id": "5", "object_repr": "test", "action_flag": 2, "change_message": "[{\"changed\": {\"fields\": [\"\\u041d\\u0438\\u043a \\u0432 \\u0422\\u0435\\u043b\\u0435\\u0433\\u0440\\u0430\\u043c\"]}}]"}}, {"model": "admin.logentry", "pk": 189, "fields": {"action_time": "2024-04-23T10:14:41.654Z", "user": ["Egor"], "content_type": ["account", "chapter"], "object_id": "3", "object_repr": "Анализ конкурентов", "action_flag": 1, "change_message": "[{\"added\": {}}]"}}, {"model": "admin.logentry", "pk": 190, "fields": {"action_time": "2024-04-23T10:14:51.472Z", "user": ["Egor"], "content_type": ["account", "undersection"], "object_id": "2", "object_repr": "Конкуренты", "action_flag": 1, "change_message": "[{\"added\": {}}]"}}, {"model": "admin.logentry", "pk": 191, "fields": {"action_time": "2024-04-23T10:15:33.317Z", "user": ["Egor"], "content_type": ["account", "file"], "object_id": "2", "object_repr": "Инструкция по анализу конкурентов", "action_flag": 1, "change_message": "[{\"added\": {}}]"}}, {"model": "admin.logentry", "pk": 192, "fields": {"action_time": "2024-04-23T10:15:44.395Z", "user": ["Egor"], "content_type": ["account", "file"], "object_id": "3", "object_repr": "Инструкция по анализу конкурентов", "action_flag": 1, "change_message": "[{\"added\": {}}]"}}, {"model": "admin.logentry", "pk": 193, "fields": {"action_time": "2024-04-23T10:18:26.475Z", "user": ["Egor"], "content_type": ["account", "dataknowledgegeneral"], "object_id": "3", "object_repr": "Анализ конкурентов - Конкуренты", "action_flag": 1, "change_message": "[{\"added\": {}}]"}}, {"model": "admin.logentry", "pk": 194, "fields": {"action_time": "2024-04-23T11:46:26.222Z", "user": ["Egor"], "content_type": ["account", "testtask"], "object_id": "2", "object_repr": "test 1", "action_flag": 3, "change_message": ""}}, {"model": "admin.logentry", "pk": 195, "fields": {"action_time": "2024-04-23T11:46:26.239Z", "user": ["Egor"], "content_type": ["account", "testtask"], "object_id": "1", "object_repr": "Расчет конкурентов", "action_flag": 3, "change_message": ""}}, {"model": "admin.logentry", "pk": 196, "fields": {"action_time": "2024-04-23T12:03:46.551Z", "user": ["Egor"], "content_type": ["account", "testtask"], "object_id": "1", "object_repr": "Название тестового", "action_flag": 1, "change_message": "[{\"added\": {}}, {\"added\": {\"name\": \"\\u041e\\u0446\\u0435\\u043d\\u043a\\u0430 \\u0442\\u0435\\u0441\\u0442\\u043e\\u0432\\u043e\\u0433\\u043e\", \"object\": \"None - \\u041d\\u0430\\u0437\\u0432\\u0430\\u043d\\u0438\\u0435 \\u0442\\u0435\\u0441\\u0442\\u043e\\u0432\\u043e\\u0433\\u043e\"}}]"}}, {"model": "admin.logentry", "pk": 197, "fields": {"action_time": "2024-04-23T12:04:29.530Z", "user": ["Egor"], "content_type": ["account", "testtask"], "object_id": "1", "object_repr": "Название тестового", "action_flag": 2, "change_message": "[{\"added\": {\"name\": \"\\u041e\\u0446\\u0435\\u043d\\u043a\\u0430 \\u0442\\u0435\\u0441\\u0442\\u043e\\u0432\\u043e\\u0433\\u043e\", \"object\": \"None - \\u041d\\u0430\\u0437\\u0432\\u0430\\u043d\\u0438\\u0435 \\u0442\\u0435\\u0441\\u0442\\u043e\\u0432\\u043e\\u0433\\u043e\"}}, {\"changed\": {\"name\": \"\\u041e\\u0446\\u0435\\u043d\\u043a\\u0430 \\u0442\\u0435\\u0441\\u0442\\u043e\\u0432\\u043e\\u0433\\u043e\", \"object\": \"Sergei Vasilchenko - \\u041d\\u0430\\u0437\\u0432\\u0430\\u043d\\u0438\\u0435 \\u0442\\u0435\\u0441\\u0442\\u043e\\u0432\\u043e\\u0433\\u043e\", \"fields\": [\"\\u0421\\u0442\\u0443\\u0434\\u0435\\u043d\\u0442\", \"\\u0412\\u044b\\u043f\\u043e\\u043b\\u043d\\u0435\\u043d\\u043d\\u043e\\u0435 \\u0437\\u0430\\u0434\\u0430\\u043d\\u0438\\u0435 (\\u0441\\u0441\\u044b\\u043b\\u043a\\u0430)\", \"\\u041e\\u0446\\u0435\\u043d\\u043a\\u0430\", \"Comment\"]}}]"}}, {"model": "admin.logentry", "pk": 198, "fields": {"action_time": "2024-04-23T12:05:14.234Z", "user": ["Egor"], "content_type": ["account", "testtask"], "object_id": "1", "object_repr": "Название тестового", "action_flag": 2, "change_message": "[{\"added\": {\"name\": \"\\u041e\\u0446\\u0435\\u043d\\u043a\\u0430 \\u0442\\u0435\\u0441\\u0442\\u043e\\u0432\\u043e\\u0433\\u043e\", \"object\": \"None - \\u041d\\u0430\\u0437\\u0432\\u0430\\u043d\\u0438\\u0435 \\u0442\\u0435\\u0441\\u0442\\u043e\\u0432\\u043e\\u0433\\u043e\"}}, {\"changed\": {\"name\": \"\\u041e\\u0446\\u0435\\u043d\\u043a\\u0430 \\u0442\\u0435\\u0441\\u0442\\u043e\\u0432\\u043e\\u0433\\u043e\", \"object\": \"Sergei Vasilchenko - \\u041d\\u0430\\u0437\\u0432\\u0430\\u043d\\u0438\\u0435 \\u0442\\u0435\\u0441\\u0442\\u043e\\u0432\\u043e\\u0433\\u043e\", \"fields\": [\"\\u041e\\u0446\\u0435\\u043d\\u043a\\u0430\"]}}]"}}, {"model": "admin.logentry", "pk": 199, "fields": {"action_time": "2024-04-23T12:05:49.009Z", "user": ["Egor"], "content_type": ["account", "testtask"], "object_id": "1", "object_repr": "Название тестового", "action_flag": 2, "change_message": "[{\"added\": {\"name\": \"\\u041e\\u0446\\u0435\\u043d\\u043a\\u0430 \\u0442\\u0435\\u0441\\u0442\\u043e\\u0432\\u043e\\u0433\\u043e\", \"object\": \"None - \\u041d\\u0430\\u0437\\u0432\\u0430\\u043d\\u0438\\u0435 \\u0442\\u0435\\u0441\\u0442\\u043e\\u0432\\u043e\\u0433\\u043e\"}}]"}}, {"model": "admin.logentry", "pk": 200, "fields": {"action_time": "2024-04-23T13:08:41.306Z", "user": ["Egor"], "content_type": ["account", "university"], "object_id": "4", "object_repr": "Другое", "action_flag": 1, "change_message": "[{\"added\": {}}]"}}, {"model": "admin.logentry", "pk": 201, "fields": {"action_time": "2024-04-23T13:28:17.214Z", "user": ["Egor"], "content_type": ["account", "student"], "object_id": "5", "object_repr": "test", "action_flag": 3, "change_message": ""}}, {"model": "admin.logentry", "pk": 202, "fields": {"action_time": "2024-04-23T13:55:39.554Z", "user": ["Egor"], "content_type": ["account", "university"], "object_id": "4", "object_repr": "Другое", "action_flag": 3, "change_message": ""}}, {"model": "admin.logentry", "pk": 203, "fields": {"action_time": "2024-04-23T15:19:13.430Z", "user": ["Egor"], "content_type": ["account", "dataknowledgegeneral"], "object_id": "2", "object_repr": "Использование Chat GPT - Инвестиции", "action_flag": 2, "change_message": "[{\"changed\": {\"fields\": [\"\\u0424\\u0430\\u0439\\u043b\\u044b\"]}}]"}}, {"model": "admin.logentry", "pk": 204, "fields": {"action_time": "2024-04-23T15:19:53.086Z", "user": ["Egor"], "content_type": ["account", "dataknowledgegeneral"], "object_id": "2", "object_repr": "Использование Chat GPT - Инвестиции", "action_flag": 2, "change_message": "[{\"changed\": {\"fields\": [\"\\u0424\\u0430\\u0439\\u043b\\u044b\"]}}]"}}, {"model": "admin.logentry", "pk": 205, "fields": {"action_time": "2024-04-23T15:20:00.918Z", "user": ["Egor"], "content_type": ["account", "dataknowledgefree"], "object_id": "2", "object_repr": "Оценка - Инвестиции", "action_flag": 2, "change_message": "[{\"changed\": {\"fields\": [\"\\u0424\\u0430\\u0439\\u043b\\u044b\"]}}]"}}, {"model": "admin.logentry", "pk": 206, "fields": {"action_time": "2024-04-23T15:20:09.421Z", "user": ["Egor"], "content_type": ["account", "dataknowledgefree"], "object_id": "2", "object_repr": "Оценка - Инвестиции", "action_flag": 2, "change_message": "[{\"changed\": {\"fields\": [\"\\u0424\\u0430\\u0439\\u043b\\u044b\"]}}]"}}, {"model": "admin.logentry", "pk": 207, "fields": {"action_time": "2024-04-24T07:18:35.797Z", "user": ["Egor"], "content_type": ["auth", "group"], "object_id": "2", "object_repr": "group", "action_flag": 1, "change_message": "[{\"added\": {}}]"}}, {"model": "admin.logentry", "pk": 208, "fields": {"action_time": "2024-04-24T07:19:07.559Z", "user": ["Egor"], "content_type": ["auth", "group"], "object_id": "2", "object_repr": "group", "action_flag": 2, "change_message": "[{\"changed\": {\"fields\": [\"Permissions\"]}}]"}}, {"model": "admin.logentry", "pk": 209, "fields": {"action_time": "2024-04-24T07:21:55.209Z", "user": ["Egor"], "content_type": ["account", "customuser"], "object_id": "3", "object_repr": "admin", "action_flag": 1, "change_message": "[{\"added\": {}}]"}}, {"model": "admin.logentry", "pk": 210, "fields": {"action_time": "2024-04-24T07:22:33.316Z", "user": ["Egor"], "content_type": ["account", "customuser"], "object_id": "3", "object_repr": "admin", "action_flag": 2, "change_message": "[{\"changed\": {\"fields\": [\"\\u0422\\u0435\\u043a\\u0443\\u0449\\u0438\\u0439 \\u0441\\u0442\\u0430\\u0442\\u0443\\u0441\", \"Groups\"]}}]"}}, {"model": "admin.logentry", "pk": 211, "fields": {"action_time": "2024-04-24T07:23:49.390Z", "user": ["Egor"], "content_type": ["account", "customuser"], "object_id": "3", "object_repr": "admin", "action_flag": 2, "change_message": "[{\"changed\": {\"fields\": [\"password\"]}}]"}}, {"model": "admin.logentry", "pk": 212, "fields": {"action_time": "2024-04-24T07:25:28.285Z", "user": ["Egor"], "content_type": ["account", "customuser"], "object_id": "3", "object_repr": "admin", "action_flag": 2, "change_message": "[{\"changed\": {\"fields\": [\"password\"]}}]"}}, {"model": "admin.logentry", "pk": 213, "fields": {"action_time": "2024-04-24T07:26:56.988Z", "user": ["Egor"], "content_type": ["account", "customuser"], "object_id": "3", "object_repr": "admin", "action_flag": 2, "change_message": "[{\"changed\": {\"fields\": [\"password\"]}}]"}}, {"model": "admin.logentry", "pk": 214, "fields": {"action_time": "2024-04-24T07:27:12.232Z", "user": ["Egor"], "content_type": ["account", "customuser"], "object_id": "3", "object_repr": "adminm", "action_flag": 2, "change_message": "[{\"changed\": {\"fields\": [\"Username\"]}}]"}}, {"model": "admin.logentry", "pk": 215, "fields": {"action_time": "2024-04-24T07:31:04.219Z", "user": ["Egor"], "content_type": ["account", "customuser"], "object_id": "4", "object_repr": "milto", "action_flag": 1, "change_message": "[{\"added\": {}}]"}}, {"model": "admin.logentry", "pk": 216, "fields": {"action_time": "2024-04-24T07:31:18.636Z", "user": ["Egor"], "content_type": ["account", "customuser"], "object_id": "4", "object_repr": "milto", "action_flag": 2, "change_message": "[{\"changed\": {\"fields\": [\"\\u0421\\u043a\\u043e\\u043b\\u044c\\u043a\\u043e \\u0447\\u0430\\u0441\\u043e\\u0432 \\u0433\\u043e\\u0442\\u043e\\u0432\\u044b \\u0443\\u0434\\u0435\\u043b\\u044f\\u0442\\u044c \\u0432 \\u043d\\u0435\\u0434\\u0435\\u043b\\u044e\", \"\\u0422\\u0435\\u043a\\u0443\\u0449\\u0438\\u0439 \\u0441\\u0442\\u0430\\u0442\\u0443\\u0441\", \"Groups\"]}}]"}}, {"model": "admin.logentry", "pk": 217, "fields": {"action_time": "2024-04-24T08:42:24.500Z", "user": ["Egor"], "content_type": ["account", "dataknowledgegeneral"], "object_id": "3", "object_repr": "Анализ конкурентов - Конкуренты", "action_flag": 2, "change_message": "[]"}}, {"model": "admin.logentry", "pk": 218, "fields": {"action_time": "2024-04-24T11:21:33.981Z", "user": ["Egor"], "content_type": ["account", "customuser"], "object_id": "5", "object_repr": "error", "action_flag": 1, "change_message": "[{\"added\": {}}]"}}, {"model": "admin.logentry", "pk": 219, "fields": {"action_time": "2024-04-24T11:21:54.079Z", "user": ["Egor"], "content_type": ["account", "customuser"], "object_id": "5", "object_repr": "error", "action_flag": 2, "change_message": "[{\"changed\": {\"fields\": [\"\\u0422\\u0435\\u043a\\u0443\\u0449\\u0438\\u0439 \\u0441\\u0442\\u0430\\u0442\\u0443\\u0441\", \"Groups\"]}}]"}}, {"model": "admin.logentry", "pk": 220, "fields": {"action_time": "2024-04-24T11:30:05.291Z", "user": ["Egor"], "content_type": ["account", "customuser"], "object_id": "4", "object_repr": "milto", "action_flag": 2, "change_message": "[{\"changed\": {\"fields\": [\"password\"]}}]"}}, {"model": "admin.logentry", "pk": 221, "fields": {"action_time": "2024-04-24T13:08:40.287Z", "user": ["Egor"], "content_type": ["account", "customuser"], "object_id": "4", "object_repr": "milto", "action_flag": 2, "change_message": "[{\"changed\": {\"fields\": [\"Staff status\"]}}]"}}, {"model": "admin.logentry", "pk": 222, "fields": {"action_time": "2024-04-25T09:57:03.018Z", "user": ["Egor"], "content_type": ["account", "taskstudent"], "object_id": "20", "object_repr": "Daria Sigida", "action_flag": 1, "change_message": "[{\"added\": {}}]"}}, {"model": "admin.logentry", "pk": 223, "fields": {"action_time": "2024-04-25T10:00:23.730Z", "user": ["Egor"], "content_type": ["account", "taskstudent"], "object_id": "20", "object_repr": "Daria Sigida", "action_flag": 2, "change_message": "[{\"added\": {\"name\": \"\\u0421\\u0442\\u0430\\u0442\\u0443\\u0441 \\u0437\\u0430\\u0434\\u0430\\u0447\\u0438 \\u0441\\u0442\\u0443\\u0434\\u0435\\u043d\\u0442\\u0430\", \"object\": \"Daria Sigida\"}}]"}}, {"model": "admin.logentry", "pk": 224, "fields": {"action_time": "2024-04-25T10:00:41.182Z", "user": ["Egor"], "content_type": ["account", "project"], "object_id": "4", "object_repr": "Davron ВНЖ", "action_flag": 3, "change_message": ""}}, {"model": "admin.logentry", "pk": 225, "fields": {"action_time": "2024-04-25T10:01:14.018Z", "user": ["Egor"], "content_type": ["account", "project"], "object_id": "9", "object_repr": "Pet проект", "action_flag": 1, "change_message": "[{\"added\": {}}, {\"added\": {\"name\": \"\\u0417\\u0430\\u0434\\u0430\\u0447\\u0430 \\u0441\\u0442\\u0443\\u0434\\u0435\\u043d\\u0442\\u0430 \\u043f\\u043e \\u043f\\u0440\\u043e\\u0435\\u043a\\u0442\\u0443\", \"object\": \"Daria Sigida\"}}]"}}, {"model": "admin.logentry", "pk": 226, "fields": {"action_time": "2024-04-25T17:03:17.157Z", "user": ["Egor"], "content_type": ["account", "student"], "object_id": "18", "object_repr": "test", "action_flag": 3, "change_message": ""}}, {"model": "admin.logentry", "pk": 227, "fields": {"action_time": "2024-04-25T17:04:42.900Z", "user": ["Egor"], "content_type": ["account", "university"], "object_id": "5", "object_repr": "Другое", "action_flag": 1, "change_message": "[{\"added\": {}}]"}}, {"model": "admin.logentry", "pk": 228, "fields": {"action_time": "2024-04-25T17:05:20.401Z", "user": ["Egor"], "content_type": ["account", "university"], "object_id": "5", "object_repr": "Другое", "action_flag": 3, "change_message": ""}}, {"model": "admin.logentry", "pk": 229, "fields": {"action_time": "2024-04-25T17:19:03.560Z", "user": ["Egor"], "content_type": ["account", "university"], "object_id": "6", "object_repr": "Другое", "action_flag": 1, "change_message": "[{\"added\": {}}]"}}, {"model": "admin.logentry", "pk": 230, "fields": {"action_time": "2024-04-29T13:50:42.651Z", "user": ["Egor"], "content_type": ["account", "testtask"], "object_id": "1", "object_repr": "Название тестового", "action_flag": 2, "change_message": "[{\"changed\": {\"fields\": [\"\\u0421\\u0441\\u044b\\u043b\\u043a\\u0430 \\u043d\\u0430 \\u0437\\u0430\\u0434\\u0430\\u043d\\u0438\\u0435\"]}}, {\"added\": {\"name\": \"\\u041e\\u0446\\u0435\\u043d\\u043a\\u0430 \\u0442\\u0435\\u0441\\u0442\\u043e\\u0432\\u043e\\u0433\\u043e\", \"object\": \"None - \\u041d\\u0430\\u0437\\u0432\\u0430\\u043d\\u0438\\u0435 \\u0442\\u0435\\u0441\\u0442\\u043e\\u0432\\u043e\\u0433\\u043e\"}}]"}}, {"model": "admin.logentry", "pk": 231, "fields": {"action_time": "2024-04-30T07:59:22.680Z", "user": ["Egor"], "content_type": ["account", "chapter"], "object_id": "4", "object_repr": "Test", "action_flag": 1, "change_message": "[{\"added\": {}}]"}}, {"model": "admin.logentry", "pk": 232, "fields": {"action_time": "2024-04-30T07:59:31.921Z", "user": ["Egor"], "content_type": ["account", "undersection"], "object_id": "3", "object_repr": "Test", "action_flag": 1, "change_message": "[{\"added\": {}}]"}}, {"model": "admin.logentry", "pk": 233, "fields": {"action_time": "2024-04-30T08:00:30.824Z", "user": ["Egor"], "content_type": ["account", "chapter"], "object_id": "4", "object_repr": "Test topic", "action_flag": 2, "change_message": "[{\"changed\": {\"fields\": [\"\\u0422\\u0435\\u043c\\u0430\"]}}]"}}, {"model": "admin.logentry", "pk": 234, "fields": {"action_time": "2024-04-30T08:00:46.565Z", "user": ["Egor"], "content_type": ["account", "undersection"], "object_id": "3", "object_repr": "Test section", "action_flag": 2, "change_message": "[{\"changed\": {\"fields\": [\"\\u0420\\u0430\\u0437\\u0434\\u0435\\u043b\"]}}]"}}, {"model": "admin.logentry", "pk": 235, "fields": {"action_time": "2024-04-30T08:02:02.387Z", "user": ["Egor"], "content_type": ["account", "file"], "object_id": "4", "object_repr": "FAF681AN67F1KRX_98.mp4", "action_flag": 1, "change_message": "[{\"added\": {}}]"}}, {"model": "admin.logentry", "pk": 236, "fields": {"action_time": "2024-04-30T08:02:06.117Z", "user": ["Egor"], "content_type": ["account", "dataknowledgegeneral"], "object_id": "4", "object_repr": "Test topic - Test section", "action_flag": 1, "change_message": "[{\"added\": {}}]"}}, {"model": "admin.logentry", "pk": 237, "fields": {"action_time": "2024-04-30T08:07:10.493Z", "user": ["Egor"], "content_type": ["account", "customuser"], "object_id": "3", "object_repr": "adminm", "action_flag": 3, "change_message": ""}}, {"model": "admin.logentry", "pk": 238, "fields": {"action_time": "2024-04-30T08:08:13.854Z", "user": ["Egor"], "content_type": ["auth", "group"], "object_id": "2", "object_repr": "group", "action_flag": 2, "change_message": "[{\"changed\": {\"fields\": [\"Permissions\"]}}]"}}, {"model": "admin.logentry", "pk": 239, "fields": {"action_time": "2024-04-30T16:16:38.746Z", "user": ["Egor"], "content_type": ["account", "project"], "object_id": "9", "object_repr": "Pet проект", "action_flag": 2, "change_message": "[{\"changed\": {\"name\": \"\\u0417\\u0430\\u0434\\u0430\\u0447\\u0430 \\u0441\\u0442\\u0443\\u0434\\u0435\\u043d\\u0442\\u0430 \\u043f\\u043e \\u043f\\u0440\\u043e\\u0435\\u043a\\u0442\\u0443\", \"object\": \"Daria Sigida\", \"fields\": [\"\\u041b\\u0438\\u0447\\u043d\\u0430\\u044f \\u043e\\u0446\\u0435\\u043d\\u043a\\u0430\", \"\\u0421\\u043e\\u0431\\u043b\\u044e\\u0434\\u0435\\u043d\\u0438\\u0435 \\u0434\\u0435\\u0434\\u043b\\u0430\\u0439\\u043d\\u043e\\u0432\", \"\\u0420\\u0435\\u043a\\u043e\\u043c\\u0435\\u043d\\u0434\\u0430\\u0446\\u0438\\u044f \\u043c\\u0435\\u043d\\u0435\\u0434\\u0436\\u0435\\u0440\\u0430\"]}}]"}}, {"model": "admin.logentry", "pk": 240, "fields": {"action_time": "2024-04-30T16:17:40.964Z", "user": ["Egor"], "content_type": ["account", "taskstudent"], "object_id": "21", "object_repr": "Daria Sigida", "action_flag": 2, "change_message": "[{\"changed\": {\"fields\": [\"\\u041b\\u0438\\u0447\\u043d\\u0430\\u044f \\u043e\\u0446\\u0435\\u043d\\u043a\\u0430\", \"\\u0421\\u043e\\u0431\\u043b\\u044e\\u0434\\u0435\\u043d\\u0438\\u0435 \\u0434\\u0435\\u0434\\u043b\\u0430\\u0439\\u043d\\u043e\\u0432\", \"\\u0420\\u0435\\u043a\\u043e\\u043c\\u0435\\u043d\\u0434\\u0430\\u0446\\u0438\\u044f \\u043c\\u0435\\u043d\\u0435\\u0434\\u0436\\u0435\\u0440\\u0430\"]}}]"}}, {"model": "admin.logentry", "pk": 241, "fields": {"action_time": "2024-05-01T16:07:54.534Z", "user": ["Egor"], "content_type": ["account", "student"], "object_id": "9", "object_repr": "Николаев Егор", "action_flag": 3, "change_message": ""}}, {"model": "admin.logentry", "pk": 242, "fields": {"action_time": "2024-05-02T08:07:09.423Z", "user": ["Egor"], "content_type": ["account", "chapter"], "object_id": "5", "object_repr": "CustDev", "action_flag": 1, "change_message": "[{\"added\": {}}]"}}, {"model": "admin.logentry", "pk": 243, "fields": {"action_time": "2024-05-02T08:07:19.048Z", "user": ["Egor"], "content_type": ["account", "undersection"], "object_id": "4", "object_repr": "Вебинары", "action_flag": 1, "change_message": "[{\"added\": {}}]"}}, {"model": "admin.logentry", "pk": 244, "fields": {"action_time": "2024-05-02T08:07:29.434Z", "user": ["Egor"], "content_type": ["account", "dataknowledgegeneral"], "object_id": "5", "object_repr": "CustDev - Вебинары", "action_flag": 1, "change_message": "[{\"added\": {}}]"}}, {"model": "admin.logentry", "pk": 245, "fields": {"action_time": "2024-05-15T13:18:22.293Z", "user": ["Egor"], "content_type": ["account", "student"], "object_id": "32", "object_repr": "test", "action_flag": 3, "change_message": ""}}, {"model": "admin.logentry", "pk": 246, "fields": {"action_time": "2024-05-15T13:39:04.006Z", "user": ["Egor"], "content_type": ["account", "student"], "object_id": "37", "object_repr": "test", "action_flag": 3, "change_message": ""}}, {"model": "admin.logentry", "pk": 247, "fields": {"action_time": "2024-05-18T08:34:45.077Z", "user": ["Egor"], "content_type": ["account", "student"], "object_id": "38", "object_repr": "test", "action_flag": 3, "change_message": ""}}, {"model": "admin.logentry", "pk": 248, "fields": {"action_time": "2024-05-21T20:51:06.808Z", "user": ["Egor"], "content_type": ["account", "student"], "object_id": "39", "object_repr": "test", "action_flag": 3, "change_message": ""}}, {"model": "admin.logentry", "pk": 249, "fields": {"action_time": "2024-05-29T10:31:46.095Z", "user": ["Egor"], "content_type": ["account", "student"], "object_id": "6", "object_repr": "Miltiadis Kiourntzidis", "action_flag": 3, "change_message": ""}}, {"model": "admin.logentry", "pk": 250, "fields": {"action_time": "2024-05-29T10:36:25.468Z", "user": ["Egor"], "content_type": ["account", "student"], "object_id": "42", "object_repr": "Мильто", "action_flag": 3, "change_message": ""}}, {"model": "admin.logentry", "pk": 251, "fields": {"action_time": "2024-05-29T12:04:24.763Z", "user": ["Egor"], "content_type": ["account", "mailing"], "object_id": "1", "object_repr": "title", "action_flag": 1, "change_message": "[{\"added\": {}}]"}}, {"model": "admin.logentry", "pk": 252, "fields": {"action_time": "2024-05-29T12:06:59.556Z", "user": ["Egor"], "content_type": ["account", "mailing"], "object_id": "2", "object_repr": "title 1", "action_flag": 1, "change_message": "[{\"added\": {}}]"}}, {"model": "admin.logentry", "pk": 253, "fields": {"action_time": "2024-05-29T12:09:49.752Z", "user": ["Egor"], "content_type": ["account", "student"], "object_id": "13", "object_repr": "Sergei Vasilchenko", "action_flag": 3, "change_message": ""}}, {"model": "admin.logentry", "pk": 254, "fields": {"action_time": "2024-05-29T12:20:38.020Z", "user": ["Egor"], "content_type": ["account", "student"], "object_id": "44", "object_repr": "Сер Вас", "action_flag": 1, "change_message": "[{\"added\": {}}]"}}, {"model": "admin.logentry", "pk": 255, "fields": {"action_time": "2024-05-29T12:21:27.827Z", "user": ["Egor"], "content_type": ["account", "student"], "object_id": "44", "object_repr": "Сер Вас", "action_flag": 3, "change_message": ""}}, {"model": "admin.logentry", "pk": 256, "fields": {"action_time": "2024-05-29T12:26:56.139Z", "user": ["Egor"], "content_type": ["account", "testtaskevaluation"], "object_id": "5", "object_repr": "None - Название тестового", "action_flag": 3, "change_message": ""}}, {"model": "admin.logentry", "pk": 257, "fields": {"action_time": "2024-05-29T12:26:56.144Z", "user": ["Egor"], "content_type": ["account", "testtaskevaluation"], "object_id": "4", "object_repr": "None - Название тестового", "action_flag": 3, "change_message": ""}}, {"model": "admin.logentry", "pk": 258, "fields": {"action_time": "2024-05-29T12:26:56.150Z", "user": ["Egor"], "content_type": ["account", "testtaskevaluation"], "object_id": "3", "object_repr": "None - Название тестового", "action_flag": 3, "change_message": ""}}, {"model": "admin.logentry", "pk": 259, "fields": {"action_time": "2024-05-29T12:26:56.155Z", "user": ["Egor"], "content_type": ["account", "testtaskevaluation"], "object_id": "2", "object_repr": "None - Название тестового", "action_flag": 3, "change_message": ""}}, {"model": "admin.logentry", "pk": 260, "fields": {"action_time": "2024-05-29T12:32:41.195Z", "user": ["Egor"], "content_type": ["account", "student"], "object_id": "43", "object_repr": "Мильто", "action_flag": 3, "change_message": ""}}, {"model": "admin.logentry", "pk": 261, "fields": {"action_time": "2024-05-29T12:38:47.379Z", "user": ["Egor"], "content_type": ["account", "testtask"], "object_id": "1", "object_repr": "Название тестового", "action_flag": 3, "change_message": ""}}, {"model": "admin.logentry", "pk": 262, "fields": {"action_time": "2024-05-29T12:39:10.658Z", "user": ["Egor"], "content_type": ["account", "testtask"], "object_id": "2", "object_repr": "Test 1", "action_flag": 1, "change_message": "[{\"added\": {}}]"}}, {"model": "admin.logentry", "pk": 263, "fields": {"action_time": "2024-05-29T12:39:42.155Z", "user": ["Egor"], "content_type": ["account", "student"], "object_id": "46", "object_repr": "Milto", "action_flag": 3, "change_message": ""}}, {"model": "admin.logentry", "pk": 264, "fields": {"action_time": "2024-05-29T12:50:04.863Z", "user": ["Egor"], "content_type": ["account", "student"], "object_id": "40", "object_repr": "test", "action_flag": 3, "change_message": ""}}, {"model": "admin.logentry", "pk": 265, "fields": {"action_time": "2024-05-29T12:58:22.497Z", "user": ["Egor"], "content_type": ["account", "student"], "object_id": "48", "object_repr": "test", "action_flag": 3, "change_message": ""}}, {"model": "admin.logentry", "pk": 266, "fields": {"action_time": "2024-05-29T13:03:35.085Z", "user": ["Egor"], "content_type": ["account", "student"], "object_id": "49", "object_repr": "test", "action_flag": 3, "change_message": ""}}, {"model": "admin.logentry", "pk": 267, "fields": {"action_time": "2024-05-29T13:06:27.941Z", "user": ["Egor"], "content_type": ["account", "student"], "object_id": "50", "object_repr": "test", "action_flag": 3, "change_message": ""}}, {"model": "admin.logentry", "pk": 268, "fields": {"action_time": "2024-05-29T13:09:53.532Z", "user": ["Egor"], "content_type": ["account", "testtaskevaluation"], "object_id": "13", "object_repr": "test - Test 1", "action_flag": 2, "change_message": "[{\"changed\": {\"fields\": [\"\\u041e\\u0446\\u0435\\u043d\\u043a\\u0430\"]}}]"}}, {"model": "admin.logentry", "pk": 269, "fields": {"action_time": "2024-05-29T13:57:58.531Z", "user": ["Egor"], "content_type": ["account", "testtaskevaluation"], "object_id": "13", "object_repr": "test - Test 1", "action_flag": 2, "change_message": "[{\"changed\": {\"fields\": [\"\\u041e\\u0446\\u0435\\u043d\\u043a\\u0430\"]}}]"}}, {"model": "admin.logentry", "pk": 270, "fields": {"action_time": "2024-05-29T13:58:15.732Z", "user": ["Egor"], "content_type": ["account", "testtaskevaluation"], "object_id": "13", "object_repr": "test - Test 1", "action_flag": 2, "change_message": "[{\"changed\": {\"fields\": [\"\\u041e\\u0446\\u0435\\u043d\\u043a\\u0430\"]}}]"}}, {"model": "admin.logentry", "pk": 271, "fields": {"action_time": "2024-05-29T13:58:25.430Z", "user": ["Egor"], "content_type": ["account", "testtaskevaluation"], "object_id": "13", "object_repr": "test - Test 1", "action_flag": 2, "change_message": "[{\"changed\": {\"fields\": [\"\\u041e\\u0446\\u0435\\u043d\\u043a\\u0430\"]}}]"}}, {"model": "admin.logentry", "pk": 272, "fields": {"action_time": "2024-05-29T14:02:08.775Z", "user": ["Egor"], "content_type": ["account", "student"], "object_id": "47", "object_repr": "Milto", "action_flag": 3, "change_message": ""}}, {"model": "admin.logentry", "pk": 273, "fields": {"action_time": "2024-05-29T14:13:46.151Z", "user": ["Egor"], "content_type": ["account", "testtaskevaluation"], "object_id": "13", "object_repr": "test - Test 1", "action_flag": 2, "change_message": "[{\"changed\": {\"fields\": [\"\\u041e\\u0446\\u0435\\u043d\\u043a\\u0430\"]}}]"}}, {"model": "admin.logentry", "pk": 274, "fields": {"action_time": "2024-05-29T14:17:26.659Z", "user": ["Egor"], "content_type": ["account", "testtaskevaluation"], "object_id": "13", "object_repr": "test - Test 1", "action_flag": 3, "change_message": ""}}, {"model": "admin.logentry", "pk": 275, "fields": {"action_time": "2024-05-29T14:17:38.401Z", "user": ["Egor"], "content_type": ["account", "student"], "object_id": "51", "object_repr": "test", "action_flag": 3, "change_message": ""}}, {"model": "admin.logentry", "pk": 276, "fields": {"action_time": "2024-05-29T14:31:01.975Z", "user": ["Egor"], "content_type": ["account", "student"], "object_id": "53", "object_repr": "test", "action_flag": 3, "change_message": ""}}, {"model": "admin.logentry", "pk": 277, "fields": {"action_time": "2024-05-29T14:37:24.242Z", "user": ["Egor"], "content_type": ["account", "student"], "object_id": "54", "object_repr": "test", "action_flag": 3, "change_message": ""}}, {"model": "admin.logentry", "pk": 278, "fields": {"action_time": "2024-05-29T14:41:56.400Z", "user": ["Egor"], "content_type": ["account", "student"], "object_id": "55", "object_repr": "test", "action_flag": 3, "change_message": ""}}, {"model": "admin.logentry", "pk": 279, "fields": {"action_time": "2024-05-29T14:45:11.907Z", "user": ["Egor"], "content_type": ["account", "student"], "object_id": "52", "object_repr": "Milto", "action_flag": 3, "change_message": ""}}, {"model": "admin.logentry", "pk": 280, "fields": {"action_time": "2024-05-29T14:46:49.969Z", "user": ["Egor"], "content_type": ["account", "testtaskevaluation"], "object_id": "18", "object_repr": "test - Test 1", "action_flag": 2, "change_message": "[{\"changed\": {\"fields\": [\"\\u041e\\u0446\\u0435\\u043d\\u043a\\u0430\"]}}]"}}, {"model": "admin.logentry", "pk": 281, "fields": {"action_time": "2024-05-29T14:51:54.781Z", "user": ["Egor"], "content_type": ["account", "testtaskevaluation"], "object_id": "19", "object_repr": "M - Test 1", "action_flag": 2, "change_message": "[{\"changed\": {\"fields\": [\"\\u041e\\u0446\\u0435\\u043d\\u043a\\u0430\", \"\\u0421\\u0442\\u0430\\u0442\\u0443\\u0441\", \"\\u0421\\u043e\\u043e\\u0431\\u0449\\u0435\\u043d\\u0438\\u0435\"]}}]"}}, {"model": "admin.logentry", "pk": 282, "fields": {"action_time": "2024-05-29T14:55:54.632Z", "user": ["Egor"], "content_type": ["account", "student"], "object_id": "57", "object_repr": "M", "action_flag": 3, "change_message": ""}}, {"model": "admin.logentry", "pk": 283, "fields": {"action_time": "2024-05-29T15:04:02.689Z", "user": ["Egor"], "content_type": ["account", "testtask"], "object_id": "3", "object_repr": "Test 2", "action_flag": 1, "change_message": "[{\"added\": {}}]"}}, {"model": "admin.logentry", "pk": 284, "fields": {"action_time": "2024-05-29T15:04:45.529Z", "user": ["Egor"], "content_type": ["account", "testtask"], "object_id": "4", "object_repr": "Test 3", "action_flag": 1, "change_message": "[{\"added\": {}}]"}}, {"model": "admin.logentry", "pk": 285, "fields": {"action_time": "2024-05-29T15:05:48.298Z", "user": ["Egor"], "content_type": ["account", "testtask"], "object_id": "5", "object_repr": "Test 4", "action_flag": 1, "change_message": "[{\"added\": {}}]"}}, {"model": "admin.logentry", "pk": 286, "fields": {"action_time": "2024-05-29T15:05:48.516Z", "user": ["Egor"], "content_type": ["account", "testtask"], "object_id": "6", "object_repr": "Test 4", "action_flag": 1, "change_message": "[{\"added\": {}}]"}}, {"model": "admin.logentry", "pk": 287, "fields": {"action_time": "2024-05-29T15:05:55.049Z", "user": ["Egor"], "content_type": ["account", "testtask"], "object_id": "6", "object_repr": "Test 4", "action_flag": 3, "change_message": ""}}, {"model": "admin.logentry", "pk": 288, "fields": {"action_time": "2024-05-29T15:08:08.771Z", "user": ["Egor"], "content_type": ["account", "student"], "object_id": "56", "object_repr": "test", "action_flag": 3, "change_message": ""}}, {"model": "admin.logentry", "pk": 289, "fields": {"action_time": "2024-05-29T15:09:23.991Z", "user": ["Egor"], "content_type": ["account", "testtaskevaluation"], "object_id": "20", "object_repr": "test - Test 4", "action_flag": 2, "change_message": "[{\"changed\": {\"fields\": [\"\\u041e\\u0446\\u0435\\u043d\\u043a\\u0430\"]}}]"}}, {"model": "admin.logentry", "pk": 290, "fields": {"action_time": "2024-05-30T10:09:38.104Z", "user": ["Egor"], "content_type": ["account", "testtask"], "object_id": "5", "object_repr": "Test 4", "action_flag": 3, "change_message": ""}}, {"model": "admin.logentry", "pk": 291, "fields": {"action_time": "2024-05-30T10:09:38.111Z", "user": ["Egor"], "content_type": ["account", "testtask"], "object_id": "4", "object_repr": "Test 3", "action_flag": 3, "change_message": ""}}, {"model": "admin.logentry", "pk": 292, "fields": {"action_time": "2024-05-30T10:09:38.115Z", "user": ["Egor"], "content_type": ["account", "testtask"], "object_id": "3", "object_repr": "Test 2", "action_flag": 3, "change_message": ""}}, {"model": "admin.logentry", "pk": 293, "fields": {"action_time": "2024-05-30T10:09:38.120Z", "user": ["Egor"], "content_type": ["account", "testtask"], "object_id": "2", "object_repr": "Test 1", "action_flag": 3, "change_message": ""}}, {"model": "admin.logentry", "pk": 294, "fields": {"action_time": "2024-05-30T10:11:02.085Z", "user": ["Egor"], "content_type": ["account", "testtask"], "object_id": "7", "object_repr": "Расчет рынка", "action_flag": 1, "change_message": "[{\"added\": {}}]"}}, {"model": "admin.logentry", "pk": 295, "fields": {"action_time": "2024-05-30T10:11:33.530Z", "user": ["Egor"], "content_type": ["account", "testtask"], "object_id": "8", "object_repr": "Анализ конкурентов", "action_flag": 1, "change_message": "[{\"added\": {}}]"}}, {"model": "admin.logentry", "pk": 296, "fields": {"action_time": "2024-05-30T10:12:52.770Z", "user": ["Egor"], "content_type": ["account", "testtask"], "object_id": "9", "object_repr": "Разработка УТП", "action_flag": 1, "change_message": "[{\"added\": {}}]"}}, {"model": "admin.logentry", "pk": 297, "fields": {"action_time": "2024-05-30T10:14:11.282Z", "user": ["Egor"], "content_type": ["account", "testtask"], "object_id": "10", "object_repr": "CustDev", "action_flag": 1, "change_message": "[{\"added\": {}}]"}}, {"model": "admin.logentry", "pk": 298, "fields": {"action_time": "2024-05-30T10:19:28.612Z", "user": ["Egor"], "content_type": ["account", "student"], "object_id": "59", "object_repr": "test", "action_flag": 3, "change_message": ""}}, {"model": "admin.logentry", "pk": 299, "fields": {"action_time": "2024-05-30T10:19:28.620Z", "user": ["Egor"], "content_type": ["account", "student"], "object_id": "58", "object_repr": "test", "action_flag": 3, "change_message": ""}}, {"model": "admin.logentry", "pk": 300, "fields": {"action_time": "2024-05-30T10:24:14.389Z", "user": ["Egor"], "content_type": ["account", "testtaskevaluation"], "object_id": "22", "object_repr": "Milto - Разработка УТП", "action_flag": 2, "change_message": "[{\"changed\": {\"fields\": [\"\\u041e\\u0446\\u0435\\u043d\\u043a\\u0430\", \"\\u0421\\u0442\\u0430\\u0442\\u0443\\u0441\", \"\\u0421\\u043e\\u043e\\u0431\\u0449\\u0435\\u043d\\u0438\\u0435\"]}}]"}}, {"model": "admin.logentry", "pk": 301, "fields": {"action_time": "2024-05-30T10:27:27.501Z", "user": ["Egor"], "content_type": ["account", "mailing"], "object_id": "3", "object_repr": "Test 4", "action_flag": 1, "change_message": "[{\"added\": {}}]"}}, {"model": "admin.logentry", "pk": 302, "fields": {"action_time": "2024-05-30T10:32:27.460Z", "user": ["Egor"], "content_type": ["account", "dataknowledgefree"], "object_id": "3", "object_repr": "Анализ конкурентов - Конкуренты", "action_flag": 2, "change_message": "[{\"changed\": {\"fields\": [\"\\u0424\\u0430\\u0439\\u043b\\u044b\"]}}]"}}, {"model": "admin.logentry", "pk": 303, "fields": {"action_time": "2024-05-30T10:35:22.667Z", "user": ["Egor"], "content_type": ["account", "student"], "object_id": "60", "object_repr": "Milto", "action_flag": 3, "change_message": ""}}, {"model": "admin.logentry", "pk": 304, "fields": {"action_time": "2024-05-30T10:43:47.452Z", "user": ["Egor"], "content_type": ["account", "testtaskevaluation"], "object_id": "24", "object_repr": "test - CustDev", "action_flag": 2, "change_message": "[{\"changed\": {\"fields\": [\"\\u041e\\u0446\\u0435\\u043d\\u043a\\u0430\"]}}]"}}, {"model": "admin.logentry", "pk": 305, "fields": {"action_time": "2024-05-30T14:33:55.293Z", "user": ["Egor"], "content_type": ["account", "beforeuniversity"], "object_id": "2", "object_repr": "Среднее профессиональное", "action_flag": 2, "change_message": "[{\"changed\": {\"fields\": [\"\\u041d\\u0430\\u0438\\u043c\\u0435\\u043d\\u043e\\u0432\\u0430\\u043d\\u0438\\u044f\"]}}]"}}, {"model": "admin.logentry", "pk": 306, "fields": {"action_time": "2024-05-30T14:34:09.139Z", "user": ["Egor"], "content_type": ["account", "beforeuniversity"], "object_id": "3", "object_repr": "Бакалавриат", "action_flag": 2, "change_message": "[{\"changed\": {\"fields\": [\"\\u041d\\u0430\\u0438\\u043c\\u0435\\u043d\\u043e\\u0432\\u0430\\u043d\\u0438\\u044f\"]}}]"}}, {"model": "admin.logentry", "pk": 307, "fields": {"action_time": "2024-05-30T14:34:15.080Z", "user": ["Egor"], "content_type": ["account", "beforeuniversity"], "object_id": "4", "object_repr": "Специалитет", "action_flag": 1, "change_message": "[{\"added\": {}}]"}}, {"model": "admin.logentry", "pk": 308, "fields": {"action_time": "2024-05-30T14:34:20.777Z", "user": ["Egor"], "content_type": ["account", "beforeuniversity"], "object_id": "5", "object_repr": "Магистратура", "action_flag": 1, "change_message": "[{\"added\": {}}]"}}, {"model": "admin.logentry", "pk": 309, "fields": {"action_time": "2024-05-30T14:35:10.406Z", "user": ["Egor"], "content_type": ["account", "university"], "object_id": "3", "object_repr": "МГТУ им. Н.Э. Баумана", "action_flag": 2, "change_message": "[{\"changed\": {\"fields\": [\"\\u041d\\u0430\\u0438\\u043c\\u0435\\u043d\\u043e\\u0432\\u0430\\u043d\\u0438\\u044f\"]}}]"}}, {"model": "admin.logentry", "pk": 310, "fields": {"action_time": "2024-05-30T14:35:30.347Z", "user": ["Egor"], "content_type": ["account", "university"], "object_id": "2", "object_repr": "МГУ имени М.В. Ломоносова", "action_flag": 2, "change_message": "[{\"changed\": {\"fields\": [\"\\u041d\\u0430\\u0438\\u043c\\u0435\\u043d\\u043e\\u0432\\u0430\\u043d\\u0438\\u044f\"]}}]"}}, {"model": "admin.logentry", "pk": 311, "fields": {"action_time": "2024-05-30T14:35:39.051Z", "user": ["Egor"], "content_type": ["account", "university"], "object_id": "1", "object_repr": "Высшая Школа Экономики", "action_flag": 2, "change_message": "[{\"changed\": {\"fields\": [\"\\u041d\\u0430\\u0438\\u043c\\u0435\\u043d\\u043e\\u0432\\u0430\\u043d\\u0438\\u044f\"]}}]"}}, {"model": "admin.logentry", "pk": 312, "fields": {"action_time": "2024-05-30T14:35:45.659Z", "user": ["Egor"], "content_type": ["account", "university"], "object_id": "7", "object_repr": "МФТИ", "action_flag": 1, "change_message": "[{\"added\": {}}]"}}, {"model": "admin.logentry", "pk": 313, "fields": {"action_time": "2024-05-30T14:36:42.066Z", "user": ["Egor"], "content_type": ["account", "university"], "object_id": "6", "object_repr": "Другое", "action_flag": 3, "change_message": ""}}, {"model": "admin.logentry", "pk": 314, "fields": {"action_time": "2024-05-30T14:37:10.126Z", "user": ["Egor"], "content_type": ["account", "university"], "object_id": "8", "object_repr": "РЭУ имени Г. В. Плеханова", "action_flag": 1, "change_message": "[{\"added\": {}}]"}}, {"model": "admin.logentry", "pk": 315, "fields": {"action_time": "2024-05-30T14:37:25.918Z", "user": ["Egor"], "content_type": ["account", "university"], "object_id": "9", "object_repr": "РАНХиГС", "action_flag": 1, "change_message": "[{\"added\": {}}]"}}, {"model": "admin.logentry", "pk": 316, "fields": {"action_time": "2024-05-30T14:37:33.789Z", "user": ["Egor"], "content_type": ["account", "university"], "object_id": "10", "object_repr": "МИРЭА", "action_flag": 1, "change_message": "[{\"added\": {}}]"}}, {"model": "admin.logentry", "pk": 317, "fields": {"action_time": "2024-05-30T14:37:37.754Z", "user": ["Egor"], "content_type": ["account", "university"], "object_id": "11", "object_repr": "Другое", "action_flag": 1, "change_message": "[{\"added\": {}}]"}}, {"model": "admin.logentry", "pk": 318, "fields": {"action_time": "2024-06-01T11:58:28.536Z", "user": ["Egor"], "content_type": ["account", "customuser"], "object_id": "6", "object_repr": "Daria", "action_flag": 1, "change_message": "[{\"added\": {}}]"}}, {"model": "admin.logentry", "pk": 319, "fields": {"action_time": "2024-06-05T15:52:11.831Z", "user": ["Egor"], "content_type": ["account", "testtaskevaluation"], "object_id": "59", "object_repr": "test - Анализ конкурентов", "action_flag": 2, "change_message": "[{\"changed\": {\"fields\": [\"\\u041e\\u0446\\u0435\\u043d\\u043a\\u0430\", \"\\u0421\\u0442\\u0430\\u0442\\u0443\\u0441\", \"\\u0421\\u043e\\u043e\\u0431\\u0449\\u0435\\u043d\\u0438\\u0435\"]}}]"}}, {"model": "admin.logentry", "pk": 320, "fields": {"action_time": "2024-06-05T15:52:29.933Z", "user": ["Egor"], "content_type": ["account", "testtaskevaluation"], "object_id": "59", "object_repr": "test - Анализ конкурентов", "action_flag": 2, "change_message": "[{\"changed\": {\"fields\": [\"\\u041e\\u0446\\u0435\\u043d\\u043a\\u0430\", \"\\u0421\\u0442\\u0430\\u0442\\u0443\\u0441\"]}}]"}}, {"model": "admin.logentry", "pk": 321, "fields": {"action_time": "2024-06-05T15:53:05.576Z", "user": ["Egor"], "content_type": ["account", "testtaskevaluation"], "object_id": "59", "object_repr": "test - Анализ конкурентов", "action_flag": 2, "change_message": "[{\"changed\": {\"fields\": [\"\\u041e\\u0446\\u0435\\u043d\\u043a\\u0430\", \"\\u0421\\u0442\\u0430\\u0442\\u0443\\u0441\", \"\\u0421\\u043e\\u043e\\u0431\\u0449\\u0435\\u043d\\u0438\\u0435\"]}}]"}}, {"model": "admin.logentry", "pk": 322, "fields": {"action_time": "2024-06-05T15:53:32.386Z", "user": ["Egor"], "content_type": ["account", "student"], "object_id": "97", "object_repr": "test", "action_flag": 3, "change_message": ""}}, {"model": "admin.logentry", "pk": 323, "fields": {"action_time": "2024-06-05T15:54:35.489Z", "user": ["Egor"], "content_type": ["account", "testtaskevaluation"], "object_id": "60", "object_repr": "test - Анализ конкурентов", "action_flag": 2, "change_message": "[{\"changed\": {\"fields\": [\"\\u041e\\u0446\\u0435\\u043d\\u043a\\u0430\", \"\\u0421\\u0442\\u0430\\u0442\\u0443\\u0441\", \"\\u0421\\u043e\\u043e\\u0431\\u0449\\u0435\\u043d\\u0438\\u0435\"]}}]"}}, {"model": "admin.logentry", "pk": 324, "fields": {"action_time": "2024-06-05T15:55:41.303Z", "user": ["Egor"], "content_type": ["account", "mailing"], "object_id": "4", "object_repr": "sv", "action_flag": 1, "change_message": "[{\"added\": {}}]"}}, {"model": "admin.logentry", "pk": 325, "fields": {"action_time": "2024-06-05T15:55:49.893Z", "user": ["Egor"], "content_type": ["account", "mailing"], "object_id": "4", "object_repr": "sv", "action_flag": 2, "change_message": "[{\"changed\": {\"fields\": [\"\\u0421\\u043f\\u0435\\u0446\\u0438\\u0430\\u043b\\u0438\\u0441\\u0442\\u044b\"]}}]"}}, {"model": "admin.logentry", "pk": 326, "fields": {"action_time": "2024-06-05T15:56:15.095Z", "user": ["Egor"], "content_type": ["account", "mailing"], "object_id": "4", "object_repr": "sv", "action_flag": 2, "change_message": "[{\"changed\": {\"fields\": [\"\\u0421\\u043e\\u043e\\u0431\\u0449\\u0435\\u043d\\u0438\\u0435\"]}}]"}}, {"model": "admin.logentry", "pk": 327, "fields": {"action_time": "2024-06-05T15:58:14.602Z", "user": ["Egor"], "content_type": ["account", "mailing"], "object_id": "5", "object_repr": "-", "action_flag": 1, "change_message": "[{\"added\": {}}]"}}, {"model": "admin.logentry", "pk": 328, "fields": {"action_time": "2024-06-05T16:41:36.447Z", "user": ["Egor"], "content_type": ["account", "mailing"], "object_id": "6", "object_repr": "Алла Гузова", "action_flag": 1, "change_message": "[{\"added\": {}}]"}}, {"model": "admin.logentry", "pk": 329, "fields": {"action_time": "2024-06-07T11:49:14.868Z", "user": ["Egor"], "content_type": ["account", "student"], "object_id": "98", "object_repr": "test", "action_flag": 3, "change_message": ""}}, {"model": "admin.logentry", "pk": 330, "fields": {"action_time": "2024-06-07T11:51:03.858Z", "user": ["Egor"], "content_type": ["account", "testtaskevaluation"], "object_id": "63", "object_repr": "test - CustDev", "action_flag": 2, "change_message": "[{\"changed\": {\"fields\": [\"\\u041e\\u0446\\u0435\\u043d\\u043a\\u0430\", \"\\u0421\\u0442\\u0430\\u0442\\u0443\\u0441\", \"\\u0421\\u043e\\u043e\\u0431\\u0449\\u0435\\u043d\\u0438\\u0435\"]}}]"}}, {"model": "admin.logentry", "pk": 331, "fields": {"action_time": "2024-06-10T11:13:00.245Z", "user": ["Egor"], "content_type": ["account", "mailing"], "object_id": "7", "object_repr": "Найди", "action_flag": 1, "change_message": "[{\"added\": {}}]"}}, {"model": "admin.logentry", "pk": 332, "fields": {"action_time": "2024-06-10T11:20:43.993Z", "user": ["Egor"], "content_type": ["account", "taskstudent"], "object_id": "21", "object_repr": "Daria Sigida", "action_flag": 2, "change_message": "[{\"changed\": {\"fields\": [\"\\u041e\\u0446\\u0435\\u043d\\u043a\\u0430 \\u043f\\u043e \\u043f\\u0440\\u043e\\u0435\\u043a\\u0442\\u0443\", \"\\u0421\\u043e\\u0431\\u043b\\u044e\\u0434\\u0435\\u043d\\u0438\\u0435 \\u0434\\u0435\\u0434\\u043b\\u0430\\u0439\\u043d\\u043e\\u0432\", \"\\u041a\\u043e\\u044d\\u0444\\u0444\\u0438\\u0446\\u0438\\u0435\\u043d\\u0442 \\u0441\\u043b\\u043e\\u0436\\u043d\\u043e\\u0441\\u0442\\u0438\", \"\\u041a\\u0440\\u0435\\u0434\\u0438\\u0442\\u044b\"]}}]"}}, {"model": "admin.logentry", "pk": 333, "fields": {"action_time": "2024-06-10T11:21:00.655Z", "user": ["Egor"], "content_type": ["account", "taskstudent"], "object_id": "21", "object_repr": "Daria Sigida", "action_flag": 2, "change_message": "[{\"changed\": {\"fields\": [\"\\u0420\\u0435\\u043a\\u043e\\u043c\\u0435\\u043d\\u0434\\u0430\\u0446\\u0438\\u044f \\u043c\\u0435\\u043d\\u0435\\u0434\\u0436\\u0435\\u0440\\u0430\"]}}]"}}, {"model": "admin.logentry", "pk": 334, "fields": {"action_time": "2024-06-10T11:21:18.652Z", "user": ["Egor"], "content_type": ["account", "taskstudent"], "object_id": "21", "object_repr": "Daria Sigida", "action_flag": 2, "change_message": "[{\"changed\": {\"fields\": [\"\\u041e\\u0446\\u0435\\u043d\\u043a\\u0430 \\u043f\\u043e \\u043f\\u0440\\u043e\\u0435\\u043a\\u0442\\u0443\", \"\\u0421\\u043e\\u0431\\u043b\\u044e\\u0434\\u0435\\u043d\\u0438\\u0435 \\u0434\\u0435\\u0434\\u043b\\u0430\\u0439\\u043d\\u043e\\u0432\", \"\\u0420\\u0435\\u043a\\u043e\\u043c\\u0435\\u043d\\u0434\\u0430\\u0446\\u0438\\u044f \\u043c\\u0435\\u043d\\u0435\\u0434\\u0436\\u0435\\u0440\\u0430\", \"\\u041a\\u043e\\u044d\\u0444\\u0444\\u0438\\u0446\\u0438\\u0435\\u043d\\u0442 \\u0441\\u043b\\u043e\\u0436\\u043d\\u043e\\u0441\\u0442\\u0438\", \"\\u041a\\u0440\\u0435\\u0434\\u0438\\u0442\\u044b\"]}}]"}}, {"model": "admin.logentry", "pk": 335, "fields": {"action_time": "2024-06-10T11:23:54.125Z", "user": ["Egor"], "content_type": ["account", "mailing"], "object_id": "8", "object_repr": "Дарья Журавлева", "action_flag": 1, "change_message": "[{\"added\": {}}]"}}, {"model": "admin.logentry", "pk": 336, "fields": {"action_time": "2024-06-10T11:36:07.692Z", "user": ["Egor"], "content_type": ["account", "mailing"], "object_id": "9", "object_repr": "Данияр", "action_flag": 1, "change_message": "[{\"added\": {}}]"}}, {"model": "admin.logentry", "pk": 337, "fields": {"action_time": "2024-06-10T11:47:52.002Z", "user": ["Egor"], "content_type": ["account", "mailing"], "object_id": "10", "object_repr": "Сергей Глухов", "action_flag": 1, "change_message": "[{\"added\": {}}]"}}, {"model": "admin.logentry", "pk": 338, "fields": {"action_time": "2024-06-11T15:07:32.272Z", "user": ["Egor"], "content_type": ["account", "testtaskevaluation"], "object_id": "24", "object_repr": "test - CustDev", "action_flag": 2, "change_message": "[{\"changed\": {\"fields\": [\"\\u041e\\u0446\\u0435\\u043d\\u043a\\u0430\"]}}]"}}, {"model": "admin.logentry", "pk": 339, "fields": {"action_time": "2024-06-11T15:16:44.402Z", "user": ["Egor"], "content_type": ["account", "testtaskevaluation"], "object_id": "24", "object_repr": "test - Расчет рынка", "action_flag": 2, "change_message": "[{\"changed\": {\"fields\": [\"\\u041f\\u0440\\u0435\\u0434\\u043b\\u043e\\u0436\\u0435\\u043d\\u043d\\u0430\\u044f \\u0437\\u0430\\u0434\\u0430\\u0447\\u0430\"]}}]"}}, {"model": "admin.logentry", "pk": 340, "fields": {"action_time": "2024-06-11T15:19:28.062Z", "user": ["Egor"], "content_type": ["account", "student"], "object_id": "62", "object_repr": "test", "action_flag": 3, "change_message": ""}}, {"model": "admin.logentry", "pk": 341, "fields": {"action_time": "2024-06-11T15:20:53.015Z", "user": ["Egor"], "content_type": ["account", "testtaskevaluation"], "object_id": "64", "object_repr": "test - Анализ конкурентов", "action_flag": 2, "change_message": "[{\"changed\": {\"fields\": [\"\\u041e\\u0446\\u0435\\u043d\\u043a\\u0430\"]}}]"}}, {"model": "admin.logentry", "pk": 342, "fields": {"action_time": "2024-06-12T13:34:11.563Z", "user": ["Egor"], "content_type": ["account", "customuser"], "object_id": "4", "object_repr": "milto", "action_flag": 3, "change_message": ""}}, {"model": "admin.logentry", "pk": 343, "fields": {"action_time": "2024-06-12T13:36:59.261Z", "user": ["Egor"], "content_type": ["account", "customuser"], "object_id": "7", "object_repr": "Milto", "action_flag": 1, "change_message": "[{\"added\": {}}]"}}, {"model": "admin.logentry", "pk": 344, "fields": {"action_time": "2024-06-12T13:42:24.991Z", "user": ["Milto"], "content_type": ["account", "project"], "object_id": "10", "object_repr": "Технические доработки Адмики", "action_flag": 1, "change_message": "[{\"added\": {}}]"}}, {"model": "admin.logentry", "pk": 345, "fields": {"action_time": "2024-06-12T13:54:03.981Z", "user": ["Milto"], "content_type": ["account", "project"], "object_id": "10", "object_repr": "ADM-001 Тестовая задача", "action_flag": 2, "change_message": "[{\"changed\": {\"fields\": [\"\\u041d\\u0430\\u0438\\u043c\\u0435\\u043d\\u043e\\u0432\\u0430\\u043d\\u0438\\u0435\"]}}]"}}, {"model": "admin.logentry", "pk": 346, "fields": {"action_time": "2024-06-12T13:59:17.685Z", "user": ["Milto"], "content_type": ["account", "project"], "object_id": "10", "object_repr": "ADM-001 Тестовая задача", "action_flag": 2, "change_message": "[{\"added\": {\"name\": \"\\u0417\\u0430\\u0434\\u0430\\u0447\\u0430 \\u0441\\u043f\\u0435\\u0446\\u0438\\u0430\\u043b\\u0438\\u0441\\u0442\\u0430 \\u043f\\u043e \\u043f\\u0440\\u043e\\u0435\\u043a\\u0442\\u0443\", \"object\": \"Sergei Vas\"}}]"}}, {"model": "admin.logentry", "pk": 347, "fields": {"action_time": "2024-06-12T14:01:42.796Z", "user": ["Milto"], "content_type": ["account", "project"], "object_id": "10", "object_repr": "ADM-001 Тестовая задача", "action_flag": 2, "change_message": "[{\"added\": {\"name\": \"\\u0417\\u0430\\u0434\\u0430\\u0447\\u0430 \\u0441\\u043f\\u0435\\u0446\\u0438\\u0430\\u043b\\u0438\\u0441\\u0442\\u0430 \\u043f\\u043e \\u043f\\u0440\\u043e\\u0435\\u043a\\u0442\\u0443\", \"object\": \"Sergei Vas\"}}]"}}, {"model": "admin.logentry", "pk": 348, "fields": {"action_time": "2024-06-12T14:23:00.449Z", "user": ["Egor"], "content_type": ["account", "project"], "object_id": "10", "object_repr": "ADM-001 Тестовая задача", "action_flag": 2, "change_message": "[{\"changed\": {\"fields\": [\"\\u0421\\u043f\\u0435\\u0446\\u0438\\u0430\\u043b\\u0438\\u0441\\u0442\\u044b\"]}}]"}}, {"model": "admin.logentry", "pk": 349, "fields": {"action_time": "2024-06-12T14:23:37.011Z", "user": ["Egor"], "content_type": ["account", "student"], "object_id": "102", "object_repr": "test1", "action_flag": 2, "change_message": "[{\"changed\": {\"fields\": [\"\\u0424\\u0418\\u041e\", \"\\u0414\\u043e\\u043b\\u0436\\u043d\\u043e\\u0441\\u0442\\u044c\"]}}]"}}, {"model": "admin.logentry", "pk": 350, "fields": {"action_time": "2024-06-12T14:23:56.364Z", "user": ["Egor"], "content_type": ["account", "project"], "object_id": "10", "object_repr": "ADM-001 Тестовая задача", "action_flag": 2, "change_message": "[{\"changed\": {\"fields\": [\"\\u0421\\u043f\\u0435\\u0446\\u0438\\u0430\\u043b\\u0438\\u0441\\u0442\\u044b\"]}}]"}}, {"model": "admin.logentry", "pk": 351, "fields": {"action_time": "2024-06-12T14:24:05.366Z", "user": ["Egor"], "content_type": ["account", "project"], "object_id": "10", "object_repr": "ADM-001 Тестовая задача", "action_flag": 2, "change_message": "[{\"added\": {\"name\": \"\\u0417\\u0430\\u0434\\u0430\\u0447\\u0430 \\u0441\\u043f\\u0435\\u0446\\u0438\\u0430\\u043b\\u0438\\u0441\\u0442\\u0430 \\u043f\\u043e \\u043f\\u0440\\u043e\\u0435\\u043a\\u0442\\u0443\", \"object\": \"test1\"}}]"}}, {"model": "admin.logentry", "pk": 352, "fields": {"action_time": "2024-06-12T14:28:05.446Z", "user": ["Milto"], "content_type": ["account", "project"], "object_id": "10", "object_repr": "ADM-001 Тестовая задача", "action_flag": 2, "change_message": "[{\"changed\": {\"fields\": [\"\\u0421\\u043f\\u0435\\u0446\\u0438\\u0430\\u043b\\u0438\\u0441\\u0442\\u044b\"]}}]"}}, {"model": "admin.logentry", "pk": 353, "fields": {"action_time": "2024-06-12T14:28:30.576Z", "user": ["Milto"], "content_type": ["account", "project"], "object_id": "10", "object_repr": "ADM-001 Тестовая задача", "action_flag": 2, "change_message": "[{\"added\": {\"name\": \"\\u0417\\u0430\\u0434\\u0430\\u0447\\u0430 \\u0441\\u043f\\u0435\\u0446\\u0438\\u0430\\u043b\\u0438\\u0441\\u0442\\u0430 \\u043f\\u043e \\u043f\\u0440\\u043e\\u0435\\u043a\\u0442\\u0443\", \"object\": \"test\"}}]"}}, {"model": "admin.logentry", "pk": 354, "fields": {"action_time": "2024-06-12T14:30:38.112Z", "user": ["Milto"], "content_type": ["account", "project"], "object_id": "10", "object_repr": "ADM-001 Тестовая задача", "action_flag": 2, "change_message": "[{\"changed\": {\"name\": \"\\u0417\\u0430\\u0434\\u0430\\u0447\\u0430 \\u0441\\u043f\\u0435\\u0446\\u0438\\u0430\\u043b\\u0438\\u0441\\u0442\\u0430 \\u043f\\u043e \\u043f\\u0440\\u043e\\u0435\\u043a\\u0442\\u0443\", \"object\": \"test\", \"fields\": [\"\\u0414\\u0430\\u0442\\u0430 \\u043d\\u0430\\u0447\\u0430\\u043b\\u0430\", \"\\u0414\\u0430\\u0442\\u0430 \\u043e\\u043a\\u043e\\u043d\\u0447\\u0430\\u043d\\u0438\\u044f\"]}}, {\"changed\": {\"name\": \"\\u0417\\u0430\\u0434\\u0430\\u0447\\u0430 \\u0441\\u043f\\u0435\\u0446\\u0438\\u0430\\u043b\\u0438\\u0441\\u0442\\u0430 \\u043f\\u043e \\u043f\\u0440\\u043e\\u0435\\u043a\\u0442\\u0443\", \"object\": \"test1\", \"fields\": [\"\\u0414\\u0430\\u0442\\u0430 \\u043d\\u0430\\u0447\\u0430\\u043b\\u0430\"]}}]"}}, {"model": "admin.logentry", "pk": 355, "fields": {"action_time": "2024-06-12T14:35:52.991Z", "user": ["Milto"], "content_type": ["account", "project"], "object_id": "10", "object_repr": "ADM-001 Тестовая задача", "action_flag": 2, "change_message": "[{\"changed\": {\"fields\": [\"\\u0421\\u043f\\u0435\\u0446\\u0438\\u0430\\u043b\\u0438\\u0441\\u0442\\u044b\"]}}]"}}, {"model": "admin.logentry", "pk": 356, "fields": {"action_time": "2024-06-12T14:36:03.188Z", "user": ["Milto"], "content_type": ["account", "project"], "object_id": "10", "object_repr": "ADM-001 Тестовая задача", "action_flag": 2, "change_message": "[{\"changed\": {\"name\": \"\\u0417\\u0430\\u0434\\u0430\\u0447\\u0430 \\u0441\\u043f\\u0435\\u0446\\u0438\\u0430\\u043b\\u0438\\u0441\\u0442\\u0430 \\u043f\\u043e \\u043f\\u0440\\u043e\\u0435\\u043a\\u0442\\u0443\", \"object\": \"\\u0421\\u0435\\u0440 \\u0412\\u0430\\u0441\", \"fields\": [\"\\u0421\\u043f\\u0435\\u0446\\u0438\\u0430\\u043b\\u0438\\u0441\\u0442\"]}}, {\"changed\": {\"name\": \"\\u0417\\u0430\\u0434\\u0430\\u0447\\u0430 \\u0441\\u043f\\u0435\\u0446\\u0438\\u0430\\u043b\\u0438\\u0441\\u0442\\u0430 \\u043f\\u043e \\u043f\\u0440\\u043e\\u0435\\u043a\\u0442\\u0443\", \"object\": \"\\u0421\\u0435\\u0440 \\u0412\\u0430\\u0441\", \"fields\": [\"\\u0421\\u043f\\u0435\\u0446\\u0438\\u0430\\u043b\\u0438\\u0441\\u0442\"]}}]"}}, {"model": "admin.logentry", "pk": 357, "fields": {"action_time": "2024-06-12T15:55:10.871Z", "user": ["Egor"], "content_type": ["account", "mailing"], "object_id": "11", "object_repr": "Валентина", "action_flag": 1, "change_message": "[{\"added\": {}}]"}}, {"model": "admin.logentry", "pk": 358, "fields": {"action_time": "2024-06-12T16:04:35.013Z", "user": ["Egor"], "content_type": ["account", "testtask"], "object_id": "10", "object_repr": "CustDev", "action_flag": 3, "change_message": ""}}, {"model": "admin.logentry", "pk": 359, "fields": {"action_time": "2024-06-12T16:04:35.020Z", "user": ["Egor"], "content_type": ["account", "testtask"], "object_id": "8", "object_repr": "Анализ конкурентов", "action_flag": 3, "change_message": ""}}, {"model": "admin.logentry", "pk": 360, "fields": {"action_time": "2024-06-12T16:04:35.024Z", "user": ["Egor"], "content_type": ["account", "testtask"], "object_id": "7", "object_repr": "Расчет рынка", "action_flag": 3, "change_message": ""}}, {"model": "admin.logentry", "pk": 361, "fields": {"action_time": "2024-06-12T16:17:02.416Z", "user": ["Egor"], "content_type": ["account", "mailing"], "object_id": "12", "object_repr": "Анастасия Доброгаева", "action_flag": 1, "change_message": "[{\"added\": {}}]"}}, {"model": "admin.logentry", "pk": 362, "fields": {"action_time": "2024-06-13T11:16:23.009Z", "user": ["Milto"], "content_type": ["account", "project"], "object_id": "10", "object_repr": "ADM-001 Тестовая задача", "action_flag": 2, "change_message": "[{\"changed\": {\"name\": \"\\u0417\\u0430\\u0434\\u0430\\u0447\\u0430 \\u0441\\u043f\\u0435\\u0446\\u0438\\u0430\\u043b\\u0438\\u0441\\u0442\\u0430 \\u043f\\u043e \\u043f\\u0440\\u043e\\u0435\\u043a\\u0442\\u0443\", \"object\": \"test1\", \"fields\": [\"\\u0421\\u043f\\u0435\\u0446\\u0438\\u0430\\u043b\\u0438\\u0441\\u0442\"]}}]"}}, {"model": "admin.logentry", "pk": 363, "fields": {"action_time": "2024-06-13T11:36:30.658Z", "user": ["Milto"], "content_type": ["account", "project"], "object_id": "10", "object_repr": "ADM-001 Тестовая задача", "action_flag": 2, "change_message": "[{\"changed\": {\"name\": \"\\u0417\\u0430\\u0434\\u0430\\u0447\\u0430 \\u0441\\u043f\\u0435\\u0446\\u0438\\u0430\\u043b\\u0438\\u0441\\u0442\\u0430 \\u043f\\u043e \\u043f\\u0440\\u043e\\u0435\\u043a\\u0442\\u0443\", \"object\": \"test1\", \"fields\": [\"\\u041e\\u043f\\u0438\\u0441\\u0430\\u043d\\u0438\\u0435\"]}}]"}}, {"model": "admin.logentry", "pk": 364, "fields": {"action_time": "2024-06-13T11:37:14.809Z", "user": ["Milto"], "content_type": ["account", "project"], "object_id": "10", "object_repr": "ADM-001 Тестовая задача", "action_flag": 2, "change_message": "[{\"added\": {\"name\": \"\\u0417\\u0430\\u0434\\u0430\\u0447\\u0430 \\u0433\\u0440\\u0443\\u043f\\u043f\\u044b \\u043f\\u043e \\u043f\\u0440\\u043e\\u0435\\u043a\\u0442\\u0443\", \"object\": \"\\u041e\\u043f\\u0438\\u0441\\u0430\\u043d\\u0438\\u0435 \\u0437\\u0430\\u0434\\u0430\\u0447\\u0438 \\u0433\\u0440\\u0443\\u043f\\u043f\\u044b \\u043f\\u043e \\u043f\\u0440\\u043e\\u0435\\u043a\\u0442\\u0443\"}}]"}}, {"model": "admin.logentry", "pk": 365, "fields": {"action_time": "2024-06-13T12:23:53.150Z", "user": ["Milto"], "content_type": ["account", "project"], "object_id": "10", "object_repr": "ADM-001 Тестовая задача", "action_flag": 2, "change_message": "[{\"added\": {\"name\": \"\\u0417\\u0430\\u0434\\u0430\\u0447\\u0430 \\u0441\\u043f\\u0435\\u0446\\u0438\\u0430\\u043b\\u0438\\u0441\\u0442\\u0430 \\u043f\\u043e \\u043f\\u0440\\u043e\\u0435\\u043a\\u0442\\u0443\", \"object\": \"\\u0421\\u0435\\u0440 \\u0412\\u0430\\u0441\"}}]"}}, {"model": "admin.logentry", "pk": 366, "fields": {"action_time": "2024-06-13T12:26:59.950Z", "user": ["Milto"], "content_type": ["account", "project"], "object_id": "10", "object_repr": "ADM-001 Тестовая задача", "action_flag": 2, "change_message": "[{\"deleted\": {\"name\": \"\\u0417\\u0430\\u0434\\u0430\\u0447\\u0430 \\u0441\\u043f\\u0435\\u0446\\u0438\\u0430\\u043b\\u0438\\u0441\\u0442\\u0430 \\u043f\\u043e \\u043f\\u0440\\u043e\\u0435\\u043a\\u0442\\u0443\", \"object\": \"test\"}}]"}}, {"model": "admin.logentry", "pk": 367, "fields": {"action_time": "2024-06-13T12:33:47.021Z", "user": ["Milto"], "content_type": ["account", "project"], "object_id": "10", "object_repr": "ADM-001 Тестовая задача", "action_flag": 2, "change_message": "[{\"added\": {\"name\": \"\\u0417\\u0430\\u0434\\u0430\\u0447\\u0430 \\u0441\\u043f\\u0435\\u0446\\u0438\\u0430\\u043b\\u0438\\u0441\\u0442\\u0430 \\u043f\\u043e \\u043f\\u0440\\u043e\\u0435\\u043a\\u0442\\u0443\", \"object\": \"\\u0421\\u0435\\u0440 \\u0412\\u0430\\u0441\"}}, {\"changed\": {\"name\": \"\\u0417\\u0430\\u0434\\u0430\\u0447\\u0430 \\u0441\\u043f\\u0435\\u0446\\u0438\\u0430\\u043b\\u0438\\u0441\\u0442\\u0430 \\u043f\\u043e \\u043f\\u0440\\u043e\\u0435\\u043a\\u0442\\u0443\", \"object\": \"test1\", \"fields\": [\"\\u041e\\u043f\\u0438\\u0441\\u0430\\u043d\\u0438\\u0435\"]}}]"}}, {"model": "admin.logentry", "pk": 368, "fields": {"action_time": "2024-06-13T12:42:00.282Z", "user": ["Milto"], "content_type": ["account", "project"], "object_id": "11", "object_repr": "ADM-002 Серверные работы", "action_flag": 1, "change_message": "[{\"added\": {}}]"}}, {"model": "admin.logentry", "pk": 369, "fields": {"action_time": "2024-06-13T12:43:20.218Z", "user": ["Milto"], "content_type": ["account", "project"], "object_id": "12", "object_repr": "ADM-003 Проекты", "action_flag": 1, "change_message": "[{\"added\": {}}]"}}, {"model": "admin.logentry", "pk": 370, "fields": {"action_time": "2024-06-13T12:51:20.150Z", "user": ["Milto"], "content_type": ["account", "project"], "object_id": "10", "object_repr": "ADM-001 Тестовая задача", "action_flag": 2, "change_message": "[{\"changed\": {\"name\": \"\\u0417\\u0430\\u0434\\u0430\\u0447\\u0430 \\u0441\\u043f\\u0435\\u0446\\u0438\\u0430\\u043b\\u0438\\u0441\\u0442\\u0430 \\u043f\\u043e \\u043f\\u0440\\u043e\\u0435\\u043a\\u0442\\u0443\", \"object\": \"\\u0421\\u0435\\u0440 \\u0412\\u0430\\u0441\", \"fields\": [\"\\u041e\\u043f\\u0438\\u0441\\u0430\\u043d\\u0438\\u0435\"]}}, {\"added\": {\"name\": \"\\u0417\\u0430\\u0434\\u0430\\u0447\\u0430 \\u0433\\u0440\\u0443\\u043f\\u043f\\u044b \\u043f\\u043e \\u043f\\u0440\\u043e\\u0435\\u043a\\u0442\\u0443\", \"object\": \"\\u0420\\u0435\\u0430\\u043b\\u0438\\u0437\\u043e\\u0432\\u0430\\u0442\\u044c \\u0432\\u044b\\u0434\\u0430\\u0447\\u0443 \\u043d\\u043e\\u0432\\u043e\\u0433\\u043e \\u0442\\u0435\\u0441\\u0442\\u043e\\u0432\\u043e\\u0433\\u043e \\u0441 \\u0441\\u043e\\u0445\\u0440\\u0430\\u043d\\u0435\\u043d\\u0438\\u0435\\u043c \\u0438\\u043d\\u0444\\u043e\\u0440\\u043c\\u0430\\u0446\\u0438\\u0438 \\u043f\\u043e \\u043f\\u0440\\u0435\\u0434\\u044b\\u0434\\u0443\\u0449\\u0435\\u043c\\u0443 (\\u043d\\u0435\\u0432\\u044b\\u043f\\u043e\\u043b\\u043d\\u0435\\u043d\\u043d\\u043e\\u043c\\u0443) \\u0442\\u0435\\u0441\\u0442\\u043e\\u0432\\u043e\\u043c\\u0443\"}}, {\"changed\": {\"name\": \"\\u0417\\u0430\\u0434\\u0430\\u0447\\u0430 \\u0433\\u0440\\u0443\\u043f\\u043f\\u044b \\u043f\\u043e \\u043f\\u0440\\u043e\\u0435\\u043a\\u0442\\u0443\", \"object\": \"\\u041e\\u043f\\u0438\\u0441\\u0430\\u043d\\u0438\\u0435 \\u0437\\u0430\\u0434\\u0430\\u0447\\u0438 \\u0433\\u0440\\u0443\\u043f\\u043f\\u044b \\u043f\\u043e \\u043f\\u0440\\u043e\\u0435\\u043a\\u0442\\u0443. \\u0412 \\u0442\\u0433 \\u043d\\u0435 \\u043e\\u0442\\u043e\\u0431\\u0440\\u0430\\u0436\\u0430\\u0435\\u0442\\u0441\\u044f \\u044d\\u0442\\u0430 \\u0438\\u043d\\u0444\\u043e\\u0440\\u043c\\u0430\\u0446\\u0438\\u044f\", \"fields\": [\"\\u041e\\u043f\\u0438\\u0441\\u0430\\u043d\\u0438\\u0435\"]}}]"}}, {"model": "admin.logentry", "pk": 371, "fields": {"action_time": "2024-06-13T12:55:28.955Z", "user": ["Milto"], "content_type": ["account", "project"], "object_id": "10", "object_repr": "ADM-001 Тестовая задача", "action_flag": 2, "change_message": "[{\"added\": {\"name\": \"\\u0417\\u0430\\u0434\\u0430\\u0447\\u0430 \\u0433\\u0440\\u0443\\u043f\\u043f\\u044b \\u043f\\u043e \\u043f\\u0440\\u043e\\u0435\\u043a\\u0442\\u0443\", \"object\": \"\\u0421\\u043e\\u0445\\u0440\\u0430\\u043d\\u044f\\u0442\\u044c \\u0434\\u0430\\u0442\\u0443 \\u0438 \\u0432\\u0440\\u0435\\u043c\\u044f \\u0432\\u044b\\u0434\\u0430\\u0447\\u0438 \\u0442\\u0435\\u0441\\u0442\\u043e\\u0432\\u043e\\u0433\\u043e. \\u0415\\u0441\\u043b\\u0438 \\u0434\\u0430\\u0442\\u0430 \\u0432\\u044b\\u043f\\u043e\\u043b\\u043d\\u0435\\u043d\\u043d\\u043e\\u0433\\u043e \\u0442\\u0435\\u0441\\u0442\\u043e\\u0432\\u043e\\u0433\\u043e \\u0441\\u043e\\u0432\\u043f\\u0430\\u0434\\u0430\\u0435\\u0442 \\u0441 \\u0434\\u0430\\u0442\\u043e\\u0439 \\u0440\\u0435\\u0433\\u0438\\u0441\\u0442\\u0440\\u0430\\u0446\\u0438\\u0438, \\u0442\\u043e \\u043e\\u0441\\u0442\\u0430\\u0432\\u0438\\u0442\\u044c \\u043e\\u0434\\u043d\\u0443. \\u0415\\u0441\\u043b\\u0438 \\u0431\\u044b\\u043b\\u043e \\u043f\\u043e\\u043b\\u0443\\u0447\\u0435\\u043d\\u043e \\u043d\\u0435\\u0441\\u043a\\u043e\\u043b\\u044c\\u043a\\u043e \\u0442\\u0435\\u0441\\u0442\\u043e\\u0432\\u044b\\u0445, \\u0438\\u043d\\u0444\\u043e\\u0440\\u043c\\u0430\\u0446\\u0438\\u044f: \\u0432 \\u043a\\u0430\\u043a\\u0443\\u044e \\u0434\\u0430\\u0442\\u0443 \\u043f\\u043e \\u043a\\u0430\\u0436\\u0434\\u043e\\u0439 \\u043f\\u043e\\u043f\\u044b\\u0442\\u043a\\u0435 \\u0434\\u043e\\u043b\\u0436\\u043d\\u0430 \\u0441\\u043e\\u0445\\u0440\\u0430\\u043d\\u044f\\u0442\\u044c\\u0441\\u044f\"}}]"}}, {"model": "admin.logentry", "pk": 372, "fields": {"action_time": "2024-06-13T12:57:18.987Z", "user": ["Milto"], "content_type": ["account", "project"], "object_id": "12", "object_repr": "ADM-003 Проекты", "action_flag": 2, "change_message": "[{\"added\": {\"name\": \"\\u0417\\u0430\\u0434\\u0430\\u0447\\u0430 \\u0441\\u043f\\u0435\\u0446\\u0438\\u0430\\u043b\\u0438\\u0441\\u0442\\u0430 \\u043f\\u043e \\u043f\\u0440\\u043e\\u0435\\u043a\\u0442\\u0443\", \"object\": \"\\u0421\\u0435\\u0440 \\u0412\\u0430\\u0441\"}}]"}}, {"model": "admin.logentry", "pk": 373, "fields": {"action_time": "2024-06-13T12:59:17.341Z", "user": ["Milto"], "content_type": ["account", "project"], "object_id": "12", "object_repr": "ADM-003 Проекты", "action_flag": 2, "change_message": "[{\"added\": {\"name\": \"\\u0417\\u0430\\u0434\\u0430\\u0447\\u0430 \\u0441\\u043f\\u0435\\u0446\\u0438\\u0430\\u043b\\u0438\\u0441\\u0442\\u0430 \\u043f\\u043e \\u043f\\u0440\\u043e\\u0435\\u043a\\u0442\\u0443\", \"object\": \"\\u0421\\u0435\\u0440 \\u0412\\u0430\\u0441\"}}]"}}, {"model": "admin.logentry", "pk": 374, "fields": {"action_time": "2024-06-13T16:40:39.466Z", "user": ["Daria"], "content_type": ["account", "testtask"], "object_id": "11", "object_repr": "Рынок аутстаффинга в регионе MENA", "action_flag": 1, "change_message": "[{\"added\": {}}]"}}, {"model": "admin.logentry", "pk": 375, "fields": {"action_time": "2024-06-13T16:41:26.258Z", "user": ["Daria"], "content_type": ["account", "testtask"], "object_id": "12", "object_repr": "Рынок аутстаффинга в США", "action_flag": 1, "change_message": "[{\"added\": {}}]"}}, {"model": "admin.logentry", "pk": 376, "fields": {"action_time": "2024-06-13T16:51:26.283Z", "user": ["Daria"], "content_type": ["account", "testtask"], "object_id": "13", "object_repr": "Рынок аутстаффинга в регионе ЛатАм", "action_flag": 1, "change_message": "[{\"added\": {}}]"}}, {"model": "admin.logentry", "pk": 377, "fields": {"action_time": "2024-06-13T16:52:04.245Z", "user": ["Daria"], "content_type": ["account", "testtask"], "object_id": "14", "object_repr": "Рынок аутстаффинга в Индии", "action_flag": 1, "change_message": "[{\"added\": {}}]"}}, {"model": "admin.logentry", "pk": 378, "fields": {"action_time": "2024-06-13T16:52:39.385Z", "user": ["Daria"], "content_type": ["account", "testtask"], "object_id": "15", "object_repr": "Рынок аутстаффинга в Европе", "action_flag": 1, "change_message": "[{\"added\": {}}]"}}, {"model": "admin.logentry", "pk": 379, "fields": {"action_time": "2024-06-13T16:55:39.929Z", "user": ["Daria"], "content_type": ["account", "testtask"], "object_id": "16", "object_repr": "Рынок аутстаффинга в странах Африки", "action_flag": 1, "change_message": "[{\"added\": {}}]"}}, {"model": "admin.logentry", "pk": 380, "fields": {"action_time": "2024-06-14T13:59:43.844Z", "user": ["Milto"], "content_type": ["account", "project"], "object_id": "11", "object_repr": "ADM-002 Серверные работы", "action_flag": 2, "change_message": "[{\"added\": {\"name\": \"\\u0417\\u0430\\u0434\\u0430\\u0447\\u0430 \\u0441\\u043f\\u0435\\u0446\\u0438\\u0430\\u043b\\u0438\\u0441\\u0442\\u0430 \\u043f\\u043e \\u043f\\u0440\\u043e\\u0435\\u043a\\u0442\\u0443\", \"object\": \"\\u0421\\u0435\\u0440 \\u0412\\u0430\\u0441\"}}]"}}, {"model": "admin.logentry", "pk": 381, "fields": {"action_time": "2024-06-14T14:04:43.901Z", "user": ["Milto"], "content_type": ["account", "project"], "object_id": "11", "object_repr": "ADM-002 Серверные работы", "action_flag": 2, "change_message": "[{\"added\": {\"name\": \"\\u0417\\u0430\\u0434\\u0430\\u0447\\u0430 \\u0441\\u043f\\u0435\\u0446\\u0438\\u0430\\u043b\\u0438\\u0441\\u0442\\u0430 \\u043f\\u043e \\u043f\\u0440\\u043e\\u0435\\u043a\\u0442\\u0443\", \"object\": \"\\u0421\\u0435\\u0440 \\u0412\\u0430\\u0441\"}}, {\"changed\": {\"name\": \"\\u0417\\u0430\\u0434\\u0430\\u0447\\u0430 \\u0441\\u043f\\u0435\\u0446\\u0438\\u0430\\u043b\\u0438\\u0441\\u0442\\u0430 \\u043f\\u043e \\u043f\\u0440\\u043e\\u0435\\u043a\\u0442\\u0443\", \"object\": \"\\u0421\\u0435\\u0440 \\u0412\\u0430\\u0441\", \"fields\": [\"\\u0414\\u0430\\u0442\\u0430 \\u043e\\u043a\\u043e\\u043d\\u0447\\u0430\\u043d\\u0438\\u044f\"]}}]"}}, {"model": "admin.logentry", "pk": 382, "fields": {"action_time": "2024-06-14T15:14:29.476Z", "user": ["Daria"], "content_type": ["account", "student"], "object_id": "68", "object_repr": "Julious Krasner", "action_flag": 3, "change_message": ""}}, {"model": "admin.logentry", "pk": 383, "fields": {"action_time": "2024-06-15T13:25:08.332Z", "user": ["Egor"], "content_type": ["account", "project"], "object_id": "10", "object_repr": "ADM-001 Тестовая задача", "action_flag": 2, "change_message": "[{\"changed\": {\"name\": \"\\u0417\\u0430\\u0434\\u0430\\u0447\\u0430 \\u0441\\u043f\\u0435\\u0446\\u0438\\u0430\\u043b\\u0438\\u0441\\u0442\\u0430 \\u043f\\u043e \\u043f\\u0440\\u043e\\u0435\\u043a\\u0442\\u0443\", \"object\": \"\\u0421\\u0435\\u0440 \\u0412\\u0430\\u0441\", \"fields\": [\"\\u041e\\u043f\\u0438\\u0441\\u0430\\u043d\\u0438\\u0435\"]}}]"}}, {"model": "admin.logentry", "pk": 384, "fields": {"action_time": "2024-06-15T13:30:20.178Z", "user": ["Milto"], "content_type": ["account", "project"], "object_id": "12", "object_repr": "ADM-003 Проекты", "action_flag": 2, "change_message": "[{\"added\": {\"name\": \"\\u0417\\u0430\\u0434\\u0430\\u0447\\u0430 \\u0441\\u043f\\u0435\\u0446\\u0438\\u0430\\u043b\\u0438\\u0441\\u0442\\u0430 \\u043f\\u043e \\u043f\\u0440\\u043e\\u0435\\u043a\\u0442\\u0443\", \"object\": \"\\u0421\\u0435\\u0440 \\u0412\\u0430\\u0441\"}}]"}}, {"model": "admin.logentry", "pk": 385, "fields": {"action_time": "2024-06-15T13:32:19.303Z", "user": ["Egor"], "content_type": ["account", "project"], "object_id": "10", "object_repr": "ADM-001 Тестовая задача", "action_flag": 2, "change_message": "[{\"changed\": {\"name\": \"\\u0417\\u0430\\u0434\\u0430\\u0447\\u0430 \\u0441\\u043f\\u0435\\u0446\\u0438\\u0430\\u043b\\u0438\\u0441\\u0442\\u0430 \\u043f\\u043e \\u043f\\u0440\\u043e\\u0435\\u043a\\u0442\\u0443\", \"object\": \"\\u0421\\u0435\\u0440 \\u0412\\u0430\\u0441\", \"fields\": [\"\\u0421\\u0442\\u0430\\u0442\\u0443\\u0441\"]}}]"}}, {"model": "admin.logentry", "pk": 386, "fields": {"action_time": "2024-06-15T13:34:11.756Z", "user": ["Egor"], "content_type": ["account", "project"], "object_id": "10", "object_repr": "ADM-001 Тестовая задача", "action_flag": 2, "change_message": "[{\"changed\": {\"name\": \"\\u0417\\u0430\\u0434\\u0430\\u0447\\u0430 \\u0441\\u043f\\u0435\\u0446\\u0438\\u0430\\u043b\\u0438\\u0441\\u0442\\u0430 \\u043f\\u043e \\u043f\\u0440\\u043e\\u0435\\u043a\\u0442\\u0443\", \"object\": \"\\u0421\\u0435\\u0440 \\u0412\\u0430\\u0441\", \"fields\": [\"\\u0414\\u0430\\u0442\\u0430 \\u043d\\u0430\\u0447\\u0430\\u043b\\u0430\", \"\\u0414\\u0430\\u0442\\u0430 \\u043e\\u043a\\u043e\\u043d\\u0447\\u0430\\u043d\\u0438\\u044f\"]}}]"}}, {"model": "admin.logentry", "pk": 387, "fields": {"action_time": "2024-06-15T13:39:12.928Z", "user": ["Egor"], "content_type": ["account", "project"], "object_id": "10", "object_repr": "ADM-001 Тестовая задача", "action_flag": 2, "change_message": "[{\"changed\": {\"name\": \"\\u0417\\u0430\\u0434\\u0430\\u0447\\u0430 \\u0441\\u043f\\u0435\\u0446\\u0438\\u0430\\u043b\\u0438\\u0441\\u0442\\u0430 \\u043f\\u043e \\u043f\\u0440\\u043e\\u0435\\u043a\\u0442\\u0443\", \"object\": \"\\u0421\\u0435\\u0440 \\u0412\\u0430\\u0441\", \"fields\": [\"\\u0421\\u0442\\u0430\\u0442\\u0443\\u0441\"]}}]"}}, {"model": "admin.logentry", "pk": 388, "fields": {"action_time": "2024-06-15T13:44:30.964Z", "user": ["Egor"], "content_type": ["account", "project"], "object_id": "10", "object_repr": "ADM-001 Тестовая задача", "action_flag": 2, "change_message": "[{\"changed\": {\"name\": \"\\u0417\\u0430\\u0434\\u0430\\u0447\\u0430 \\u0441\\u043f\\u0435\\u0446\\u0438\\u0430\\u043b\\u0438\\u0441\\u0442\\u0430 \\u043f\\u043e \\u043f\\u0440\\u043e\\u0435\\u043a\\u0442\\u0443\", \"object\": \"test1\", \"fields\": [\"\\u041e\\u043f\\u0438\\u0441\\u0430\\u043d\\u0438\\u0435\", \"\\u0414\\u0430\\u0442\\u0430 \\u043e\\u043a\\u043e\\u043d\\u0447\\u0430\\u043d\\u0438\\u044f\"]}}]"}}, {"model": "admin.logentry", "pk": 389, "fields": {"action_time": "2024-06-15T13:47:28.945Z", "user": ["Egor"], "content_type": ["account", "project"], "object_id": "10", "object_repr": "ADM-001 Тестовая задача", "action_flag": 2, "change_message": "[{\"changed\": {\"name\": \"\\u0417\\u0430\\u0434\\u0430\\u0447\\u0430 \\u0441\\u043f\\u0435\\u0446\\u0438\\u0430\\u043b\\u0438\\u0441\\u0442\\u0430 \\u043f\\u043e \\u043f\\u0440\\u043e\\u0435\\u043a\\u0442\\u0443\", \"object\": \"test1\", \"fields\": [\"\\u041e\\u043f\\u0438\\u0441\\u0430\\u043d\\u0438\\u0435\", \"\\u0414\\u0430\\u0442\\u0430 \\u043d\\u0430\\u0447\\u0430\\u043b\\u0430\", \"\\u0414\\u0430\\u0442\\u0430 \\u043e\\u043a\\u043e\\u043d\\u0447\\u0430\\u043d\\u0438\\u044f\"]}}]"}}, {"model": "admin.logentry", "pk": 390, "fields": {"action_time": "2024-06-15T13:49:08.541Z", "user": ["Egor"], "content_type": ["account", "project"], "object_id": "10", "object_repr": "ADM-001 Тестовая задача", "action_flag": 2, "change_message": "[{\"changed\": {\"name\": \"\\u0417\\u0430\\u0434\\u0430\\u0447\\u0430 \\u0433\\u0440\\u0443\\u043f\\u043f\\u044b \\u043f\\u043e \\u043f\\u0440\\u043e\\u0435\\u043a\\u0442\\u0443\", \"object\": \"\\u041e\\u043f\\u0438\\u0441\\u0430\\u043d\\u0438\\u0435 \\u0437\\u0430\\u0434\\u0430\\u0447\\u0438 \\u0433\\u0440\\u0443\\u043f\\u043f\\u044b \\u043f\\u043e \\u043f\\u0440\\u043e\\u0435\\u043a\\u0442\\u0443. \\u0412 \\u0442\\u0433 \\u043d\\u0435 \\u043e\\u0442\\u043e\\u0431\\u0440\\u0430\\u0436\\u0430\\u0435\\u0442\\u0441\\u044f \\u044d\\u0442\\u0430 \\u0438\\u043d\\u0444\\u043e\\u0440\\u043c\\u0430\\u0446\\u0438\\u044f\", \"fields\": [\"\\u0414\\u0430\\u0442\\u0430 \\u043d\\u0430\\u0447\\u0430\\u043b\\u0430\", \"\\u0414\\u0430\\u0442\\u0430 \\u043e\\u043a\\u043e\\u043d\\u0447\\u0430\\u043d\\u0438\\u044f\"]}}]"}}, {"model": "admin.logentry", "pk": 391, "fields": {"action_time": "2024-06-15T13:56:35.347Z", "user": ["Egor"], "content_type": ["account", "project"], "object_id": "10", "object_repr": "ADM-001 Тестовая задача", "action_flag": 2, "change_message": "[{\"changed\": {\"name\": \"\\u0417\\u0430\\u0434\\u0430\\u0447\\u0430 \\u0433\\u0440\\u0443\\u043f\\u043f\\u044b \\u043f\\u043e \\u043f\\u0440\\u043e\\u0435\\u043a\\u0442\\u0443\", \"object\": \"\\u0420\\u0435\\u0430\\u043b\\u0438\\u0437\\u043e\\u0432\\u0430\\u0442\\u044c \\u0432\\u044b\\u0434\\u0430\\u0447\\u0443 \\u043d\\u043e\\u0432\\u043e\\u0433\\u043e \\u0442\\u0435\\u0441\\u0442\\u043e\\u0432\\u043e\\u0433\\u043e \\u0441 \\u0441\\u043e\\u0445\\u0440\\u0430\\u043d\\u0435\\u043d\\u0438\\u0435\\u043c \\u0438\\u043d\\u0444\\u043e\\u0440\\u043c\\u0430\\u0446\\u0438\\u0438 \\u043f\\u043e \\u043f\\u0440\\u0435\\u0434\\u044b\\u0434\\u0443\\u0449\\u0435\\u043c\\u0443 (\\u043d\\u0435\\u0432\\u044b\\u043f\\u043e\\u043b\\u043d\\u0435\\u043d\\u043d\\u043e\\u043c\\u0443) \\u0442\\u0435\\u0441\\u0442\\u043e\\u0432\\u043e\\u043c\\u0443\", \"fields\": [\"\\u0414\\u0430\\u0442\\u0430 \\u043d\\u0430\\u0447\\u0430\\u043b\\u0430\"]}}, {\"changed\": {\"name\": \"\\u0417\\u0430\\u0434\\u0430\\u0447\\u0430 \\u0433\\u0440\\u0443\\u043f\\u043f\\u044b \\u043f\\u043e \\u043f\\u0440\\u043e\\u0435\\u043a\\u0442\\u0443\", \"object\": \"\\u0421\\u043e\\u0445\\u0440\\u0430\\u043d\\u044f\\u0442\\u044c \\u0434\\u0430\\u0442\\u0443 \\u0438 \\u0432\\u0440\\u0435\\u043c\\u044f \\u0432\\u044b\\u0434\\u0430\\u0447\\u0438 \\u0442\\u0435\\u0441\\u0442\\u043e\\u0432\\u043e\\u0433\\u043e. \\u0415\\u0441\\u043b\\u0438 \\u0434\\u0430\\u0442\\u0430 \\u0432\\u044b\\u043f\\u043e\\u043b\\u043d\\u0435\\u043d\\u043d\\u043e\\u0433\\u043e \\u0442\\u0435\\u0441\\u0442\\u043e\\u0432\\u043e\\u0433\\u043e \\u0441\\u043e\\u0432\\u043f\\u0430\\u0434\\u0430\\u0435\\u0442 \\u0441 \\u0434\\u0430\\u0442\\u043e\\u0439 \\u0440\\u0435\\u0433\\u0438\\u0441\\u0442\\u0440\\u0430\\u0446\\u0438\\u0438, \\u0442\\u043e \\u043e\\u0441\\u0442\\u0430\\u0432\\u0438\\u0442\\u044c \\u043e\\u0434\\u043d\\u0443. \\u0415\\u0441\\u043b\\u0438 \\u0431\\u044b\\u043b\\u043e \\u043f\\u043e\\u043b\\u0443\\u0447\\u0435\\u043d\\u043e \\u043d\\u0435\\u0441\\u043a\\u043e\\u043b\\u044c\\u043a\\u043e \\u0442\\u0435\\u0441\\u0442\\u043e\\u0432\\u044b\\u0445, \\u0438\\u043d\\u0444\\u043e\\u0440\\u043c\\u0430\\u0446\\u0438\\u044f: \\u0432 \\u043a\\u0430\\u043a\\u0443\\u044e \\u0434\\u0430\\u0442\\u0443 \\u043f\\u043e \\u043a\\u0430\\u0436\\u0434\\u043e\\u0439 \\u043f\\u043e\\u043f\\u044b\\u0442\\u043a\\u0435 \\u0434\\u043e\\u043b\\u0436\\u043d\\u0430 \\u0441\\u043e\\u0445\\u0440\\u0430\\u043d\\u044f\\u0442\\u044c\\u0441\\u044f\", \"fields\": [\"\\u0414\\u0430\\u0442\\u0430 \\u043d\\u0430\\u0447\\u0430\\u043b\\u0430\"]}}]"}}, {"model": "admin.logentry", "pk": 392, "fields": {"action_time": "2024-06-15T14:10:42.832Z", "user": ["Egor"], "content_type": ["account", "project"], "object_id": "13", "object_repr": "fgh", "action_flag": 1, "change_message": "[{\"added\": {}}]"}}, {"model": "admin.logentry", "pk": 393, "fields": {"action_time": "2024-06-15T14:11:26.171Z", "user": ["Egor"], "content_type": ["account", "project"], "object_id": "13", "object_repr": "fgh", "action_flag": 3, "change_message": ""}}, {"model": "admin.logentry", "pk": 394, "fields": {"action_time": "2024-06-15T14:17:42.443Z", "user": ["Egor"], "content_type": ["account", "project"], "object_id": "12", "object_repr": "ADM-003 Проекты", "action_flag": 2, "change_message": "[{\"changed\": {\"name\": \"\\u0417\\u0430\\u0434\\u0430\\u0447\\u0430 \\u0441\\u043f\\u0435\\u0446\\u0438\\u0430\\u043b\\u0438\\u0441\\u0442\\u0430 \\u043f\\u043e \\u043f\\u0440\\u043e\\u0435\\u043a\\u0442\\u0443\", \"object\": \"\\u0421\\u0435\\u0440 \\u0412\\u0430\\u0441\", \"fields\": [\"\\u041e\\u043f\\u0438\\u0441\\u0430\\u043d\\u0438\\u0435\"]}}]"}}, {"model": "admin.logentry", "pk": 395, "fields": {"action_time": "2024-06-15T14:18:15.181Z", "user": ["Egor"], "content_type": ["account", "project"], "object_id": "12", "object_repr": "ADM-003 Проекты", "action_flag": 2, "change_message": "[{\"changed\": {\"name\": \"\\u0417\\u0430\\u0434\\u0430\\u0447\\u0430 \\u0441\\u043f\\u0435\\u0446\\u0438\\u0430\\u043b\\u0438\\u0441\\u0442\\u0430 \\u043f\\u043e \\u043f\\u0440\\u043e\\u0435\\u043a\\u0442\\u0443\", \"object\": \"\\u0421\\u0435\\u0440 \\u0412\\u0430\\u0441\", \"fields\": [\"\\u0414\\u0430\\u0442\\u0430 \\u043d\\u0430\\u0447\\u0430\\u043b\\u0430\", \"\\u0414\\u0430\\u0442\\u0430 \\u043e\\u043a\\u043e\\u043d\\u0447\\u0430\\u043d\\u0438\\u044f\"]}}]"}}, {"model": "admin.logentry", "pk": 396, "fields": {"action_time": "2024-06-15T14:19:05.101Z", "user": ["Egor"], "content_type": ["account", "project"], "object_id": "12", "object_repr": "ADM-003 Проекты", "action_flag": 2, "change_message": "[{\"changed\": {\"name\": \"\\u0417\\u0430\\u0434\\u0430\\u0447\\u0430 \\u0441\\u043f\\u0435\\u0446\\u0438\\u0430\\u043b\\u0438\\u0441\\u0442\\u0430 \\u043f\\u043e \\u043f\\u0440\\u043e\\u0435\\u043a\\u0442\\u0443\", \"object\": \"\\u0421\\u0435\\u0440 \\u0412\\u0430\\u0441\", \"fields\": [\"\\u041e\\u043f\\u0438\\u0441\\u0430\\u043d\\u0438\\u0435\"]}}]"}}, {"model": "admin.logentry", "pk": 397, "fields": {"action_time": "2024-06-18T15:40:30.353Z", "user": ["Egor"], "content_type": ["account", "project"], "object_id": "12", "object_repr": "ADM-003 Проекты", "action_flag": 2, "change_message": "[{\"added\": {\"name\": \"\\u0417\\u0430\\u0434\\u0430\\u0447\\u0430 \\u0441\\u043f\\u0435\\u0446\\u0438\\u0430\\u043b\\u0438\\u0441\\u0442\\u0430 \\u043f\\u043e \\u043f\\u0440\\u043e\\u0435\\u043a\\u0442\\u0443\", \"object\": \"\\u0421\\u0435\\u0440 \\u0412\\u0430\\u0441\"}}]"}}, {"model": "admin.logentry", "pk": 398, "fields": {"action_time": "2024-06-18T15:42:08.145Z", "user": ["Egor"], "content_type": ["account", "project"], "object_id": "12", "object_repr": "ADM-003 Проекты", "action_flag": 2, "change_message": "[{\"changed\": {\"name\": \"\\u0417\\u0430\\u0434\\u0430\\u0447\\u0430 \\u0441\\u043f\\u0435\\u0446\\u0438\\u0430\\u043b\\u0438\\u0441\\u0442\\u0430 \\u043f\\u043e \\u043f\\u0440\\u043e\\u0435\\u043a\\u0442\\u0443\", \"object\": \"\\u0421\\u0435\\u0440 \\u0412\\u0430\\u0441\", \"fields\": [\"\\u0414\\u0430\\u0442\\u0430 \\u043d\\u0430\\u0447\\u0430\\u043b\\u0430\", \"\\u0414\\u0430\\u0442\\u0430 \\u043e\\u043a\\u043e\\u043d\\u0447\\u0430\\u043d\\u0438\\u044f\"]}}]"}}, {"model": "admin.logentry", "pk": 399, "fields": {"action_time": "2024-06-18T15:45:55.264Z", "user": ["Egor"], "content_type": ["account", "project"], "object_id": "12", "object_repr": "ADM-003 Проекты", "action_flag": 2, "change_message": "[{\"changed\": {\"name\": \"\\u0417\\u0430\\u0434\\u0430\\u0447\\u0430 \\u0441\\u043f\\u0435\\u0446\\u0438\\u0430\\u043b\\u0438\\u0441\\u0442\\u0430 \\u043f\\u043e \\u043f\\u0440\\u043e\\u0435\\u043a\\u0442\\u0443\", \"object\": \"\\u0421\\u0435\\u0440 \\u0412\\u0430\\u0441\", \"fields\": [\"\\u0414\\u0430\\u0442\\u0430 \\u043d\\u0430\\u0447\\u0430\\u043b\\u0430\", \"\\u0414\\u0430\\u0442\\u0430 \\u043e\\u043a\\u043e\\u043d\\u0447\\u0430\\u043d\\u0438\\u044f\"]}}]"}}, {"model": "admin.logentry", "pk": 400, "fields": {"action_time": "2024-06-19T11:54:13.669Z", "user": ["Milto"], "content_type": ["account", "customuser"], "object_id": "8", "object_repr": "Alla", "action_flag": 1, "change_message": "[{\"added\": {}}]"}}, {"model": "admin.logentry", "pk": 401, "fields": {"action_time": "2024-06-19T12:06:01.100Z", "user": ["Milto"], "content_type": ["auth", "group"], "object_id": "3", "object_repr": "TL", "action_flag": 1, "change_message": "[{\"added\": {}}]"}}, {"model": "admin.logentry", "pk": 402, "fields": {"action_time": "2024-06-19T12:06:56.251Z", "user": ["Milto"], "content_type": ["account", "customuser"], "object_id": "8", "object_repr": "Alla", "action_flag": 2, "change_message": "[{\"changed\": {\"fields\": [\"\\u0422\\u0435\\u043a\\u0443\\u0449\\u0438\\u0439 \\u0441\\u0442\\u0430\\u0442\\u0443\\u0441\", \"Groups\"]}}]"}}, {"model": "admin.logentry", "pk": 403, "fields": {"action_time": "2024-06-20T09:34:12.003Z", "user": ["Milto"], "content_type": ["account", "project"], "object_id": "12", "object_repr": "ADM-003 Проекты", "action_flag": 2, "change_message": "[{\"changed\": {\"fields\": [\"\\u0421\\u043f\\u0435\\u0446\\u0438\\u0430\\u043b\\u0438\\u0441\\u0442\\u044b\"]}}]"}}, {"model": "admin.logentry", "pk": 404, "fields": {"action_time": "2024-06-20T09:34:28.736Z", "user": ["Milto"], "content_type": ["account", "project"], "object_id": "12", "object_repr": "ADM-003 Проекты", "action_flag": 2, "change_message": "[{\"added\": {\"name\": \"\\u0417\\u0430\\u0434\\u0430\\u0447\\u0430 \\u0441\\u043f\\u0435\\u0446\\u0438\\u0430\\u043b\\u0438\\u0441\\u0442\\u0430 \\u043f\\u043e \\u043f\\u0440\\u043e\\u0435\\u043a\\u0442\\u0443\", \"object\": \"test\"}}]"}}, {"model": "admin.logentry", "pk": 405, "fields": {"action_time": "2024-06-20T18:03:02.889Z", "user": ["Milto"], "content_type": ["account", "taskstudent"], "object_id": "34", "object_repr": "test", "action_flag": 3, "change_message": ""}}, {"model": "admin.logentry", "pk": 406, "fields": {"action_time": "2024-06-20T18:13:50.555Z", "user": ["Egor"], "content_type": ["account", "project"], "object_id": "12", "object_repr": "ADM-003 Проекты", "action_flag": 2, "change_message": "[{\"changed\": {\"fields\": [\"\\u0421\\u043f\\u0435\\u0446\\u0438\\u0430\\u043b\\u0438\\u0441\\u0442\\u044b\"]}}, {\"changed\": {\"name\": \"\\u0417\\u0430\\u0434\\u0430\\u0447\\u0430 \\u0441\\u043f\\u0435\\u0446\\u0438\\u0430\\u043b\\u0438\\u0441\\u0442\\u0430 \\u043f\\u043e \\u043f\\u0440\\u043e\\u0435\\u043a\\u0442\\u0443\", \"object\": \"\\u0421\\u0435\\u0440 \\u0412\\u0430\\u0441\", \"fields\": [\"\\u041e\\u043f\\u0438\\u0441\\u0430\\u043d\\u0438\\u0435\"]}}]"}}, {"model": "admin.logentry", "pk": 407, "fields": {"action_time": "2024-06-23T21:39:31.737Z", "user": ["Egor"], "content_type": ["account", "project"], "object_id": "12", "object_repr": "ADM-003 Проекты", "action_flag": 2, "change_message": "[{\"changed\": {\"name\": \"\\u0417\\u0430\\u0434\\u0430\\u0447\\u0430 \\u0441\\u043f\\u0435\\u0446\\u0438\\u0430\\u043b\\u0438\\u0441\\u0442\\u0430 \\u043f\\u043e \\u043f\\u0440\\u043e\\u0435\\u043a\\u0442\\u0443\", \"object\": \"\\u0421\\u0435\\u0440 \\u0412\\u0430\\u0441\", \"fields\": [\"\\u041e\\u043f\\u0438\\u0441\\u0430\\u043d\\u0438\\u0435\"]}}]"}}, {"model": "admin.logentry", "pk": 408, "fields": {"action_time": "2024-06-24T21:04:54.148Z", "user": ["Egor"], "content_type": ["account", "project"], "object_id": "10", "object_repr": "ADM-001 Тестовая задача", "action_flag": 2, "change_message": "[{\"changed\": {\"name\": \"\\u0417\\u0430\\u0434\\u0430\\u0447\\u0430 \\u0441\\u043f\\u0435\\u0446\\u0438\\u0430\\u043b\\u0438\\u0441\\u0442\\u0430 \\u043f\\u043e \\u043f\\u0440\\u043e\\u0435\\u043a\\u0442\\u0443\", \"object\": \"test1\", \"fields\": [\"\\u041e\\u043f\\u0438\\u0441\\u0430\\u043d\\u0438\\u0435\"]}}, {\"changed\": {\"name\": \"\\u0417\\u0430\\u0434\\u0430\\u0447\\u0430 \\u0441\\u043f\\u0435\\u0446\\u0438\\u0430\\u043b\\u0438\\u0441\\u0442\\u0430 \\u043f\\u043e \\u043f\\u0440\\u043e\\u0435\\u043a\\u0442\\u0443\", \"object\": \"\\u0421\\u0435\\u0440 \\u0412\\u0430\\u0441\", \"fields\": [\"\\u041e\\u043f\\u0438\\u0441\\u0430\\u043d\\u0438\\u0435\"]}}, {\"changed\": {\"name\": \"\\u0417\\u0430\\u0434\\u0430\\u0447\\u0430 \\u0441\\u043f\\u0435\\u0446\\u0438\\u0430\\u043b\\u0438\\u0441\\u0442\\u0430 \\u043f\\u043e \\u043f\\u0440\\u043e\\u0435\\u043a\\u0442\\u0443\", \"object\": \"\\u0421\\u0435\\u0440 \\u0412\\u0430\\u0441\", \"fields\": [\"\\u041e\\u043f\\u0438\\u0441\\u0430\\u043d\\u0438\\u0435\"]}}, {\"changed\": {\"name\": \"\\u0417\\u0430\\u0434\\u0430\\u0447\\u0430 \\u0441\\u043f\\u0435\\u0446\\u0438\\u0430\\u043b\\u0438\\u0441\\u0442\\u0430 \\u043f\\u043e \\u043f\\u0440\\u043e\\u0435\\u043a\\u0442\\u0443\", \"object\": \"\\u0421\\u0435\\u0440 \\u0412\\u0430\\u0441\", \"fields\": [\"\\u041e\\u043f\\u0438\\u0441\\u0430\\u043d\\u0438\\u0435\"]}}]"}}, {"model": "admin.logentry", "pk": 409, "fields": {"action_time": "2024-06-24T21:06:53.902Z", "user": ["Egor"], "content_type": ["account", "project"], "object_id": "12", "object_repr": "ADM-003 Проекты", "action_flag": 2, "change_message": "[{\"changed\": {\"name\": \"\\u0417\\u0430\\u0434\\u0430\\u0447\\u0430 \\u0441\\u043f\\u0435\\u0446\\u0438\\u0430\\u043b\\u0438\\u0441\\u0442\\u0430 \\u043f\\u043e \\u043f\\u0440\\u043e\\u0435\\u043a\\u0442\\u0443\", \"object\": \"\\u0421\\u0435\\u0440 \\u0412\\u0430\\u0441\", \"fields\": [\"\\u041e\\u043f\\u0438\\u0441\\u0430\\u043d\\u0438\\u0435\"]}}]"}}, {"model": "admin.logentry", "pk": 410, "fields": {"action_time": "2024-06-27T11:44:52.366Z", "user": ["Milto"], "content_type": ["account", "project"], "object_id": "14", "object_repr": "ВНЖ menu.ai", "action_flag": 1, "change_message": "[{\"added\": {}}]"}}, {"model": "admin.logentry", "pk": 411, "fields": {"action_time": "2024-06-27T11:51:00.436Z", "user": ["Milto"], "content_type": ["account", "project"], "object_id": "14", "object_repr": "ВНЖ menu.ai", "action_flag": 2, "change_message": "[{\"added\": {\"name\": \"\\u0417\\u0430\\u0434\\u0430\\u0447\\u0430 \\u0441\\u043f\\u0435\\u0446\\u0438\\u0430\\u043b\\u0438\\u0441\\u0442\\u0430 \\u043f\\u043e \\u043f\\u0440\\u043e\\u0435\\u043a\\u0442\\u0443\", \"object\": \"Anastasia Olegovna Volkova\"}}]"}}, {"model": "admin.logentry", "pk": 412, "fields": {"action_time": "2024-06-27T11:54:48.315Z", "user": ["Milto"], "content_type": ["account", "project"], "object_id": "14", "object_repr": "ВНЖ menu.ai", "action_flag": 2, "change_message": "[{\"changed\": {\"name\": \"\\u0417\\u0430\\u0434\\u0430\\u0447\\u0430 \\u0441\\u043f\\u0435\\u0446\\u0438\\u0430\\u043b\\u0438\\u0441\\u0442\\u0430 \\u043f\\u043e \\u043f\\u0440\\u043e\\u0435\\u043a\\u0442\\u0443\", \"object\": \"Anastasia Olegovna Volkova\", \"fields\": [\"\\u0421\\u0442\\u043e\\u0438\\u043c\\u043e\\u0441\\u0442\\u044c\", \"\\u0414\\u0430\\u0442\\u0430 \\u043d\\u0430\\u0447\\u0430\\u043b\\u0430\", \"\\u041e\\u0446\\u0435\\u043d\\u043a\\u0430 \\u043f\\u043e \\u043f\\u0440\\u043e\\u0435\\u043a\\u0442\\u0443\", \"\\u0421\\u043e\\u0431\\u043b\\u044e\\u0434\\u0435\\u043d\\u0438\\u0435 \\u0434\\u0435\\u0434\\u043b\\u0430\\u0439\\u043d\\u043e\\u0432\", \"\\u0420\\u0435\\u043a\\u043e\\u043c\\u0435\\u043d\\u0434\\u0430\\u0446\\u0438\\u044f \\u043c\\u0435\\u043d\\u0435\\u0434\\u0436\\u0435\\u0440\\u0430\", \"\\u041a\\u043e\\u044d\\u0444\\u0444\\u0438\\u0446\\u0438\\u0435\\u043d\\u0442 \\u0441\\u043b\\u043e\\u0436\\u043d\\u043e\\u0441\\u0442\\u0438\", \"\\u041a\\u0440\\u0435\\u0434\\u0438\\u0442\\u044b\"]}}]"}}, {"model": "admin.logentry", "pk": 413, "fields": {"action_time": "2024-06-27T12:03:17.606Z", "user": ["Milto"], "content_type": ["account", "project"], "object_id": "14", "object_repr": "ВНЖ menu.ai", "action_flag": 2, "change_message": "[{\"changed\": {\"fields\": [\"\\u0421\\u043f\\u0435\\u0446\\u0438\\u0430\\u043b\\u0438\\u0441\\u0442\\u044b\"]}}, {\"added\": {\"name\": \"\\u0417\\u0430\\u0434\\u0430\\u0447\\u0430 \\u0441\\u043f\\u0435\\u0446\\u0438\\u0430\\u043b\\u0438\\u0441\\u0442\\u0430 \\u043f\\u043e \\u043f\\u0440\\u043e\\u0435\\u043a\\u0442\\u0443\", \"object\": \"Sergei Sergeevich Glukhov\"}}]"}}, {"model": "admin.logentry", "pk": 414, "fields": {"action_time": "2024-06-27T12:03:23.971Z", "user": ["Milto"], "content_type": ["account", "project"], "object_id": "14", "object_repr": "ВНЖ menu.ai", "action_flag": 2, "change_message": "[{\"changed\": {\"name\": \"\\u0417\\u0430\\u0434\\u0430\\u0447\\u0430 \\u0441\\u043f\\u0435\\u0446\\u0438\\u0430\\u043b\\u0438\\u0441\\u0442\\u0430 \\u043f\\u043e \\u043f\\u0440\\u043e\\u0435\\u043a\\u0442\\u0443\", \"object\": \"test\", \"fields\": [\"\\u0421\\u043f\\u0435\\u0446\\u0438\\u0430\\u043b\\u0438\\u0441\\u0442\"]}}]"}}, {"model": "admin.logentry", "pk": 415, "fields": {"action_time": "2024-06-27T12:05:03.084Z", "user": ["Milto"], "content_type": ["account", "project"], "object_id": "14", "object_repr": "ВНЖ menu.ai", "action_flag": 2, "change_message": "[{\"changed\": {\"name\": \"\\u0417\\u0430\\u0434\\u0430\\u0447\\u0430 \\u0441\\u043f\\u0435\\u0446\\u0438\\u0430\\u043b\\u0438\\u0441\\u0442\\u0430 \\u043f\\u043e \\u043f\\u0440\\u043e\\u0435\\u043a\\u0442\\u0443\", \"object\": \"Anastasia Olegovna Volkova\", \"fields\": [\"\\u0421\\u043f\\u0435\\u0446\\u0438\\u0430\\u043b\\u0438\\u0441\\u0442\"]}}]"}}, {"model": "admin.logentry", "pk": 416, "fields": {"action_time": "2024-06-27T12:10:23.673Z", "user": ["Milto"], "content_type": ["account", "project"], "object_id": "14", "object_repr": "ВНЖ menu.ai", "action_flag": 2, "change_message": "[{\"added\": {\"name\": \"\\u0417\\u0430\\u0434\\u0430\\u0447\\u0430 \\u0441\\u043f\\u0435\\u0446\\u0438\\u0430\\u043b\\u0438\\u0441\\u0442\\u0430 \\u043f\\u043e \\u043f\\u0440\\u043e\\u0435\\u043a\\u0442\\u0443\", \"object\": \"test\"}}]"}}, {"model": "admin.logentry", "pk": 417, "fields": {"action_time": "2024-06-27T12:11:10.711Z", "user": ["Milto"], "content_type": ["account", "project"], "object_id": "14", "object_repr": "ВНЖ menu.ai", "action_flag": 2, "change_message": "[{\"changed\": {\"name\": \"\\u0417\\u0430\\u0434\\u0430\\u0447\\u0430 \\u0441\\u043f\\u0435\\u0446\\u0438\\u0430\\u043b\\u0438\\u0441\\u0442\\u0430 \\u043f\\u043e \\u043f\\u0440\\u043e\\u0435\\u043a\\u0442\\u0443\", \"object\": \"test\", \"fields\": [\"\\u041e\\u043f\\u0438\\u0441\\u0430\\u043d\\u0438\\u0435\"]}}]"}}, {"model": "admin.logentry", "pk": 418, "fields": {"action_time": "2024-06-27T12:12:21.471Z", "user": ["Milto"], "content_type": ["account", "project"], "object_id": "14", "object_repr": "ВНЖ menu.ai", "action_flag": 2, "change_message": "[{\"changed\": {\"name\": \"\\u0417\\u0430\\u0434\\u0430\\u0447\\u0430 \\u0441\\u043f\\u0435\\u0446\\u0438\\u0430\\u043b\\u0438\\u0441\\u0442\\u0430 \\u043f\\u043e \\u043f\\u0440\\u043e\\u0435\\u043a\\u0442\\u0443\", \"object\": \"Anastasia Olegovna Volkova\", \"fields\": [\"\\u0421\\u043f\\u0435\\u0446\\u0438\\u0430\\u043b\\u0438\\u0441\\u0442\"]}}]"}}, {"model": "admin.logentry", "pk": 419, "fields": {"action_time": "2024-06-27T12:14:13.010Z", "user": ["Milto"], "content_type": ["account", "project"], "object_id": "14", "object_repr": "ВНЖ menu.ai", "action_flag": 2, "change_message": "[{\"added\": {\"name\": \"\\u0417\\u0430\\u0434\\u0430\\u0447\\u0430 \\u0441\\u043f\\u0435\\u0446\\u0438\\u0430\\u043b\\u0438\\u0441\\u0442\\u0430 \\u043f\\u043e \\u043f\\u0440\\u043e\\u0435\\u043a\\u0442\\u0443\", \"object\": \"test\"}}]"}}, {"model": "admin.logentry", "pk": 420, "fields": {"action_time": "2024-06-27T12:14:36.726Z", "user": ["Milto"], "content_type": ["account", "project"], "object_id": "14", "object_repr": "ВНЖ menu.ai", "action_flag": 2, "change_message": "[{\"changed\": {\"fields\": [\"\\u0421\\u043f\\u0435\\u0446\\u0438\\u0430\\u043b\\u0438\\u0441\\u0442\\u044b\"]}}]"}}, {"model": "admin.logentry", "pk": 421, "fields": {"action_time": "2024-06-27T12:20:04.067Z", "user": ["Milto"], "content_type": ["account", "project"], "object_id": "14", "object_repr": "ВНЖ menu.ai", "action_flag": 2, "change_message": "[{\"changed\": {\"name\": \"\\u0417\\u0430\\u0434\\u0430\\u0447\\u0430 \\u0441\\u043f\\u0435\\u0446\\u0438\\u0430\\u043b\\u0438\\u0441\\u0442\\u0430 \\u043f\\u043e \\u043f\\u0440\\u043e\\u0435\\u043a\\u0442\\u0443\", \"object\": \"Daria Sigida\", \"fields\": [\"\\u0421\\u043f\\u0435\\u0446\\u0438\\u0430\\u043b\\u0438\\u0441\\u0442\", \"\\u0421\\u0442\\u043e\\u0438\\u043c\\u043e\\u0441\\u0442\\u044c\", \"\\u0414\\u0430\\u0442\\u0430 \\u043d\\u0430\\u0447\\u0430\\u043b\\u0430\", \"\\u0414\\u0430\\u0442\\u0430 \\u043e\\u043a\\u043e\\u043d\\u0447\\u0430\\u043d\\u0438\\u044f\", \"\\u041a\\u043e\\u044d\\u0444\\u0444\\u0438\\u0446\\u0438\\u0435\\u043d\\u0442 \\u0441\\u043b\\u043e\\u0436\\u043d\\u043e\\u0441\\u0442\\u0438\", \"\\u041a\\u0440\\u0435\\u0434\\u0438\\u0442\\u044b\"]}}]"}}, {"model": "admin.logentry", "pk": 422, "fields": {"action_time": "2024-06-27T12:22:27.170Z", "user": ["Milto"], "content_type": ["account", "project"], "object_id": "14", "object_repr": "ВНЖ menu.ai", "action_flag": 2, "change_message": "[{\"changed\": {\"name\": \"\\u0417\\u0430\\u0434\\u0430\\u0447\\u0430 \\u0441\\u043f\\u0435\\u0446\\u0438\\u0430\\u043b\\u0438\\u0441\\u0442\\u0430 \\u043f\\u043e \\u043f\\u0440\\u043e\\u0435\\u043a\\u0442\\u0443\", \"object\": \"Daria Sigida\", \"fields\": [\"\\u041e\\u043f\\u0438\\u0441\\u0430\\u043d\\u0438\\u0435\", \"\\u0421\\u0442\\u043e\\u0438\\u043c\\u043e\\u0441\\u0442\\u044c\"]}}]"}}, {"model": "admin.logentry", "pk": 423, "fields": {"action_time": "2024-06-27T12:22:37.307Z", "user": ["Milto"], "content_type": ["account", "project"], "object_id": "14", "object_repr": "ВНЖ menu.ai", "action_flag": 2, "change_message": "[{\"changed\": {\"fields\": [\"\\u0421\\u043f\\u0435\\u0446\\u0438\\u0430\\u043b\\u0438\\u0441\\u0442\\u044b\"]}}]"}}, {"model": "admin.logentry", "pk": 424, "fields": {"action_time": "2024-06-27T12:26:26.101Z", "user": ["Milto"], "content_type": ["account", "project"], "object_id": "14", "object_repr": "ВНЖ menu.ai", "action_flag": 2, "change_message": "[{\"added\": {\"name\": \"\\u0417\\u0430\\u0434\\u0430\\u0447\\u0430 \\u0441\\u043f\\u0435\\u0446\\u0438\\u0430\\u043b\\u0438\\u0441\\u0442\\u0430 \\u043f\\u043e \\u043f\\u0440\\u043e\\u0435\\u043a\\u0442\\u0443\", \"object\": \"Leo Kriukov\"}}]"}}, {"model": "admin.logentry", "pk": 425, "fields": {"action_time": "2024-06-27T12:28:09.808Z", "user": ["Milto"], "content_type": ["account", "project"], "object_id": "14", "object_repr": "ВНЖ menu.ai", "action_flag": 2, "change_message": "[{\"changed\": {\"name\": \"\\u0417\\u0430\\u0434\\u0430\\u0447\\u0430 \\u0441\\u043f\\u0435\\u0446\\u0438\\u0430\\u043b\\u0438\\u0441\\u0442\\u0430 \\u043f\\u043e \\u043f\\u0440\\u043e\\u0435\\u043a\\u0442\\u0443\", \"object\": \"test\", \"fields\": [\"\\u0421\\u043f\\u0435\\u0446\\u0438\\u0430\\u043b\\u0438\\u0441\\u0442\"]}}]"}}, {"model": "admin.logentry", "pk": 426, "fields": {"action_time": "2024-06-27T12:47:31.543Z", "user": ["Milto"], "content_type": ["account", "project"], "object_id": "14", "object_repr": "ВНЖ menu.ai", "action_flag": 2, "change_message": "[{\"changed\": {\"name\": \"\\u0417\\u0430\\u0434\\u0430\\u0447\\u0430 \\u0441\\u043f\\u0435\\u0446\\u0438\\u0430\\u043b\\u0438\\u0441\\u0442\\u0430 \\u043f\\u043e \\u043f\\u0440\\u043e\\u0435\\u043a\\u0442\\u0443\", \"object\": \"Anastasia Olegovna Volkova\", \"fields\": [\"\\u041e\\u043f\\u0438\\u0441\\u0430\\u043d\\u0438\\u0435\"]}}]"}}, {"model": "admin.logentry", "pk": 427, "fields": {"action_time": "2024-06-27T12:50:12.639Z", "user": ["Milto"], "content_type": ["account", "project"], "object_id": "14", "object_repr": "ВНЖ menu.ai", "action_flag": 2, "change_message": "[{\"added\": {\"name\": \"\\u0417\\u0430\\u0434\\u0430\\u0447\\u0430 \\u0441\\u043f\\u0435\\u0446\\u0438\\u0430\\u043b\\u0438\\u0441\\u0442\\u0430 \\u043f\\u043e \\u043f\\u0440\\u043e\\u0435\\u043a\\u0442\\u0443\", \"object\": \"Sergei Sergeevich Glukhov\"}}, {\"changed\": {\"name\": \"\\u0417\\u0430\\u0434\\u0430\\u0447\\u0430 \\u0441\\u043f\\u0435\\u0446\\u0438\\u0430\\u043b\\u0438\\u0441\\u0442\\u0430 \\u043f\\u043e \\u043f\\u0440\\u043e\\u0435\\u043a\\u0442\\u0443\", \"object\": \"Anastasia Olegovna Volkova\", \"fields\": [\"\\u0421\\u043f\\u0435\\u0446\\u0438\\u0430\\u043b\\u0438\\u0441\\u0442\"]}}]"}}, {"model": "admin.logentry", "pk": 428, "fields": {"action_time": "2024-06-27T12:50:38.389Z", "user": ["Milto"], "content_type": ["account", "project"], "object_id": "14", "object_repr": "ВНЖ menu.ai", "action_flag": 2, "change_message": "[{\"changed\": {\"fields\": [\"\\u0421\\u043f\\u0435\\u0446\\u0438\\u0430\\u043b\\u0438\\u0441\\u0442\\u044b\"]}}]"}}, {"model": "admin.logentry", "pk": 429, "fields": {"action_time": "2024-06-27T12:54:00.227Z", "user": ["Milto"], "content_type": ["account", "project"], "object_id": "14", "object_repr": "ВНЖ menu.ai", "action_flag": 2, "change_message": "[{\"added\": {\"name\": \"\\u0417\\u0430\\u0434\\u0430\\u0447\\u0430 \\u0441\\u043f\\u0435\\u0446\\u0438\\u0430\\u043b\\u0438\\u0441\\u0442\\u0430 \\u043f\\u043e \\u043f\\u0440\\u043e\\u0435\\u043a\\u0442\\u0443\", \"object\": \"\\u041d\\u0438\\u043a\\u043e\\u043b\\u0430\\u0435\\u0432 \\u0415\\u0433\\u043e\\u0440 \\u041c\\u0438\\u0445\\u0430\\u0439\\u043b\\u043e\\u0432\\u0438\\u0447\"}}, {\"changed\": {\"name\": \"\\u0417\\u0430\\u0434\\u0430\\u0447\\u0430 \\u0441\\u043f\\u0435\\u0446\\u0438\\u0430\\u043b\\u0438\\u0441\\u0442\\u0430 \\u043f\\u043e \\u043f\\u0440\\u043e\\u0435\\u043a\\u0442\\u0443\", \"object\": \"Sergei Sergeevich Glukhov\", \"fields\": [\"\\u041e\\u043f\\u0438\\u0441\\u0430\\u043d\\u0438\\u0435\", \"\\u041a\\u0440\\u0435\\u0434\\u0438\\u0442\\u044b\"]}}]"}}, {"model": "admin.logentry", "pk": 430, "fields": {"action_time": "2024-06-27T14:32:30.638Z", "user": ["Daria"], "content_type": ["account", "project"], "object_id": "15", "object_repr": "Freelbee", "action_flag": 1, "change_message": "[{\"added\": {}}]"}}, {"model": "admin.logentry", "pk": 431, "fields": {"action_time": "2024-06-27T14:33:18.843Z", "user": ["Daria"], "content_type": ["account", "taskstudent"], "object_id": "42", "object_repr": "Leo Kriukov", "action_flag": 1, "change_message": "[{\"added\": {}}]"}}, {"model": "admin.logentry", "pk": 432, "fields": {"action_time": "2024-06-27T14:33:56.490Z", "user": ["Daria"], "content_type": ["account", "taskstudent"], "object_id": "43", "object_repr": "Daria Sigida", "action_flag": 1, "change_message": "[{\"added\": {}}]"}}, {"model": "admin.logentry", "pk": 433, "fields": {"action_time": "2024-06-27T17:22:34.203Z", "user": ["Egor"], "content_type": ["account", "project"], "object_id": "16", "object_repr": "Hestor.Pro", "action_flag": 1, "change_message": "[{\"added\": {}}]"}}, {"model": "admin.logentry", "pk": 434, "fields": {"action_time": "2024-06-27T17:24:55.388Z", "user": ["Egor"], "content_type": ["account", "taskstudent"], "object_id": "44", "object_repr": "Николаев Егор Михайлович", "action_flag": 1, "change_message": "[{\"added\": {}}]"}}, {"model": "admin.logentry", "pk": 435, "fields": {"action_time": "2024-06-27T17:58:44.039Z", "user": ["Milto"], "content_type": ["account", "project"], "object_id": "14", "object_repr": "ВНЖ menu.ai", "action_flag": 2, "change_message": "[{\"changed\": {\"name\": \"\\u0417\\u0430\\u0434\\u0430\\u0447\\u0430 \\u0441\\u043f\\u0435\\u0446\\u0438\\u0430\\u043b\\u0438\\u0441\\u0442\\u0430 \\u043f\\u043e \\u043f\\u0440\\u043e\\u0435\\u043a\\u0442\\u0443\", \"object\": \"test\", \"fields\": [\"\\u0421\\u043f\\u0435\\u0446\\u0438\\u0430\\u043b\\u0438\\u0441\\u0442\"]}}]"}}, {"model": "admin.logentry", "pk": 436, "fields": {"action_time": "2024-06-28T10:05:51.405Z", "user": ["Egor"], "content_type": ["account", "university"], "object_id": "12", "object_repr": "РТА", "action_flag": 1, "change_message": "[{\"added\": {}}]"}}, {"model": "admin.logentry", "pk": 437, "fields": {"action_time": "2024-06-28T10:08:12.710Z", "user": ["Egor"], "content_type": ["account", "groupstudent"], "object_id": "1", "object_repr": "Команда YouStars", "action_flag": 1, "change_message": "[{\"added\": {}}]"}}, {"model": "admin.logentry", "pk": 438, "fields": {"action_time": "2024-07-03T11:59:37.256Z", "user": ["Alla"], "content_type": ["account", "project"], "object_id": "17", "object_repr": "Дальнобойщики (Белявский)", "action_flag": 1, "change_message": "[{\"added\": {}}]"}}, {"model": "admin.logentry", "pk": 439, "fields": {"action_time": "2024-07-03T12:01:30.586Z", "user": ["Alla"], "content_type": ["account", "project"], "object_id": "17", "object_repr": "Дальнобойщики (Белявский)", "action_flag": 2, "change_message": "[{\"changed\": {\"fields\": [\"\\u0421\\u043f\\u0435\\u0446\\u0438\\u0430\\u043b\\u0438\\u0441\\u0442\\u044b\"]}}]"}}, {"model": "admin.logentry", "pk": 440, "fields": {"action_time": "2024-07-03T12:02:03.635Z", "user": ["Alla"], "content_type": ["account", "project"], "object_id": "17", "object_repr": "Дальнобойщики (Белявский)", "action_flag": 2, "change_message": "[{\"added\": {\"name\": \"\\u0417\\u0430\\u0434\\u0430\\u0447\\u0430 \\u0441\\u043f\\u0435\\u0446\\u0438\\u0430\\u043b\\u0438\\u0441\\u0442\\u0430 \\u043f\\u043e \\u043f\\u0440\\u043e\\u0435\\u043a\\u0442\\u0443\", \"object\": \"Daria Sigida\"}}]"}}, {"model": "admin.logentry", "pk": 441, "fields": {"action_time": "2024-07-03T12:02:33.256Z", "user": ["Alla"], "content_type": ["account", "project"], "object_id": "17", "object_repr": "Дальнобойщики (Белявский)", "action_flag": 2, "change_message": "[{\"added\": {\"name\": \"\\u0417\\u0430\\u0434\\u0430\\u0447\\u0430 \\u0441\\u043f\\u0435\\u0446\\u0438\\u0430\\u043b\\u0438\\u0441\\u0442\\u0430 \\u043f\\u043e \\u043f\\u0440\\u043e\\u0435\\u043a\\u0442\\u0443\", \"object\": \"\\u0425\\u0435\\u0442\\u0430\\u0433\"}}]"}}, {"model": "admin.logentry", "pk": 442, "fields": {"action_time": "2024-07-03T12:04:34.152Z", "user": ["Alla"], "content_type": ["account", "project"], "object_id": "17", "object_repr": "Дальнобойщики (Белявский)", "action_flag": 2, "change_message": "[{\"added\": {\"name\": \"\\u0417\\u0430\\u0434\\u0430\\u0447\\u0430 \\u0441\\u043f\\u0435\\u0446\\u0438\\u0430\\u043b\\u0438\\u0441\\u0442\\u0430 \\u043f\\u043e \\u043f\\u0440\\u043e\\u0435\\u043a\\u0442\\u0443\", \"object\": \"\\u0425\\u0435\\u0442\\u0430\\u0433\"}}]"}}, {"model": "admin.logentry", "pk": 443, "fields": {"action_time": "2024-07-03T12:05:24.523Z", "user": ["Alla"], "content_type": ["account", "project"], "object_id": "17", "object_repr": "Дальнобойщики (Белявский)", "action_flag": 2, "change_message": "[{\"added\": {\"name\": \"\\u0417\\u0430\\u0434\\u0430\\u0447\\u0430 \\u0441\\u043f\\u0435\\u0446\\u0438\\u0430\\u043b\\u0438\\u0441\\u0442\\u0430 \\u043f\\u043e \\u043f\\u0440\\u043e\\u0435\\u043a\\u0442\\u0443\", \"object\": \"\\u0425\\u0435\\u0442\\u0430\\u0433\"}}]"}}, {"model": "admin.logentry", "pk": 444, "fields": {"action_time": "2024-07-03T12:06:05.576Z", "user": ["Alla"], "content_type": ["account", "project"], "object_id": "17", "object_repr": "Дальнобойщики (Белявский)", "action_flag": 2, "change_message": "[{\"added\": {\"name\": \"\\u0417\\u0430\\u0434\\u0430\\u0447\\u0430 \\u0441\\u043f\\u0435\\u0446\\u0438\\u0430\\u043b\\u0438\\u0441\\u0442\\u0430 \\u043f\\u043e \\u043f\\u0440\\u043e\\u0435\\u043a\\u0442\\u0443\", \"object\": \"\\u0425\\u0435\\u0442\\u0430\\u0433\"}}]"}}, {"model": "admin.logentry", "pk": 445, "fields": {"action_time": "2024-07-03T12:08:39.889Z", "user": ["Alla"], "content_type": ["account", "project"], "object_id": "17", "object_repr": "Дальнобойщики (Белявский)", "action_flag": 2, "change_message": "[{\"added\": {\"name\": \"\\u0417\\u0430\\u0434\\u0430\\u0447\\u0430 \\u0441\\u043f\\u0435\\u0446\\u0438\\u0430\\u043b\\u0438\\u0441\\u0442\\u0430 \\u043f\\u043e \\u043f\\u0440\\u043e\\u0435\\u043a\\u0442\\u0443\", \"object\": \"Daria Sigida\"}}]"}}, {"model": "admin.logentry", "pk": 446, "fields": {"action_time": "2024-07-03T17:12:13.769Z", "user": ["Egor"], "content_type": ["account", "taskstudent"], "object_id": "51", "object_repr": "Шихаматов Джабраил Эльдарович", "action_flag": 1, "change_message": "[{\"added\": {}}]"}}, {"model": "admin.logentry", "pk": 447, "fields": {"action_time": "2024-07-03T17:14:34.927Z", "user": ["Egor"], "content_type": ["account", "taskstudent"], "object_id": "52", "object_repr": "Шихаматов Джабраил Эльдарович", "action_flag": 1, "change_message": "[{\"added\": {}}]"}}, {"model": "admin.logentry", "pk": 448, "fields": {"action_time": "2024-07-03T17:26:41.304Z", "user": ["Egor"], "content_type": ["account", "taskstudent"], "object_id": "53", "object_repr": "Шихаматов Джабраил Эльдарович", "action_flag": 1, "change_message": "[{\"added\": {}}]"}}, {"model": "admin.logentry", "pk": 449, "fields": {"action_time": "2024-07-03T17:27:02.576Z", "user": ["Egor"], "content_type": ["account", "taskstudent"], "object_id": "52", "object_repr": "Шихаматов Джабраил Эльдарович", "action_flag": 2, "change_message": "[{\"changed\": {\"fields\": [\"\\u041a\\u0440\\u0435\\u0434\\u0438\\u0442\\u044b\"]}}]"}}, {"model": "admin.logentry", "pk": 450, "fields": {"action_time": "2024-07-03T17:27:37.711Z", "user": ["Egor"], "content_type": ["account", "taskstudent"], "object_id": "51", "object_repr": "Шихаматов Джабраил Эльдарович", "action_flag": 2, "change_message": "[{\"changed\": {\"fields\": [\"\\u041a\\u0440\\u0435\\u0434\\u0438\\u0442\\u044b\"]}}]"}}, {"model": "admin.logentry", "pk": 451, "fields": {"action_time": "2024-07-03T17:28:55.628Z", "user": ["Egor"], "content_type": ["account", "taskstudent"], "object_id": "54", "object_repr": "Сандомирская Валерия Павловна", "action_flag": 1, "change_message": "[{\"added\": {}}]"}}, {"model": "admin.logentry", "pk": 452, "fields": {"action_time": "2024-07-03T17:30:04.552Z", "user": ["Egor"], "content_type": ["account", "chapter"], "object_id": "6", "object_repr": "SWOT-анализ", "action_flag": 1, "change_message": "[{\"added\": {}}]"}}, {"model": "admin.logentry", "pk": 453, "fields": {"action_time": "2024-07-03T17:30:30.926Z", "user": ["Egor"], "content_type": ["account", "undersection"], "object_id": "5", "object_repr": "SWOT-анализ", "action_flag": 1, "change_message": "[{\"added\": {}}]"}}, {"model": "admin.logentry", "pk": 454, "fields": {"action_time": "2024-07-03T17:30:42.402Z", "user": ["Egor"], "content_type": ["account", "file"], "object_id": "5", "object_repr": "SWOT-анализ", "action_flag": 1, "change_message": "[{\"added\": {}}]"}}, {"model": "admin.logentry", "pk": 455, "fields": {"action_time": "2024-07-03T17:30:45.406Z", "user": ["Egor"], "content_type": ["account", "dataknowledgegeneral"], "object_id": "6", "object_repr": "SWOT-анализ - SWOT-анализ", "action_flag": 1, "change_message": "[{\"added\": {}}]"}}, {"model": "admin.logentry", "pk": 456, "fields": {"action_time": "2024-07-03T21:59:07.641Z", "user": ["Milto"], "content_type": ["account", "student"], "object_id": "79", "object_repr": "Esaulov Vadim Gennadievich", "action_flag": 3, "change_message": ""}}, {"model": "admin.logentry", "pk": 457, "fields": {"action_time": "2024-07-03T22:02:01.718Z", "user": ["Milto"], "content_type": ["account", "testtaskevaluation"], "object_id": "74", "object_repr": "test - Рынок аутстаффинга в США", "action_flag": 2, "change_message": "[{\"changed\": {\"fields\": [\"\\u041e\\u0446\\u0435\\u043d\\u043a\\u0430\", \"\\u0421\\u0442\\u0430\\u0442\\u0443\\u0441\", \"\\u0421\\u043e\\u043e\\u0431\\u0449\\u0435\\u043d\\u0438\\u0435\"]}}]"}}, {"model": "admin.logentry", "pk": 458, "fields": {"action_time": "2024-07-03T22:05:20.863Z", "user": ["Milto"], "content_type": ["account", "project"], "object_id": "12", "object_repr": "ADM-003 Проекты", "action_flag": 2, "change_message": "[{\"changed\": {\"fields\": [\"\\u0421\\u043f\\u0435\\u0446\\u0438\\u0430\\u043b\\u0438\\u0441\\u0442\\u044b\"]}}]"}}, {"model": "admin.logentry", "pk": 459, "fields": {"action_time": "2024-07-03T22:05:36.581Z", "user": ["Milto"], "content_type": ["account", "project"], "object_id": "12", "object_repr": "ADM-003 Проекты", "action_flag": 2, "change_message": "[{\"added\": {\"name\": \"\\u0417\\u0430\\u0434\\u0430\\u0447\\u0430 \\u0441\\u043f\\u0435\\u0446\\u0438\\u0430\\u043b\\u0438\\u0441\\u0442\\u0430 \\u043f\\u043e \\u043f\\u0440\\u043e\\u0435\\u043a\\u0442\\u0443\", \"object\": \"\\u041c\\u0438\\u043b\\u044c\\u0442\\u043e \\u0442\\u0435\\u0441\\u0442\"}}]"}}, {"model": "admin.logentry", "pk": 460, "fields": {"action_time": "2024-07-03T22:07:03.119Z", "user": ["Milto"], "content_type": ["account", "project"], "object_id": "17", "object_repr": "Дальнобойщики (Белявский)", "action_flag": 2, "change_message": "[{\"changed\": {\"fields\": [\"\\u0421\\u043f\\u0435\\u0446\\u0438\\u0430\\u043b\\u0438\\u0441\\u0442\\u044b\"]}}, {\"changed\": {\"name\": \"\\u0417\\u0430\\u0434\\u0430\\u0447\\u0430 \\u0441\\u043f\\u0435\\u0446\\u0438\\u0430\\u043b\\u0438\\u0441\\u0442\\u0430 \\u043f\\u043e \\u043f\\u0440\\u043e\\u0435\\u043a\\u0442\\u0443\", \"object\": \"Daria Sigida\", \"fields\": [\"\\u0421\\u043f\\u0435\\u0446\\u0438\\u0430\\u043b\\u0438\\u0441\\u0442\"]}}, {\"changed\": {\"name\": \"\\u0417\\u0430\\u0434\\u0430\\u0447\\u0430 \\u0441\\u043f\\u0435\\u0446\\u0438\\u0430\\u043b\\u0438\\u0441\\u0442\\u0430 \\u043f\\u043e \\u043f\\u0440\\u043e\\u0435\\u043a\\u0442\\u0443\", \"object\": \"Daria Sigida\", \"fields\": [\"\\u0421\\u043f\\u0435\\u0446\\u0438\\u0430\\u043b\\u0438\\u0441\\u0442\"]}}, {\"changed\": {\"name\": \"\\u0417\\u0430\\u0434\\u0430\\u0447\\u0430 \\u0441\\u043f\\u0435\\u0446\\u0438\\u0430\\u043b\\u0438\\u0441\\u0442\\u0430 \\u043f\\u043e \\u043f\\u0440\\u043e\\u0435\\u043a\\u0442\\u0443\", \"object\": \"Daria Sigida\", \"fields\": [\"\\u0421\\u043f\\u0435\\u0446\\u0438\\u0430\\u043b\\u0438\\u0441\\u0442\"]}}, {\"changed\": {\"name\": \"\\u0417\\u0430\\u0434\\u0430\\u0447\\u0430 \\u0441\\u043f\\u0435\\u0446\\u0438\\u0430\\u043b\\u0438\\u0441\\u0442\\u0430 \\u043f\\u043e \\u043f\\u0440\\u043e\\u0435\\u043a\\u0442\\u0443\", \"object\": \"Daria Sigida\", \"fields\": [\"\\u0421\\u043f\\u0435\\u0446\\u0438\\u0430\\u043b\\u0438\\u0441\\u0442\"]}}]"}}, {"model": "admin.logentry", "pk": 461, "fields": {"action_time": "2024-07-03T22:11:31.047Z", "user": ["Milto"], "content_type": ["account", "project"], "object_id": "17", "object_repr": "Дальнобойщики (Белявский)", "action_flag": 2, "change_message": "[{\"changed\": {\"name\": \"\\u0417\\u0430\\u0434\\u0430\\u0447\\u0430 \\u0441\\u043f\\u0435\\u0446\\u0438\\u0430\\u043b\\u0438\\u0441\\u0442\\u0430 \\u043f\\u043e \\u043f\\u0440\\u043e\\u0435\\u043a\\u0442\\u0443\", \"object\": \"\\u0428\\u0438\\u0445\\u0430\\u043c\\u0430\\u0442\\u043e\\u0432 \\u0414\\u0436\\u0430\\u0431\\u0440\\u0430\\u0438\\u043b \\u042d\\u043b\\u044c\\u0434\\u0430\\u0440\\u043e\\u0432\\u0438\\u0447\", \"fields\": [\"\\u0421\\u043f\\u0435\\u0446\\u0438\\u0430\\u043b\\u0438\\u0441\\u0442\", \"\\u041a\\u043e\\u044d\\u0444\\u0444\\u0438\\u0446\\u0438\\u0435\\u043d\\u0442 \\u0441\\u043b\\u043e\\u0436\\u043d\\u043e\\u0441\\u0442\\u0438\"]}}, {\"changed\": {\"name\": \"\\u0417\\u0430\\u0434\\u0430\\u0447\\u0430 \\u0441\\u043f\\u0435\\u0446\\u0438\\u0430\\u043b\\u0438\\u0441\\u0442\\u0430 \\u043f\\u043e \\u043f\\u0440\\u043e\\u0435\\u043a\\u0442\\u0443\", \"object\": \"\\u0428\\u0438\\u0445\\u0430\\u043c\\u0430\\u0442\\u043e\\u0432 \\u0414\\u0436\\u0430\\u0431\\u0440\\u0430\\u0438\\u043b \\u042d\\u043b\\u044c\\u0434\\u0430\\u0440\\u043e\\u0432\\u0438\\u0447\", \"fields\": [\"\\u0421\\u043f\\u0435\\u0446\\u0438\\u0430\\u043b\\u0438\\u0441\\u0442\", \"\\u041a\\u043e\\u044d\\u0444\\u0444\\u0438\\u0446\\u0438\\u0435\\u043d\\u0442 \\u0441\\u043b\\u043e\\u0436\\u043d\\u043e\\u0441\\u0442\\u0438\"]}}, {\"changed\": {\"name\": \"\\u0417\\u0430\\u0434\\u0430\\u0447\\u0430 \\u0441\\u043f\\u0435\\u0446\\u0438\\u0430\\u043b\\u0438\\u0441\\u0442\\u0430 \\u043f\\u043e \\u043f\\u0440\\u043e\\u0435\\u043a\\u0442\\u0443\", \"object\": \"\\u0428\\u0438\\u0445\\u0430\\u043c\\u0430\\u0442\\u043e\\u0432 \\u0414\\u0436\\u0430\\u0431\\u0440\\u0430\\u0438\\u043b \\u042d\\u043b\\u044c\\u0434\\u0430\\u0440\\u043e\\u0432\\u0438\\u0447\", \"fields\": [\"\\u0421\\u043f\\u0435\\u0446\\u0438\\u0430\\u043b\\u0438\\u0441\\u0442\", \"\\u041a\\u043e\\u044d\\u0444\\u0444\\u0438\\u0446\\u0438\\u0435\\u043d\\u0442 \\u0441\\u043b\\u043e\\u0436\\u043d\\u043e\\u0441\\u0442\\u0438\"]}}, {\"changed\": {\"name\": \"\\u0417\\u0430\\u0434\\u0430\\u0447\\u0430 \\u0441\\u043f\\u0435\\u0446\\u0438\\u0430\\u043b\\u0438\\u0441\\u0442\\u0430 \\u043f\\u043e \\u043f\\u0440\\u043e\\u0435\\u043a\\u0442\\u0443\", \"object\": \"\\u0421\\u0430\\u043d\\u0434\\u043e\\u043c\\u0438\\u0440\\u0441\\u043a\\u0430\\u044f \\u0412\\u0430\\u043b\\u0435\\u0440\\u0438\\u044f \\u041f\\u0430\\u0432\\u043b\\u043e\\u0432\\u043d\\u0430\", \"fields\": [\"\\u0421\\u043f\\u0435\\u0446\\u0438\\u0430\\u043b\\u0438\\u0441\\u0442\", \"\\u041a\\u043e\\u044d\\u0444\\u0444\\u0438\\u0446\\u0438\\u0435\\u043d\\u0442 \\u0441\\u043b\\u043e\\u0436\\u043d\\u043e\\u0441\\u0442\\u0438\"]}}, {\"changed\": {\"name\": \"\\u0417\\u0430\\u0434\\u0430\\u0447\\u0430 \\u0441\\u043f\\u0435\\u0446\\u0438\\u0430\\u043b\\u0438\\u0441\\u0442\\u0430 \\u043f\\u043e \\u043f\\u0440\\u043e\\u0435\\u043a\\u0442\\u0443\", \"object\": \"Daria Sigida\", \"fields\": [\"\\u041a\\u043e\\u044d\\u0444\\u0444\\u0438\\u0446\\u0438\\u0435\\u043d\\u0442 \\u0441\\u043b\\u043e\\u0436\\u043d\\u043e\\u0441\\u0442\\u0438\", \"\\u041a\\u0440\\u0435\\u0434\\u0438\\u0442\\u044b\"]}}]"}}, {"model": "admin.logentry", "pk": 462, "fields": {"action_time": "2024-07-03T22:15:23.456Z", "user": ["Milto"], "content_type": ["account", "testtaskevaluation"], "object_id": "73", "object_repr": "Шихаматов Джабраил Эльдарович - Рынок аутстаффинга в регионе MENA", "action_flag": 2, "change_message": "[{\"changed\": {\"fields\": [\"\\u041e\\u0446\\u0435\\u043d\\u043a\\u0430\", \"\\u0421\\u0442\\u0430\\u0442\\u0443\\u0441\", \"\\u0421\\u043e\\u043e\\u0431\\u0449\\u0435\\u043d\\u0438\\u0435\"]}}]"}}, {"model": "admin.logentry", "pk": 463, "fields": {"action_time": "2024-07-04T07:28:28.176Z", "user": ["Egor"], "content_type": ["account", "project"], "object_id": "18", "object_repr": "Wukker", "action_flag": 1, "change_message": "[{\"added\": {}}]"}}, {"model": "admin.logentry", "pk": 464, "fields": {"action_time": "2024-07-04T07:29:50.718Z", "user": ["Egor"], "content_type": ["account", "project"], "object_id": "18", "object_repr": "Wukker", "action_flag": 2, "change_message": "[{\"added\": {\"name\": \"\\u0417\\u0430\\u0434\\u0430\\u0447\\u0430 \\u0441\\u043f\\u0435\\u0446\\u0438\\u0430\\u043b\\u0438\\u0441\\u0442\\u0430 \\u043f\\u043e \\u043f\\u0440\\u043e\\u0435\\u043a\\u0442\\u0443\", \"object\": \"\\u0410\\u043b\\u043b\\u0430 \\u0413\\u0443\\u0437\\u043e\\u0432\\u0430\"}}]"}}, {"model": "admin.logentry", "pk": 465, "fields": {"action_time": "2024-07-04T07:36:26.057Z", "user": ["Egor"], "content_type": ["account", "project"], "object_id": "17", "object_repr": "Дальнобойщики (Белявский)", "action_flag": 2, "change_message": "[{\"added\": {\"name\": \"\\u0417\\u0430\\u0434\\u0430\\u0447\\u0430 \\u0441\\u043f\\u0435\\u0446\\u0438\\u0430\\u043b\\u0438\\u0441\\u0442\\u0430 \\u043f\\u043e \\u043f\\u0440\\u043e\\u0435\\u043a\\u0442\\u0443\", \"object\": \"\\u0425\\u0435\\u0442\\u0430\\u0433\"}}]"}}, {"model": "admin.logentry", "pk": 466, "fields": {"action_time": "2024-07-04T07:46:39.193Z", "user": ["Egor"], "content_type": ["account", "project"], "object_id": "18", "object_repr": "Wukker", "action_flag": 2, "change_message": "[{\"changed\": {\"name\": \"\\u0417\\u0430\\u0434\\u0430\\u0447\\u0430 \\u0441\\u043f\\u0435\\u0446\\u0438\\u0430\\u043b\\u0438\\u0441\\u0442\\u0430 \\u043f\\u043e \\u043f\\u0440\\u043e\\u0435\\u043a\\u0442\\u0443\", \"object\": \"\\u0410\\u043b\\u043b\\u0430 \\u0413\\u0443\\u0437\\u043e\\u0432\\u0430\", \"fields\": [\"\\u041e\\u043f\\u0438\\u0441\\u0430\\u043d\\u0438\\u0435\"]}}]"}}, {"model": "admin.logentry", "pk": 467, "fields": {"action_time": "2024-07-04T07:47:30.321Z", "user": ["Egor"], "content_type": ["account", "project"], "object_id": "18", "object_repr": "Wukker", "action_flag": 2, "change_message": "[{\"added\": {\"name\": \"\\u0417\\u0430\\u0434\\u0430\\u0447\\u0430 \\u0441\\u043f\\u0435\\u0446\\u0438\\u0430\\u043b\\u0438\\u0441\\u0442\\u0430 \\u043f\\u043e \\u043f\\u0440\\u043e\\u0435\\u043a\\u0442\\u0443\", \"object\": \"Daria Sigida\"}}]"}}, {"model": "admin.logentry", "pk": 468, "fields": {"action_time": "2024-07-04T07:50:14.553Z", "user": ["Egor"], "content_type": ["account", "project"], "object_id": "19", "object_repr": "Экономикс Медиа", "action_flag": 1, "change_message": "[{\"added\": {}}]"}}, {"model": "admin.logentry", "pk": 469, "fields": {"action_time": "2024-07-04T07:50:25.443Z", "user": ["Egor"], "content_type": ["account", "project"], "object_id": "19", "object_repr": "Экономикс Медиа", "action_flag": 2, "change_message": "[{\"added\": {\"name\": \"\\u0417\\u0430\\u0434\\u0430\\u0447\\u0430 \\u0441\\u043f\\u0435\\u0446\\u0438\\u0430\\u043b\\u0438\\u0441\\u0442\\u0430 \\u043f\\u043e \\u043f\\u0440\\u043e\\u0435\\u043a\\u0442\\u0443\", \"object\": \"\\u0425\\u0435\\u0442\\u0430\\u0433\"}}]"}}, {"model": "admin.logentry", "pk": 470, "fields": {"action_time": "2024-07-04T07:50:40.240Z", "user": ["Egor"], "content_type": ["account", "project"], "object_id": "19", "object_repr": "Экономикс Медиа", "action_flag": 2, "change_message": "[{\"added\": {\"name\": \"\\u0417\\u0430\\u0434\\u0430\\u0447\\u0430 \\u0441\\u043f\\u0435\\u0446\\u0438\\u0430\\u043b\\u0438\\u0441\\u0442\\u0430 \\u043f\\u043e \\u043f\\u0440\\u043e\\u0435\\u043a\\u0442\\u0443\", \"object\": \"Daria Sigida\"}}]"}}, {"model": "admin.logentry", "pk": 471, "fields": {"action_time": "2024-07-04T07:51:53.757Z", "user": ["Egor"], "content_type": ["account", "project"], "object_id": "15", "object_repr": "Freelbee", "action_flag": 3, "change_message": ""}}, {"model": "admin.logentry", "pk": 472, "fields": {"action_time": "2024-07-04T07:55:17.875Z", "user": ["Egor"], "content_type": ["account", "project"], "object_id": "20", "object_repr": "Freelbee", "action_flag": 1, "change_message": "[{\"added\": {}}, {\"added\": {\"name\": \"\\u0417\\u0430\\u0434\\u0430\\u0447\\u0430 \\u0441\\u043f\\u0435\\u0446\\u0438\\u0430\\u043b\\u0438\\u0441\\u0442\\u0430 \\u043f\\u043e \\u043f\\u0440\\u043e\\u0435\\u043a\\u0442\\u0443\", \"object\": \"\\u0425\\u0435\\u0442\\u0430\\u0433\"}}]"}}, {"model": "admin.logentry", "pk": 473, "fields": {"action_time": "2024-07-04T07:55:28.736Z", "user": ["Egor"], "content_type": ["account", "project"], "object_id": "20", "object_repr": "Freelbee", "action_flag": 2, "change_message": "[{\"added\": {\"name\": \"\\u0417\\u0430\\u0434\\u0430\\u0447\\u0430 \\u0441\\u043f\\u0435\\u0446\\u0438\\u0430\\u043b\\u0438\\u0441\\u0442\\u0430 \\u043f\\u043e \\u043f\\u0440\\u043e\\u0435\\u043a\\u0442\\u0443\", \"object\": \"Daria Sigida\"}}]"}}, {"model": "admin.logentry", "pk": 474, "fields": {"action_time": "2024-07-04T07:59:51.195Z", "user": ["Egor"], "content_type": ["account", "project"], "object_id": "21", "object_repr": "ВНЖ_дети", "action_flag": 1, "change_message": "[{\"added\": {}}]"}}, {"model": "admin.logentry", "pk": 475, "fields": {"action_time": "2024-07-04T08:00:05.970Z", "user": ["Egor"], "content_type": ["account", "project"], "object_id": "21", "object_repr": "ВНЖ_дети", "action_flag": 2, "change_message": "[{\"added\": {\"name\": \"\\u0417\\u0430\\u0434\\u0430\\u0447\\u0430 \\u0441\\u043f\\u0435\\u0446\\u0438\\u0430\\u043b\\u0438\\u0441\\u0442\\u0430 \\u043f\\u043e \\u043f\\u0440\\u043e\\u0435\\u043a\\u0442\\u0443\", \"object\": \"Daria Sigida\"}}]"}}, {"model": "admin.logentry", "pk": 476, "fields": {"action_time": "2024-07-04T09:17:00.328Z", "user": ["Egor"], "content_type": ["account", "testtask"], "object_id": "16", "object_repr": "Рынок аутстаффинга в странах Африки", "action_flag": 2, "change_message": "[{\"changed\": {\"fields\": [\"\\u0421\\u0440\\u043e\\u043a \\u0432\\u044b\\u043f\\u043e\\u043b\\u043d\\u0435\\u043d\\u0438\\u044f (\\u0434\\u043d\\u0438)\"]}}]"}}, {"model": "admin.logentry", "pk": 477, "fields": {"action_time": "2024-07-04T09:17:05.513Z", "user": ["Egor"], "content_type": ["account", "testtask"], "object_id": "15", "object_repr": "Рынок аутстаффинга в Европе", "action_flag": 2, "change_message": "[{\"changed\": {\"fields\": [\"\\u0421\\u0440\\u043e\\u043a \\u0432\\u044b\\u043f\\u043e\\u043b\\u043d\\u0435\\u043d\\u0438\\u044f (\\u0434\\u043d\\u0438)\"]}}]"}}, {"model": "admin.logentry", "pk": 478, "fields": {"action_time": "2024-07-04T09:17:10.876Z", "user": ["Egor"], "content_type": ["account", "testtask"], "object_id": "14", "object_repr": "Рынок аутстаффинга в Индии", "action_flag": 2, "change_message": "[{\"changed\": {\"fields\": [\"\\u0421\\u0440\\u043e\\u043a \\u0432\\u044b\\u043f\\u043e\\u043b\\u043d\\u0435\\u043d\\u0438\\u044f (\\u0434\\u043d\\u0438)\"]}}]"}}, {"model": "admin.logentry", "pk": 479, "fields": {"action_time": "2024-07-04T09:17:15.558Z", "user": ["Egor"], "content_type": ["account", "testtask"], "object_id": "13", "object_repr": "Рынок аутстаффинга в регионе ЛатАм", "action_flag": 2, "change_message": "[{\"changed\": {\"fields\": [\"\\u0421\\u0440\\u043e\\u043a \\u0432\\u044b\\u043f\\u043e\\u043b\\u043d\\u0435\\u043d\\u0438\\u044f (\\u0434\\u043d\\u0438)\"]}}]"}}, {"model": "admin.logentry", "pk": 480, "fields": {"action_time": "2024-07-04T09:17:20.544Z", "user": ["Egor"], "content_type": ["account", "testtask"], "object_id": "12", "object_repr": "Рынок аутстаффинга в США", "action_flag": 2, "change_message": "[{\"changed\": {\"fields\": [\"\\u0421\\u0440\\u043e\\u043a \\u0432\\u044b\\u043f\\u043e\\u043b\\u043d\\u0435\\u043d\\u0438\\u044f (\\u0434\\u043d\\u0438)\"]}}]"}}, {"model": "admin.logentry", "pk": 481, "fields": {"action_time": "2024-07-04T09:17:25.357Z", "user": ["Egor"], "content_type": ["account", "testtask"], "object_id": "11", "object_repr": "Рынок аутстаффинга в регионе MENA", "action_flag": 2, "change_message": "[{\"changed\": {\"fields\": [\"\\u0421\\u0440\\u043e\\u043a \\u0432\\u044b\\u043f\\u043e\\u043b\\u043d\\u0435\\u043d\\u0438\\u044f (\\u0434\\u043d\\u0438)\"]}}]"}}, {"model": "admin.logentry", "pk": 482, "fields": {"action_time": "2024-07-04T12:12:31.774Z", "user": ["Milto"], "content_type": ["account", "project"], "object_id": "12", "object_repr": "ADM-003 Проекты", "action_flag": 2, "change_message": "[{\"added\": {\"name\": \"\\u0417\\u0430\\u0434\\u0430\\u0447\\u0430 \\u0441\\u043f\\u0435\\u0446\\u0438\\u0430\\u043b\\u0438\\u0441\\u0442\\u0430 \\u043f\\u043e \\u043f\\u0440\\u043e\\u0435\\u043a\\u0442\\u0443\", \"object\": \"\\u0421\\u0435\\u0440 \\u0412\\u0430\\u0441\"}}]"}}, {"model": "admin.logentry", "pk": 483, "fields": {"action_time": "2024-07-04T12:15:15.410Z", "user": ["Milto"], "content_type": ["account", "project"], "object_id": "12", "object_repr": "ADM-003 Проекты", "action_flag": 2, "change_message": "[{\"added\": {\"name\": \"\\u0417\\u0430\\u0434\\u0430\\u0447\\u0430 \\u0441\\u043f\\u0435\\u0446\\u0438\\u0430\\u043b\\u0438\\u0441\\u0442\\u0430 \\u043f\\u043e \\u043f\\u0440\\u043e\\u0435\\u043a\\u0442\\u0443\", \"object\": \"\\u0421\\u0435\\u0440 \\u0412\\u0430\\u0441\"}}]"}}, {"model": "admin.logentry", "pk": 484, "fields": {"action_time": "2024-07-04T12:17:19.566Z", "user": ["Milto"], "content_type": ["account", "project"], "object_id": "22", "object_repr": "ADM-004 ЗСпП", "action_flag": 1, "change_message": "[{\"added\": {}}]"}}, {"model": "admin.logentry", "pk": 485, "fields": {"action_time": "2024-07-04T12:17:51.432Z", "user": ["Milto"], "content_type": ["account", "project"], "object_id": "22", "object_repr": "ADM-004 ЗСпП", "action_flag": 2, "change_message": "[{\"changed\": {\"fields\": [\"\\u0421\\u043f\\u0435\\u0446\\u0438\\u0430\\u043b\\u0438\\u0441\\u0442\\u044b\"]}}, {\"added\": {\"name\": \"\\u0417\\u0430\\u0434\\u0430\\u0447\\u0430 \\u0441\\u043f\\u0435\\u0446\\u0438\\u0430\\u043b\\u0438\\u0441\\u0442\\u0430 \\u043f\\u043e \\u043f\\u0440\\u043e\\u0435\\u043a\\u0442\\u0443\", \"object\": \"Sergei Vas\"}}]"}}, {"model": "admin.logentry", "pk": 486, "fields": {"action_time": "2024-07-04T12:20:19.079Z", "user": ["Milto"], "content_type": ["account", "project"], "object_id": "22", "object_repr": "ADM-004 ЗСпП", "action_flag": 2, "change_message": "[{\"changed\": {\"name\": \"\\u0417\\u0430\\u0434\\u0430\\u0447\\u0430 \\u0441\\u043f\\u0435\\u0446\\u0438\\u0430\\u043b\\u0438\\u0441\\u0442\\u0430 \\u043f\\u043e \\u043f\\u0440\\u043e\\u0435\\u043a\\u0442\\u0443\", \"object\": \"\\u0421\\u0435\\u0440 \\u0412\\u0430\\u0441\", \"fields\": [\"\\u0421\\u043f\\u0435\\u0446\\u0438\\u0430\\u043b\\u0438\\u0441\\u0442\", \"\\u041e\\u043f\\u0438\\u0441\\u0430\\u043d\\u0438\\u0435\", \"\\u0414\\u0430\\u0442\\u0430 \\u043d\\u0430\\u0447\\u0430\\u043b\\u0430\", \"\\u0414\\u0430\\u0442\\u0430 \\u043e\\u043a\\u043e\\u043d\\u0447\\u0430\\u043d\\u0438\\u044f\"]}}]"}}, {"model": "admin.logentry", "pk": 487, "fields": {"action_time": "2024-07-04T12:21:50.059Z", "user": ["Milto"], "content_type": ["account", "project"], "object_id": "22", "object_repr": "ADM-004 ЗСпП", "action_flag": 2, "change_message": "[{\"added\": {\"name\": \"\\u0417\\u0430\\u0434\\u0430\\u0447\\u0430 \\u0441\\u043f\\u0435\\u0446\\u0438\\u0430\\u043b\\u0438\\u0441\\u0442\\u0430 \\u043f\\u043e \\u043f\\u0440\\u043e\\u0435\\u043a\\u0442\\u0443\", \"object\": \"\\u0421\\u0435\\u0440 \\u0412\\u0430\\u0441\"}}]"}}, {"model": "admin.logentry", "pk": 488, "fields": {"action_time": "2024-07-04T12:29:35.872Z", "user": ["Milto"], "content_type": ["account", "project"], "object_id": "22", "object_repr": "ADM-004 ЗСпП", "action_flag": 2, "change_message": "[{\"added\": {\"name\": \"\\u0417\\u0430\\u0434\\u0430\\u0447\\u0430 \\u0441\\u043f\\u0435\\u0446\\u0438\\u0430\\u043b\\u0438\\u0441\\u0442\\u0430 \\u043f\\u043e \\u043f\\u0440\\u043e\\u0435\\u043a\\u0442\\u0443\", \"object\": \"\\u0421\\u0435\\u0440 \\u0412\\u0430\\u0441\"}}]"}}, {"model": "admin.logentry", "pk": 489, "fields": {"action_time": "2024-07-04T13:47:29.489Z", "user": ["Egor"], "content_type": ["account", "project"], "object_id": "17", "object_repr": "Дальнобойщики (Белявский)", "action_flag": 2, "change_message": "[{\"changed\": {\"name\": \"\\u0417\\u0430\\u0434\\u0430\\u0447\\u0430 \\u0441\\u043f\\u0435\\u0446\\u0438\\u0430\\u043b\\u0438\\u0441\\u0442\\u0430 \\u043f\\u043e \\u043f\\u0440\\u043e\\u0435\\u043a\\u0442\\u0443\", \"object\": \"\\u0421\\u0430\\u043d\\u0434\\u043e\\u043c\\u0438\\u0440\\u0441\\u043a\\u0430\\u044f \\u0412\\u0430\\u043b\\u0435\\u0440\\u0438\\u044f \\u041f\\u0430\\u0432\\u043b\\u043e\\u0432\\u043d\\u0430\", \"fields\": [\"\\u0414\\u0430\\u0442\\u0430 \\u043e\\u043a\\u043e\\u043d\\u0447\\u0430\\u043d\\u0438\\u044f\"]}}, {\"changed\": {\"name\": \"\\u0417\\u0430\\u0434\\u0430\\u0447\\u0430 \\u0441\\u043f\\u0435\\u0446\\u0438\\u0430\\u043b\\u0438\\u0441\\u0442\\u0430 \\u043f\\u043e \\u043f\\u0440\\u043e\\u0435\\u043a\\u0442\\u0443\", \"object\": \"\\u0428\\u0438\\u0445\\u0430\\u043c\\u0430\\u0442\\u043e\\u0432 \\u0414\\u0436\\u0430\\u0431\\u0440\\u0430\\u0438\\u043b \\u042d\\u043b\\u044c\\u0434\\u0430\\u0440\\u043e\\u0432\\u0438\\u0447\", \"fields\": [\"\\u0414\\u0430\\u0442\\u0430 \\u043d\\u0430\\u0447\\u0430\\u043b\\u0430\", \"\\u0414\\u0430\\u0442\\u0430 \\u043e\\u043a\\u043e\\u043d\\u0447\\u0430\\u043d\\u0438\\u044f\"]}}, {\"changed\": {\"name\": \"\\u0417\\u0430\\u0434\\u0430\\u0447\\u0430 \\u0441\\u043f\\u0435\\u0446\\u0438\\u0430\\u043b\\u0438\\u0441\\u0442\\u0430 \\u043f\\u043e \\u043f\\u0440\\u043e\\u0435\\u043a\\u0442\\u0443\", \"object\": \"\\u0428\\u0438\\u0445\\u0430\\u043c\\u0430\\u0442\\u043e\\u0432 \\u0414\\u0436\\u0430\\u0431\\u0440\\u0430\\u0438\\u043b \\u042d\\u043b\\u044c\\u0434\\u0430\\u0440\\u043e\\u0432\\u0438\\u0447\", \"fields\": [\"\\u0414\\u0430\\u0442\\u0430 \\u043d\\u0430\\u0447\\u0430\\u043b\\u0430\", \"\\u0414\\u0430\\u0442\\u0430 \\u043e\\u043a\\u043e\\u043d\\u0447\\u0430\\u043d\\u0438\\u044f\"]}}]"}}, {"model": "admin.logentry", "pk": 490, "fields": {"action_time": "2024-07-05T10:02:42.225Z", "user": ["Milto"], "content_type": ["account", "customuser"], "object_id": "9", "object_repr": "Konstantin", "action_flag": 1, "change_message": "[{\"added\": {}}]"}}, {"model": "admin.logentry", "pk": 491, "fields": {"action_time": "2024-07-05T12:32:13.018Z", "user": ["Egor"], "content_type": ["account", "testtask"], "object_id": "9", "object_repr": "Разработка УТП", "action_flag": 3, "change_message": ""}}, {"model": "admin.logentry", "pk": 492, "fields": {"action_time": "2024-07-05T12:33:36.826Z", "user": ["Egor"], "content_type": ["account", "testtask"], "object_id": "17", "object_repr": "Анализ компаний, предоставляющих стажировки студентам", "action_flag": 1, "change_message": "[{\"added\": {}}]"}}, {"model": "admin.logentry", "pk": 493, "fields": {"action_time": "2024-07-05T12:56:33.513Z", "user": ["Egor"], "content_type": ["account", "mailing"], "object_id": "13", "object_repr": "Юрий Воробьев", "action_flag": 1, "change_message": "[{\"added\": {}}]"}}, {"model": "admin.logentry", "pk": 494, "fields": {"action_time": "2024-07-08T07:53:04.828Z", "user": ["Egor"], "content_type": ["account", "testtaskevaluation"], "object_id": "77", "object_repr": "Kononov Gleb Evgenievich - Рынок аутстаффинга в Европе", "action_flag": 2, "change_message": "[{\"changed\": {\"fields\": [\"\\u041e\\u0446\\u0435\\u043d\\u043a\\u0430\", \"\\u0421\\u0442\\u0430\\u0442\\u0443\\u0441\"]}}]"}}, {"model": "admin.logentry", "pk": 495, "fields": {"action_time": "2024-07-08T08:27:38.921Z", "user": ["Egor"], "content_type": ["account", "mailing"], "object_id": "14", "object_repr": "Кононов Глеб", "action_flag": 1, "change_message": "[{\"added\": {}}]"}}, {"model": "admin.logentry", "pk": 496, "fields": {"action_time": "2024-07-08T08:34:06.772Z", "user": ["Egor"], "content_type": ["account", "mailing"], "object_id": "14", "object_repr": "Кононов Глеб", "action_flag": 2, "change_message": "[]"}}, {"model": "admin.logentry", "pk": 497, "fields": {"action_time": "2024-07-08T11:51:49.788Z", "user": ["Egor"], "content_type": ["account", "mailing"], "object_id": "15", "object_repr": "Тригубенкова Валерия", "action_flag": 1, "change_message": "[{\"added\": {}}]"}}, {"model": "admin.logentry", "pk": 498, "fields": {"action_time": "2024-07-08T15:18:22.578Z", "user": ["Egor"], "content_type": ["account", "mailing"], "object_id": "16", "object_repr": "Мильто", "action_flag": 1, "change_message": "[{\"added\": {}}]"}}, {"model": "admin.logentry", "pk": 499, "fields": {"action_time": "2024-07-08T16:17:25.207Z", "user": ["Egor"], "content_type": ["account", "project"], "object_id": "23", "object_repr": "Балтика", "action_flag": 1, "change_message": "[{\"added\": {}}]"}}, {"model": "admin.logentry", "pk": 500, "fields": {"action_time": "2024-07-08T17:20:10.678Z", "user": ["Egor"], "content_type": ["account", "mailing"], "object_id": "17", "object_repr": "уведомление о получении 08 07 2023", "action_flag": 1, "change_message": "[{\"added\": {}}]"}}, {"model": "admin.logentry", "pk": 501, "fields": {"action_time": "2024-07-08T17:50:57.116Z", "user": ["Egor"], "content_type": ["account", "mailing"], "object_id": "18", "object_repr": "рассылка работает", "action_flag": 1, "change_message": "[{\"added\": {}}]"}}, {"model": "admin.logentry", "pk": 502, "fields": {"action_time": "2024-07-09T10:50:21.033Z", "user": ["Egor"], "content_type": ["account", "testtaskevaluation"], "object_id": "78", "object_repr": "Ilya Golubenko - Рынок аутстаффинга в регионе ЛатАм", "action_flag": 2, "change_message": "[{\"changed\": {\"fields\": [\"\\u041e\\u0446\\u0435\\u043d\\u043a\\u0430\", \"\\u0421\\u0442\\u0430\\u0442\\u0443\\u0441\"]}}]"}}, {"model": "admin.logentry", "pk": 503, "fields": {"action_time": "2024-07-09T10:51:06.513Z", "user": ["Egor"], "content_type": ["account", "project"], "object_id": "23", "object_repr": "Балтика", "action_flag": 2, "change_message": "[{\"changed\": {\"fields\": [\"\\u0421\\u043f\\u0435\\u0446\\u0438\\u0430\\u043b\\u0438\\u0441\\u0442\\u044b\"]}}]"}}, {"model": "admin.logentry", "pk": 504, "fields": {"action_time": "2024-07-09T11:17:34.702Z", "user": ["Egor"], "content_type": ["account", "project"], "object_id": "23", "object_repr": "Балтика", "action_flag": 2, "change_message": "[{\"added\": {\"name\": \"\\u0417\\u0430\\u0434\\u0430\\u0447\\u0430 \\u0441\\u043f\\u0435\\u0446\\u0438\\u0430\\u043b\\u0438\\u0441\\u0442\\u0430 \\u043f\\u043e \\u043f\\u0440\\u043e\\u0435\\u043a\\u0442\\u0443\", \"object\": \"Ilya Golubenko\"}}]"}}, {"model": "admin.logentry", "pk": 505, "fields": {"action_time": "2024-07-09T11:24:51.008Z", "user": ["Egor"], "content_type": ["account", "project"], "object_id": "23", "object_repr": "Балтика", "action_flag": 2, "change_message": "[{\"added\": {\"name\": \"\\u0417\\u0430\\u0434\\u0430\\u0447\\u0430 \\u0441\\u043f\\u0435\\u0446\\u0438\\u0430\\u043b\\u0438\\u0441\\u0442\\u0430 \\u043f\\u043e \\u043f\\u0440\\u043e\\u0435\\u043a\\u0442\\u0443\", \"object\": \"Seitesh Aray\"}}, {\"changed\": {\"name\": \"\\u0417\\u0430\\u0434\\u0430\\u0447\\u0430 \\u0441\\u043f\\u0435\\u0446\\u0438\\u0430\\u043b\\u0438\\u0441\\u0442\\u0430 \\u043f\\u043e \\u043f\\u0440\\u043e\\u0435\\u043a\\u0442\\u0443\", \"object\": \"Ilya Golubenko\", \"fields\": [\"\\u0414\\u0430\\u0442\\u0430 \\u043e\\u043a\\u043e\\u043d\\u0447\\u0430\\u043d\\u0438\\u044f\"]}}]"}}, {"model": "admin.logentry", "pk": 506, "fields": {"action_time": "2024-07-09T11:26:22.035Z", "user": ["Egor"], "content_type": ["account", "project"], "object_id": "23", "object_repr": "Балтика", "action_flag": 2, "change_message": "[{\"added\": {\"name\": \"\\u0417\\u0430\\u0434\\u0430\\u0447\\u0430 \\u0441\\u043f\\u0435\\u0446\\u0438\\u0430\\u043b\\u0438\\u0441\\u0442\\u0430 \\u043f\\u043e \\u043f\\u0440\\u043e\\u0435\\u043a\\u0442\\u0443\", \"object\": \"Ilya Golubenko\"}}]"}}, {"model": "admin.logentry", "pk": 507, "fields": {"action_time": "2024-07-10T09:00:37.066Z", "user": ["Egor"], "content_type": ["account", "testtaskevaluation"], "object_id": "69", "object_repr": "Тригубенкова Валерия Николаевна - Рынок аутстаффинга в США", "action_flag": 2, "change_message": "[{\"changed\": {\"fields\": [\"\\u041e\\u0446\\u0435\\u043d\\u043a\\u0430\", \"\\u0421\\u0442\\u0430\\u0442\\u0443\\u0441\"]}}]"}}, {"model": "admin.logentry", "pk": 508, "fields": {"action_time": "2024-07-10T09:03:45.880Z", "user": ["Egor"], "content_type": ["account", "project"], "object_id": "19", "object_repr": "Экономикс Медиа", "action_flag": 2, "change_message": "[{\"changed\": {\"fields\": [\"\\u0421\\u043f\\u0435\\u0446\\u0438\\u0430\\u043b\\u0438\\u0441\\u0442\\u044b\"]}}]"}}, {"model": "admin.logentry", "pk": 509, "fields": {"action_time": "2024-07-10T09:25:08.073Z", "user": ["Egor"], "content_type": ["account", "project"], "object_id": "19", "object_repr": "Экономикс Медиа", "action_flag": 2, "change_message": "[{\"added\": {\"name\": \"\\u0417\\u0430\\u0434\\u0430\\u0447\\u0430 \\u0441\\u043f\\u0435\\u0446\\u0438\\u0430\\u043b\\u0438\\u0441\\u0442\\u0430 \\u043f\\u043e \\u043f\\u0440\\u043e\\u0435\\u043a\\u0442\\u0443\", \"object\": \"\\u0410\\u043d\\u0430\\u0441\\u0442\\u0430\\u0441\\u0438\\u044f \\u0414\\u043e\\u0431\\u0440\\u043e\\u0433\\u0430\\u0435\\u0432\\u0430\"}}, {\"added\": {\"name\": \"\\u0417\\u0430\\u0434\\u0430\\u0447\\u0430 \\u0441\\u043f\\u0435\\u0446\\u0438\\u0430\\u043b\\u0438\\u0441\\u0442\\u0430 \\u043f\\u043e \\u043f\\u0440\\u043e\\u0435\\u043a\\u0442\\u0443\", \"object\": \"\\u0422\\u0440\\u0438\\u0433\\u0443\\u0431\\u0435\\u043d\\u043a\\u043e\\u0432\\u0430 \\u0412\\u0430\\u043b\\u0435\\u0440\\u0438\\u044f \\u041d\\u0438\\u043a\\u043e\\u043b\\u0430\\u0435\\u0432\\u043d\\u0430\"}}, {\"changed\": {\"name\": \"\\u0417\\u0430\\u0434\\u0430\\u0447\\u0430 \\u0441\\u043f\\u0435\\u0446\\u0438\\u0430\\u043b\\u0438\\u0441\\u0442\\u0430 \\u043f\\u043e \\u043f\\u0440\\u043e\\u0435\\u043a\\u0442\\u0443\", \"object\": \"Daria Sigida\", \"fields\": [\"\\u0421\\u0442\\u0430\\u0442\\u0443\\u0441\"]}}, {\"changed\": {\"name\": \"\\u0417\\u0430\\u0434\\u0430\\u0447\\u0430 \\u0441\\u043f\\u0435\\u0446\\u0438\\u0430\\u043b\\u0438\\u0441\\u0442\\u0430 \\u043f\\u043e \\u043f\\u0440\\u043e\\u0435\\u043a\\u0442\\u0443\", \"object\": \"\\u0425\\u0435\\u0442\\u0430\\u0433\", \"fields\": [\"\\u0421\\u0442\\u0430\\u0442\\u0443\\u0441\"]}}]"}}, {"model": "admin.logentry", "pk": 510, "fields": {"action_time": "2024-07-10T09:28:53.169Z", "user": ["Egor"], "content_type": ["account", "dataknowledgefree"], "object_id": "4", "object_repr": "Test topic - Test section", "action_flag": 3, "change_message": ""}}, {"model": "admin.logentry", "pk": 511, "fields": {"action_time": "2024-07-10T09:29:06.044Z", "user": ["Egor"], "content_type": ["account", "dataknowledgefree"], "object_id": "2", "object_repr": "Оценка - Инвестиции", "action_flag": 3, "change_message": ""}}, {"model": "admin.logentry", "pk": 512, "fields": {"action_time": "2024-07-10T09:34:14.898Z", "user": ["Egor"], "content_type": ["account", "file"], "object_id": "6", "object_repr": "Проведение CustDev.pdf", "action_flag": 1, "change_message": "[{\"added\": {}}]"}}, {"model": "admin.logentry", "pk": 513, "fields": {"action_time": "2024-07-10T09:34:16.498Z", "user": ["Egor"], "content_type": ["account", "dataknowledgefree"], "object_id": "5", "object_repr": "CustDev - Вебинары", "action_flag": 2, "change_message": "[{\"changed\": {\"fields\": [\"\\u0424\\u0430\\u0439\\u043b\\u044b\"]}}]"}}, {"model": "admin.logentry", "pk": 514, "fields": {"action_time": "2024-07-10T09:53:13.131Z", "user": ["Egor"], "content_type": ["account", "chapter"], "object_id": "7", "object_repr": "Сбор информации и оформление", "action_flag": 1, "change_message": "[{\"added\": {}}]"}}, {"model": "admin.logentry", "pk": 515, "fields": {"action_time": "2024-07-10T09:53:28.785Z", "user": ["Egor"], "content_type": ["account", "undersection"], "object_id": "6", "object_repr": "Как искать информацию", "action_flag": 1, "change_message": "[{\"added\": {}}]"}}, {"model": "admin.logentry", "pk": 516, "fields": {"action_time": "2024-07-10T09:53:42.257Z", "user": ["Egor"], "content_type": ["account", "file"], "object_id": "7", "object_repr": "Блок 1. Как искать информацию и делать выводы.pdf", "action_flag": 1, "change_message": "[{\"added\": {}}]"}}, {"model": "admin.logentry", "pk": 517, "fields": {"action_time": "2024-07-10T09:53:43.900Z", "user": ["Egor"], "content_type": ["account", "dataknowledgegeneral"], "object_id": "7", "object_repr": "Сбор информации и оформление - Как искать информацию", "action_flag": 1, "change_message": "[{\"added\": {}}]"}}, {"model": "admin.logentry", "pk": 518, "fields": {"action_time": "2024-07-10T09:54:16.710Z", "user": ["Egor"], "content_type": ["account", "undersection"], "object_id": "7", "object_repr": "Инструкция к визуальному оформлению", "action_flag": 1, "change_message": "[{\"added\": {}}]"}}, {"model": "admin.logentry", "pk": 519, "fields": {"action_time": "2024-07-10T09:54:30.282Z", "user": ["Egor"], "content_type": ["account", "file"], "object_id": "8", "object_repr": "Блок 1. Инструкция к визуальному оформлению маркетингового исследования.pdf", "action_flag": 1, "change_message": "[{\"added\": {}}]"}}, {"model": "admin.logentry", "pk": 520, "fields": {"action_time": "2024-07-10T09:54:31.585Z", "user": ["Egor"], "content_type": ["account", "dataknowledgegeneral"], "object_id": "8", "object_repr": "Сбор информации и оформление - Инструкция к визуальному оформлению", "action_flag": 1, "change_message": "[{\"added\": {}}]"}}, {"model": "admin.logentry", "pk": 521, "fields": {"action_time": "2024-07-10T09:55:29.966Z", "user": ["Egor"], "content_type": ["account", "file"], "object_id": "9", "object_repr": "Блок_1_Инструкция_по_поиску_информации.pdf", "action_flag": 1, "change_message": "[{\"added\": {}}]"}}, {"model": "admin.logentry", "pk": 522, "fields": {"action_time": "2024-07-10T09:55:32.756Z", "user": ["Egor"], "content_type": ["account", "dataknowledgegeneral"], "object_id": "7", "object_repr": "Сбор информации и оформление - Как искать информацию", "action_flag": 2, "change_message": "[{\"changed\": {\"fields\": [\"\\u0424\\u0430\\u0439\\u043b\\u044b\"]}}]"}}, {"model": "admin.logentry", "pk": 523, "fields": {"action_time": "2024-07-10T09:55:49.179Z", "user": ["Egor"], "content_type": ["account", "chapter"], "object_id": "8", "object_repr": "5 сил Портера", "action_flag": 1, "change_message": "[{\"added\": {}}]"}}, {"model": "admin.logentry", "pk": 524, "fields": {"action_time": "2024-07-10T09:55:55.043Z", "user": ["Egor"], "content_type": ["account", "undersection"], "object_id": "8", "object_repr": "5 сил Портера", "action_flag": 1, "change_message": "[{\"added\": {}}]"}}, {"model": "admin.logentry", "pk": 525, "fields": {"action_time": "2024-07-10T09:56:15.644Z", "user": ["Egor"], "content_type": ["account", "chapter"], "object_id": "9", "object_repr": "Пять сил Портера", "action_flag": 1, "change_message": "[{\"added\": {}}]"}}, {"model": "admin.logentry", "pk": 526, "fields": {"action_time": "2024-07-10T09:56:21.327Z", "user": ["Egor"], "content_type": ["account", "undersection"], "object_id": "9", "object_repr": "Пять сил Портера", "action_flag": 1, "change_message": "[{\"added\": {}}]"}}, {"model": "admin.logentry", "pk": 527, "fields": {"action_time": "2024-07-10T09:56:26.226Z", "user": ["Egor"], "content_type": ["account", "file"], "object_id": "10", "object_repr": "Блок_3_Пять сил Портера.pdf", "action_flag": 1, "change_message": "[{\"added\": {}}]"}}, {"model": "admin.logentry", "pk": 528, "fields": {"action_time": "2024-07-10T09:56:27.541Z", "user": ["Egor"], "content_type": ["account", "dataknowledgegeneral"], "object_id": "9", "object_repr": "Пять сил Портера - Пять сил Портера", "action_flag": 1, "change_message": "[{\"added\": {}}]"}}, {"model": "admin.logentry", "pk": 529, "fields": {"action_time": "2024-07-11T07:51:28.213Z", "user": ["Egor"], "content_type": ["account", "project"], "object_id": "16", "object_repr": "Hestor.Pro", "action_flag": 3, "change_message": ""}}, {"model": "admin.logentry", "pk": 530, "fields": {"action_time": "2024-07-11T07:52:08.808Z", "user": ["Egor"], "content_type": ["account", "project"], "object_id": "8", "object_repr": "Операционные задачи", "action_flag": 2, "change_message": "[{\"added\": {\"name\": \"\\u0417\\u0430\\u0434\\u0430\\u0447\\u0430 \\u0441\\u043f\\u0435\\u0446\\u0438\\u0430\\u043b\\u0438\\u0441\\u0442\\u0430 \\u043f\\u043e \\u043f\\u0440\\u043e\\u0435\\u043a\\u0442\\u0443\", \"object\": \"Daria Sigida\"}}, {\"added\": {\"name\": \"\\u0417\\u0430\\u0434\\u0430\\u0447\\u0430 \\u0441\\u043f\\u0435\\u0446\\u0438\\u0430\\u043b\\u0438\\u0441\\u0442\\u0430 \\u043f\\u043e \\u043f\\u0440\\u043e\\u0435\\u043a\\u0442\\u0443\", \"object\": \"Leo Kriukov\"}}]"}}, {"model": "admin.logentry", "pk": 531, "fields": {"action_time": "2024-07-11T08:01:49.113Z", "user": ["Egor"], "content_type": ["account", "project"], "object_id": "24", "object_repr": "Gestor.Pro", "action_flag": 1, "change_message": "[{\"added\": {}}, {\"added\": {\"name\": \"\\u0417\\u0430\\u0434\\u0430\\u0447\\u0430 \\u0441\\u043f\\u0435\\u0446\\u0438\\u0430\\u043b\\u0438\\u0441\\u0442\\u0430 \\u043f\\u043e \\u043f\\u0440\\u043e\\u0435\\u043a\\u0442\\u0443\", \"object\": \"Daria Sigida\"}}, {\"added\": {\"name\": \"\\u0417\\u0430\\u0434\\u0430\\u0447\\u0430 \\u0441\\u043f\\u0435\\u0446\\u0438\\u0430\\u043b\\u0438\\u0441\\u0442\\u0430 \\u043f\\u043e \\u043f\\u0440\\u043e\\u0435\\u043a\\u0442\\u0443\", \"object\": \"Daria Sigida\"}}, {\"added\": {\"name\": \"\\u0417\\u0430\\u0434\\u0430\\u0447\\u0430 \\u0441\\u043f\\u0435\\u0446\\u0438\\u0430\\u043b\\u0438\\u0441\\u0442\\u0430 \\u043f\\u043e \\u043f\\u0440\\u043e\\u0435\\u043a\\u0442\\u0443\", \"object\": \"Daria Sigida\"}}, {\"added\": {\"name\": \"\\u0417\\u0430\\u0434\\u0430\\u0447\\u0430 \\u0441\\u043f\\u0435\\u0446\\u0438\\u0430\\u043b\\u0438\\u0441\\u0442\\u0430 \\u043f\\u043e \\u043f\\u0440\\u043e\\u0435\\u043a\\u0442\\u0443\", \"object\": \"Daria Sigida\"}}]"}}, {"model": "admin.logentry", "pk": 532, "fields": {"action_time": "2024-07-11T08:03:51.912Z", "user": ["Egor"], "content_type": ["account", "project"], "object_id": "21", "object_repr": "ВНЖ_дети", "action_flag": 2, "change_message": "[{\"added\": {\"name\": \"\\u0417\\u0430\\u0434\\u0430\\u0447\\u0430 \\u0441\\u043f\\u0435\\u0446\\u0438\\u0430\\u043b\\u0438\\u0441\\u0442\\u0430 \\u043f\\u043e \\u043f\\u0440\\u043e\\u0435\\u043a\\u0442\\u0443\", \"object\": \"Daria Sigida\"}}]"}}, {"model": "admin.logentry", "pk": 533, "fields": {"action_time": "2024-07-11T16:01:39.794Z", "user": ["Egor"], "content_type": ["account", "project"], "object_id": "25", "object_repr": "Антон импланты", "action_flag": 1, "change_message": "[{\"added\": {}}]"}}, {"model": "admin.logentry", "pk": 534, "fields": {"action_time": "2024-07-11T16:02:14.734Z", "user": ["Egor"], "content_type": ["account", "project"], "object_id": "25", "object_repr": "Антон импланты", "action_flag": 2, "change_message": "[{\"added\": {\"name\": \"\\u0417\\u0430\\u0434\\u0430\\u0447\\u0430 \\u0441\\u043f\\u0435\\u0446\\u0438\\u0430\\u043b\\u0438\\u0441\\u0442\\u0430 \\u043f\\u043e \\u043f\\u0440\\u043e\\u0435\\u043a\\u0442\\u0443\", \"object\": \"Daria Sigida\"}}]"}}, {"model": "admin.logentry", "pk": 535, "fields": {"action_time": "2024-07-12T08:50:21.174Z", "user": ["Egor"], "content_type": ["account", "project"], "object_id": "7", "object_repr": "я - зарядка", "action_flag": 2, "change_message": "[{\"changed\": {\"name\": \"\\u0417\\u0430\\u0434\\u0430\\u0447\\u0430 \\u0441\\u043f\\u0435\\u0446\\u0438\\u0430\\u043b\\u0438\\u0441\\u0442\\u0430 \\u043f\\u043e \\u043f\\u0440\\u043e\\u0435\\u043a\\u0442\\u0443\", \"object\": \"Stepanova Alexandra Alexeevna\", \"fields\": [\"\\u0421\\u0442\\u0430\\u0442\\u0443\\u0441\"]}}]"}}, {"model": "admin.logentry", "pk": 536, "fields": {"action_time": "2024-07-12T08:51:28.002Z", "user": ["Egor"], "content_type": ["account", "project"], "object_id": "9", "object_repr": "Pet проект", "action_flag": 2, "change_message": "[{\"changed\": {\"name\": \"\\u0417\\u0430\\u0434\\u0430\\u0447\\u0430 \\u0441\\u043f\\u0435\\u0446\\u0438\\u0430\\u043b\\u0438\\u0441\\u0442\\u0430 \\u043f\\u043e \\u043f\\u0440\\u043e\\u0435\\u043a\\u0442\\u0443\", \"object\": \"Daria Sigida\", \"fields\": [\"\\u0421\\u0442\\u0430\\u0442\\u0443\\u0441\"]}}]"}}, {"model": "admin.logentry", "pk": 537, "fields": {"action_time": "2024-07-17T08:51:27.564Z", "user": ["Egor"], "content_type": ["account", "project"], "object_id": "17", "object_repr": "Дальнобойщики (Белявский)", "action_flag": 2, "change_message": "[{\"added\": {\"name\": \"\\u0417\\u0430\\u0434\\u0430\\u0447\\u0430 \\u0441\\u043f\\u0435\\u0446\\u0438\\u0430\\u043b\\u0438\\u0441\\u0442\\u0430 \\u043f\\u043e \\u043f\\u0440\\u043e\\u0435\\u043a\\u0442\\u0443\", \"object\": \"\\u0428\\u0438\\u0445\\u0430\\u043c\\u0430\\u0442\\u043e\\u0432 \\u0414\\u0436\\u0430\\u0431\\u0440\\u0430\\u0438\\u043b \\u042d\\u043b\\u044c\\u0434\\u0430\\u0440\\u043e\\u0432\\u0438\\u0447\"}}]"}}, {"model": "admin.logentry", "pk": 538, "fields": {"action_time": "2024-07-17T16:54:01.235Z", "user": ["Milto"], "content_type": ["account", "project"], "object_id": "22", "object_repr": "ADM-004 ЗСпП", "action_flag": 2, "change_message": "[{\"changed\": {\"fields\": [\"\\u0421\\u043f\\u0435\\u0446\\u0438\\u0430\\u043b\\u0438\\u0441\\u0442\\u044b\"]}}]"}}, {"model": "admin.logentry", "pk": 539, "fields": {"action_time": "2024-07-20T19:17:10.059Z", "user": ["Egor"], "content_type": ["account", "project"], "object_id": "22", "object_repr": "ADM-004 ЗСпП", "action_flag": 2, "change_message": "[{\"changed\": {\"name\": \"\\u0417\\u0430\\u0434\\u0430\\u0447\\u0430 \\u0441\\u043f\\u0435\\u0446\\u0438\\u0430\\u043b\\u0438\\u0441\\u0442\\u0430 \\u043f\\u043e \\u043f\\u0440\\u043e\\u0435\\u043a\\u0442\\u0443\", \"object\": \"\\u0421\\u0435\\u0440 \\u0412\\u0430\\u0441\", \"fields\": [\"\\u041e\\u043f\\u0438\\u0441\\u0430\\u043d\\u0438\\u0435\"]}}]"}}, {"model": "admin.logentry", "pk": 540, "fields": {"action_time": "2024-07-20T19:23:18.351Z", "user": ["Egor"], "content_type": ["account", "project"], "object_id": "22", "object_repr": "ADM-004 ЗСпП", "action_flag": 2, "change_message": "[]"}}]
